-- phpMyAdmin SQL Dump
-- version 4.5.1
-- http://www.phpmyadmin.net
--
-- Host: 127.0.0.1
-- Generation Time: Sep 09, 2017 at 07:11 AM
-- Server version: 10.1.19-MariaDB
-- PHP Version: 7.0.13

SET SQL_MODE = "NO_AUTO_VALUE_ON_ZERO";
SET time_zone = "+00:00";


/*!40101 SET @OLD_CHARACTER_SET_CLIENT=@@CHARACTER_SET_CLIENT */;
/*!40101 SET @OLD_CHARACTER_SET_RESULTS=@@CHARACTER_SET_RESULTS */;
/*!40101 SET @OLD_COLLATION_CONNECTION=@@COLLATION_CONNECTION */;
/*!40101 SET NAMES utf8mb4 */;

--
-- Database: `unitedtrustmis`
--

-- --------------------------------------------------------

--
-- Table structure for table `migrations`
--

CREATE TABLE `migrations` (
  `id` int(10) UNSIGNED NOT NULL,
  `migration` varchar(191) COLLATE utf8mb4_unicode_ci NOT NULL,
  `batch` int(11) NOT NULL
) ENGINE=InnoDB DEFAULT CHARSET=utf8mb4 COLLATE=utf8mb4_unicode_ci;

--
-- Dumping data for table `migrations`
--

INSERT INTO `migrations` (`id`, `migration`, `batch`) VALUES
(1, '2014_10_12_000000_create_users_table', 1),
(2, '2014_10_12_100000_create_password_resets_table', 1);

-- --------------------------------------------------------

--
-- Table structure for table `password_resets`
--

CREATE TABLE `password_resets` (
  `email` varchar(191) COLLATE utf8mb4_unicode_ci NOT NULL,
  `token` varchar(191) COLLATE utf8mb4_unicode_ci NOT NULL,
  `created_at` timestamp NULL DEFAULT NULL
) ENGINE=InnoDB DEFAULT CHARSET=utf8mb4 COLLATE=utf8mb4_unicode_ci;

-- --------------------------------------------------------

--
-- Table structure for table `ut_allocations`
--

CREATE TABLE `ut_allocations` (
  `allocation_row_id` int(11) NOT NULL,
  `area_row_id` int(11) NOT NULL,
  `head_row_id` int(11) NOT NULL,
  `source_area_row_id` int(11) NOT NULL DEFAULT '0' COMMENT 'source area info for adjustment',
  `source_head_row_id` int(11) NOT NULL DEFAULT '0' COMMENT 'source head info for adjustment',
  `is_adjustment` tinyint(1) NOT NULL DEFAULT '0' COMMENT 'check adjustment or allocation',
  `amount` decimal(14,2) NOT NULL,
  `remarks` text NOT NULL,
  `budget_year` year(4) NOT NULL DEFAULT '2017',
  `allocation_at` date DEFAULT NULL,
  `created_by` int(11) NOT NULL,
  `updated_by` int(11) NOT NULL,
  `created_at` datetime NOT NULL DEFAULT CURRENT_TIMESTAMP ON UPDATE CURRENT_TIMESTAMP,
  `updated_at` datetime NOT NULL DEFAULT CURRENT_TIMESTAMP ON UPDATE CURRENT_TIMESTAMP
) ENGINE=InnoDB DEFAULT CHARSET=latin1 ROW_FORMAT=DYNAMIC;

--
-- Dumping data for table `ut_allocations`
--

INSERT INTO `ut_allocations` (`allocation_row_id`, `area_row_id`, `head_row_id`, `source_area_row_id`, `source_head_row_id`, `is_adjustment`, `amount`, `remarks`, `budget_year`, `allocation_at`, `created_by`, `updated_by`, `created_at`, `updated_at`) VALUES
(1, 1, 9, 0, 0, 0, '1000000.00', '', 2017, '2017-05-16', 3, 3, '2017-05-16 02:23:59', '2017-05-16 02:23:59'),
(2, 1, 10, 0, 0, 0, '700000.00', '', 2017, '2017-05-16', 3, 3, '2017-05-16 02:24:42', '2017-05-16 02:24:42'),
(3, 1, 11, 0, 0, 0, '1200000.00', '', 2017, '2017-05-16', 3, 3, '2017-05-23 13:12:16', '2017-05-23 07:12:16'),
(4, 1, 15, 0, 0, 0, '2500000.00', '', 2017, '2017-05-16', 3, 3, '2017-05-16 02:27:53', '2017-05-16 09:27:53'),
(5, 1, 16, 0, 0, 0, '1200000.00', '', 2017, '2017-05-16', 3, 3, '2017-05-16 02:28:26', '2017-05-16 02:28:26'),
(6, 1, 17, 0, 0, 0, '200000.00', '', 2017, '2017-05-16', 3, 3, '2017-05-16 02:29:07', '2017-05-16 02:29:07'),
(7, 1, 18, 0, 0, 0, '800000.00', '', 2017, '2017-05-16', 3, 3, '2017-05-16 02:35:18', '2017-05-16 02:35:18'),
(8, 1, 19, 0, 0, 0, '300000.00', '', 2017, '2017-05-16', 3, 3, '2017-05-16 02:35:53', '2017-05-16 02:35:53'),
(9, 1, 20, 0, 0, 0, '400000.00', '', 2017, '2017-05-16', 3, 3, '2017-05-16 02:36:38', '2017-05-16 02:36:38'),
(10, 1, 21, 0, 0, 0, '700000.00', '', 2017, '2017-05-16', 3, 3, '2017-05-16 02:37:14', '2017-05-16 02:37:14'),
(11, 1, 22, 0, 0, 0, '600000.00', '', 2017, '2017-05-16', 3, 3, '2017-05-16 02:37:55', '2017-05-16 02:37:55'),
(12, 1, 23, 0, 0, 0, '100000.00', '', 2017, '2017-05-16', 3, 3, '2017-05-16 02:38:25', '2017-05-16 02:38:25'),
(13, 1, 24, 0, 0, 0, '2500000.00', '', 2017, '2017-05-16', 3, 3, '2017-05-16 02:56:51', '2017-05-16 02:56:51'),
(14, 1, 25, 0, 0, 0, '400000.00', '', 2017, '2017-05-16', 3, 3, '2017-05-16 02:57:31', '2017-05-16 02:57:31'),
(15, 1, 26, 0, 0, 0, '100000.00', '', 2017, '2017-05-16', 3, 3, '2017-05-16 02:58:10', '2017-05-16 02:58:10'),
(16, 1, 27, 0, 0, 0, '1700000.00', 'include  Momenabad', 2017, '2017-05-16', 3, 3, '2017-05-16 02:59:50', '2017-05-16 02:59:50'),
(17, 1, 28, 0, 0, 0, '40000000.00', '', 2017, '2017-05-16', 3, 3, '2017-05-16 03:00:39', '2017-05-16 03:00:39'),
(18, 1, 29, 0, 0, 0, '1200000.00', '', 2017, '2017-05-16', 3, 3, '2017-05-16 03:01:09', '2017-05-16 03:01:09'),
(19, 1, 30, 0, 0, 0, '500000.00', '', 2017, '2017-05-16', 3, 3, '2017-05-23 13:13:33', '2017-05-23 07:13:33'),
(20, 1, 31, 0, 0, 0, '11000000.00', '', 2017, '2017-05-17', 3, 3, '2017-05-17 10:37:25', '2017-05-17 10:37:25'),
(21, 1, 32, 0, 0, 0, '1500000.00', '', 2017, '2017-05-17', 3, 3, '2017-05-17 10:37:54', '2017-05-17 10:37:54'),
(22, 1, 33, 0, 0, 0, '300000.00', '', 2017, '2017-05-17', 3, 3, '2017-05-17 10:38:28', '2017-05-17 10:38:28'),
(23, 1, 34, 0, 0, 0, '200000.00', '', 2017, '2017-05-17', 3, 3, '2017-05-17 10:39:09', '2017-05-17 10:39:09'),
(24, 1, 35, 0, 0, 0, '25000000.00', '', 2017, '2017-05-17', 3, 3, '2017-05-17 13:14:51', '2017-05-17 13:14:51'),
(25, 1, 36, 0, 0, 0, '1200000.00', '', 2017, '2017-05-17', 3, 3, '2017-05-17 13:15:20', '2017-05-17 13:15:20'),
(26, 1, 37, 0, 0, 0, '800000.00', '', 2017, '2017-05-17', 3, 3, '2017-05-17 13:15:50', '2017-05-17 13:15:50'),
(27, 1, 38, 0, 0, 0, '300000.00', '', 2017, '2017-05-17', 3, 3, '2017-05-17 13:17:08', '2017-05-17 13:17:08'),
(28, 1, 39, 0, 0, 0, '1000000.00', '', 2017, '2017-05-17', 3, 3, '2017-05-17 13:17:50', '2017-05-17 13:17:50'),
(29, 1, 40, 0, 0, 0, '300000.00', '', 2017, '2017-05-17', 3, 3, '2017-05-17 13:18:19', '2017-05-17 13:18:19'),
(30, 1, 68, 0, 0, 0, '3000000.00', '', 2017, '2017-05-17', 3, 3, '2017-05-17 13:19:20', '2017-05-17 13:19:20'),
(31, 1, 69, 0, 0, 0, '500000.00', '', 2017, '2017-05-17', 3, 3, '2017-05-17 13:19:45', '2017-05-17 13:19:45'),
(32, 1, 70, 0, 0, 0, '2500000.00', '', 2017, '2017-05-17', 3, 3, '2017-05-17 13:20:22', '2017-05-17 13:20:22'),
(33, 1, 71, 0, 0, 0, '600000.00', '', 2017, '2017-05-17', 3, 3, '2017-05-17 13:21:02', '2017-05-17 13:21:02'),
(34, 1, 63, 0, 0, 0, '60000000.00', '', 2017, '2017-05-17', 3, 3, '2017-05-17 13:22:09', '2017-05-17 13:22:09'),
(35, 1, 64, 0, 0, 0, '3000000.00', '', 2017, '2017-05-17', 3, 3, '2017-05-17 13:22:43', '2017-05-17 13:22:43'),
(36, 1, 65, 0, 0, 0, '2000000.00', '', 2017, '2017-05-17', 3, 3, '2017-05-17 13:23:13', '2017-05-17 13:23:13'),
(37, 1, 61, 0, 0, 0, '1500000.00', '', 2017, '2017-05-17', 3, 3, '2017-05-17 13:23:53', '2017-05-17 13:23:53'),
(38, 1, 62, 0, 0, 0, '600000.00', '', 2017, '2017-05-17', 3, 3, '2017-05-17 13:24:20', '2017-05-17 13:24:20'),
(39, 1, 57, 0, 0, 0, '3000000.00', '', 2017, '2017-05-17', 3, 3, '2017-05-17 13:25:32', '2017-05-17 13:25:32'),
(40, 1, 58, 0, 0, 0, '2500000.00', '', 2017, '2017-05-17', 3, 3, '2017-05-17 13:26:03', '2017-05-17 13:26:03'),
(41, 1, 59, 0, 0, 0, '50000.00', '', 2017, '2017-05-17', 3, 3, '2017-05-17 13:26:40', '2017-05-17 13:26:40'),
(42, 1, 60, 0, 0, 0, '2500000.00', '', 2017, '2017-05-17', 3, 3, '2017-05-17 13:27:12', '2017-05-17 13:27:12'),
(43, 1, 52, 0, 0, 0, '600000.00', '', 2017, '2017-05-17', 3, 3, '2017-05-17 13:27:57', '2017-05-17 13:27:57'),
(44, 1, 41, 0, 0, 0, '100000.00', '', 2017, '2017-05-17', 3, 3, '2017-05-17 13:35:57', '2017-05-17 13:35:57'),
(45, 1, 42, 0, 0, 0, '200000.00', '', 2017, '2017-05-17', 3, 3, '2017-05-17 13:36:15', '2017-05-17 13:36:15'),
(46, 1, 45, 0, 0, 0, '500000.00', '', 2017, '2017-05-17', 3, 3, '2017-05-17 13:36:54', '2017-05-17 13:36:54'),
(47, 2, 9, 0, 0, 0, '300000.00', '', 2017, '2017-05-17', 3, 3, '2017-05-17 13:38:11', '2017-05-17 13:38:11'),
(48, 2, 10, 0, 0, 0, '300000.00', '', 2017, '2017-05-17', 3, 3, '2017-05-17 16:25:27', '2017-05-17 16:25:27'),
(49, 2, 11, 0, 0, 0, '300000.00', '', 2017, '2017-05-17', 3, 3, '2017-05-17 16:25:44', '2017-05-17 16:25:44'),
(50, 2, 15, 0, 0, 0, '3500000.00', '', 2017, '2017-05-18', 3, 3, '2017-05-18 11:20:51', '2017-05-18 11:20:51'),
(51, 2, 16, 0, 0, 0, '150000.00', '', 2017, '2017-05-18', 3, 3, '2017-05-18 11:21:15', '2017-05-18 11:21:15'),
(52, 2, 17, 0, 0, 0, '300000.00', '', 2017, '2017-05-18', 3, 3, '2017-05-18 11:21:39', '2017-05-18 11:21:39'),
(53, 2, 18, 0, 0, 0, '300000.00', '', 2017, '2017-05-18', 3, 3, '2017-05-18 11:22:26', '2017-05-18 11:22:26'),
(54, 2, 19, 0, 0, 0, '100000.00', '', 2017, '2017-05-18', 3, 3, '2017-05-18 11:22:53', '2017-05-18 11:22:53'),
(55, 2, 21, 0, 0, 0, '300000.00', '', 2017, '2017-05-18', 3, 3, '2017-05-18 11:23:24', '2017-05-18 11:23:24'),
(56, 2, 22, 0, 0, 0, '300000.00', '', 2017, '2017-05-18', 3, 3, '2017-05-18 11:23:52', '2017-05-18 11:23:52'),
(57, 2, 23, 0, 0, 0, '100000.00', '', 2017, '2017-05-18', 3, 3, '2017-05-18 11:24:23', '2017-05-18 11:24:23'),
(58, 2, 27, 0, 0, 0, '650000.00', '', 2017, '2017-05-18', 3, 3, '2017-05-18 11:24:53', '2017-05-18 11:24:53'),
(59, 2, 28, 0, 0, 0, '23500000.00', '', 2017, '2017-05-18', 3, 3, '2017-05-18 11:25:24', '2017-05-18 11:25:24'),
(60, 2, 29, 0, 0, 0, '100000.00', '', 2017, '2017-05-18', 3, 3, '2017-05-18 11:26:04', '2017-05-18 11:26:04'),
(61, 2, 30, 0, 0, 0, '200000.00', '', 2017, '2017-05-18', 3, 3, '2017-05-23 13:22:57', '2017-05-23 07:22:57'),
(62, 2, 31, 0, 0, 0, '3200000.00', '', 2017, '2017-05-18', 3, 3, '2017-05-18 11:27:09', '2017-05-18 11:27:09'),
(63, 2, 32, 0, 0, 0, '300000.00', '', 2017, '2017-05-18', 3, 3, '2017-05-18 11:27:41', '2017-05-18 11:27:41'),
(64, 2, 33, 0, 0, 0, '400000.00', '', 2017, '2017-05-18', 3, 3, '2017-05-18 11:28:12', '2017-05-18 11:28:12'),
(65, 2, 34, 0, 0, 0, '100000.00', '', 2017, '2017-05-18', 3, 3, '2017-05-18 11:28:40', '2017-05-18 11:28:40'),
(66, 2, 35, 0, 0, 0, '2500000.00', '', 2017, '2017-05-18', 3, 3, '2017-05-18 11:29:14', '2017-05-18 11:29:14'),
(67, 2, 36, 0, 0, 0, '500000.00', '', 2017, '2017-05-18', 3, 3, '2017-05-18 11:29:44', '2017-05-18 11:29:44'),
(68, 2, 37, 0, 0, 0, '200000.00', '', 2017, '2017-05-18', 3, 3, '2017-05-18 11:30:14', '2017-05-18 11:30:14'),
(69, 2, 38, 0, 0, 0, '100000.00', '', 2017, '2017-05-18', 3, 3, '2017-05-18 11:30:39', '2017-05-18 11:30:39'),
(70, 2, 39, 0, 0, 0, '500000.00', '', 2017, '2017-05-18', 3, 3, '2017-05-18 11:31:07', '2017-05-18 11:31:07'),
(71, 2, 40, 0, 0, 0, '100000.00', '', 2017, '2017-05-18', 3, 3, '2017-05-18 11:31:37', '2017-05-18 11:31:37'),
(72, 2, 72, 0, 0, 0, '3000000.00', '', 2017, '2017-05-18', 3, 3, '2017-05-18 11:40:22', '2017-05-18 11:40:22'),
(73, 2, 70, 0, 0, 0, '6500000.00', '', 2017, '2017-05-18', 3, 3, '2017-05-18 11:40:57', '2017-05-18 11:40:57'),
(74, 2, 69, 0, 0, 0, '250000.00', '', 2017, '2017-05-18', 3, 3, '2017-05-18 11:41:40', '2017-05-18 11:41:40'),
(75, 2, 71, 0, 0, 0, '600000.00', '', 2017, '2017-05-18', 3, 3, '2017-05-18 11:42:18', '2017-05-18 11:42:18'),
(76, 2, 73, 0, 0, 0, '600000.00', '', 2017, '2017-05-18', 3, 3, '2017-05-18 11:42:54', '2017-05-18 11:42:54'),
(77, 2, 57, 0, 0, 0, '700000.00', '', 2017, '2017-05-18', 3, 3, '2017-05-18 11:43:39', '2017-05-18 11:43:39'),
(78, 2, 58, 0, 0, 0, '2600000.00', '', 2017, '2017-05-18', 3, 3, '2017-05-18 11:44:17', '2017-05-18 11:44:17'),
(79, 2, 59, 0, 0, 0, '50000.00', '', 2017, '2017-05-18', 3, 3, '2017-05-18 11:45:32', '2017-05-18 11:45:32'),
(80, 2, 53, 0, 0, 0, '9500000.00', '', 2017, '2017-05-18', 3, 3, '2017-05-18 11:49:00', '2017-05-18 11:49:00'),
(81, 2, 54, 0, 0, 0, '8000000.00', '', 2017, '2017-05-18', 3, 3, '2017-05-18 11:49:43', '2017-05-18 11:49:43'),
(82, 2, 42, 0, 0, 0, '300000.00', '', 2017, '2017-05-18', 3, 3, '2017-05-18 11:50:23', '2017-05-18 11:50:23'),
(83, 2, 43, 0, 0, 0, '100000.00', '', 2017, '2017-05-18', 3, 3, '2017-05-18 11:50:51', '2017-05-18 11:50:51'),
(84, 2, 45, 0, 0, 0, '300000.00', '', 2017, '2017-05-18', 3, 3, '2017-05-18 11:51:20', '2017-05-18 11:51:20'),
(85, 2, 46, 0, 0, 0, '200000.00', '', 2017, '2017-05-18', 3, 3, '2017-05-18 11:51:49', '2017-05-18 11:51:49'),
(86, 3, 9, 0, 0, 0, '400000.00', '', 2017, '2017-05-18', 3, 3, '2017-05-18 12:06:01', '2017-05-18 12:06:01'),
(87, 3, 10, 0, 0, 0, '200000.00', '', 2017, '2017-05-18', 3, 3, '2017-05-18 12:06:21', '2017-05-18 12:06:21'),
(88, 3, 11, 0, 0, 0, '300000.00', '', 2017, '2017-05-18', 3, 3, '2017-05-18 12:06:46', '2017-05-18 12:06:46'),
(89, 3, 31, 0, 0, 0, '6000000.00', '', 2017, '2017-05-18', 3, 3, '2017-05-18 12:07:40', '2017-05-18 12:07:40'),
(90, 3, 32, 0, 0, 0, '600000.00', '', 2017, '2017-05-18', 3, 3, '2017-05-18 12:08:06', '2017-05-18 12:08:06'),
(91, 3, 33, 0, 0, 0, '400000.00', '', 2017, '2017-05-18', 3, 3, '2017-05-18 12:08:33', '2017-05-18 12:08:33'),
(93, 3, 35, 0, 0, 0, '5000000.00', '', 2017, '2017-05-18', 3, 3, '2017-05-18 12:12:50', '2017-05-18 12:12:50'),
(94, 3, 36, 0, 0, 0, '200000.00', '', 2017, '2017-05-18', 3, 3, '2017-05-18 12:13:48', '2017-05-18 12:13:48'),
(95, 3, 37, 0, 0, 0, '100000.00', '', 2017, '2017-05-18', 3, 3, '2017-05-18 12:14:21', '2017-05-18 12:14:21'),
(96, 3, 38, 0, 0, 0, '50000.00', '', 2017, '2017-05-18', 3, 3, '2017-05-18 12:14:55', '2017-05-18 12:14:55'),
(97, 3, 39, 0, 0, 0, '250000.00', '', 2017, '2017-05-18', 3, 3, '2017-05-18 12:15:51', '2017-05-18 12:15:51'),
(98, 3, 40, 0, 0, 0, '100000.00', '', 2017, '2017-05-18', 3, 3, '2017-05-18 12:16:17', '2017-05-18 12:16:17'),
(99, 3, 65, 0, 0, 0, '500000.00', '', 2017, '2017-05-18', 3, 3, '2017-05-18 12:36:44', '2017-05-18 12:36:44'),
(100, 3, 67, 0, 0, 0, '500000.00', '', 2017, '2017-05-18', 3, 3, '2017-05-18 12:37:14', '2017-05-18 12:37:14'),
(101, 3, 58, 0, 0, 0, '300000.00', '', 2017, '2017-05-18', 3, 3, '2017-05-18 12:37:51', '2017-05-18 12:37:51'),
(102, 3, 59, 0, 0, 0, '50000.00', '', 2017, '2017-05-18', 3, 3, '2017-05-18 12:38:17', '2017-05-18 12:38:17'),
(103, 3, 43, 0, 0, 0, '300000.00', '', 2017, '2017-05-18', 3, 3, '2017-05-18 12:38:45', '2017-05-18 12:38:45'),
(104, 3, 45, 0, 0, 0, '200000.00', '', 2017, '2017-05-18', 3, 3, '2017-05-18 12:39:16', '2017-05-18 12:39:16'),
(105, 3, 46, 0, 0, 0, '200000.00', '', 2017, '2017-05-18', 3, 3, '2017-05-18 12:39:43', '2017-05-18 12:39:43'),
(106, 4, 9, 0, 0, 0, '300000.00', '', 2017, '2017-05-18', 3, 3, '2017-05-18 12:42:39', '2017-05-18 12:42:39'),
(107, 4, 10, 0, 0, 0, '200000.00', '', 2017, '2017-05-18', 3, 3, '2017-05-18 12:43:04', '2017-05-18 12:43:04'),
(108, 4, 11, 0, 0, 0, '200000.00', '', 2017, '2017-05-18', 3, 3, '2017-05-18 12:43:23', '2017-05-18 12:43:23'),
(109, 4, 15, 0, 0, 0, '2300000.00', '', 2017, '2017-05-18', 3, 3, '2017-05-18 13:05:22', '2017-05-18 13:05:22'),
(110, 4, 16, 0, 0, 0, '200000.00', '', 2017, '2017-05-18', 3, 3, '2017-05-18 13:05:46', '2017-05-18 13:05:46'),
(111, 4, 17, 0, 0, 0, '300000.00', '', 2017, '2017-05-18', 3, 3, '2017-05-18 13:06:12', '2017-05-18 13:06:12'),
(112, 4, 18, 0, 0, 0, '300000.00', '', 2017, '2017-05-18', 3, 3, '2017-05-18 13:06:39', '2017-05-18 13:06:39'),
(113, 4, 19, 0, 0, 0, '100000.00', '', 2017, '2017-05-18', 3, 3, '2017-05-18 13:06:56', '2017-05-18 13:06:56'),
(115, 4, 21, 0, 0, 0, '200000.00', '', 2017, '2017-05-18', 3, 3, '2017-05-18 13:08:08', '2017-05-18 13:08:08'),
(116, 4, 22, 0, 0, 0, '100000.00', '', 2017, '2017-05-18', 3, 3, '2017-05-18 13:08:47', '2017-05-18 13:08:47'),
(117, 4, 23, 0, 0, 0, '100000.00', '', 2017, '2017-05-18', 3, 3, '2017-05-18 13:09:14', '2017-05-18 13:09:14'),
(118, 4, 27, 0, 0, 0, '500000.00', '', 2017, '2017-05-18', 3, 3, '2017-05-18 13:09:42', '2017-05-18 13:09:42'),
(119, 4, 28, 0, 0, 0, '2500000.00', '', 2017, '2017-05-18', 3, 3, '2017-05-18 13:10:11', '2017-05-18 13:10:11'),
(120, 4, 29, 0, 0, 0, '100000.00', '', 2017, '2017-05-18', 3, 3, '2017-05-18 13:10:47', '2017-05-18 13:10:47'),
(121, 4, 30, 0, 0, 0, '300000.00', '', 2017, '2017-05-18', 3, 3, '2017-05-23 13:30:00', '2017-05-23 07:30:00'),
(122, 4, 31, 0, 0, 0, '1800000.00', '', 2017, '2017-05-18', 3, 3, '2017-05-18 13:11:43', '2017-05-18 13:11:43'),
(123, 4, 32, 0, 0, 0, '200000.00', '', 2017, '2017-05-18', 3, 3, '2017-05-18 13:12:10', '2017-05-18 13:12:10'),
(124, 4, 33, 0, 0, 0, '100000.00', '', 2017, '2017-05-18', 3, 3, '2017-05-18 13:12:58', '2017-05-18 13:12:58'),
(125, 4, 34, 0, 0, 0, '100000.00', '', 2017, '2017-05-18', 3, 3, '2017-05-18 13:13:23', '2017-05-18 13:13:23'),
(126, 4, 35, 0, 0, 0, '1500000.00', '', 2017, '2017-05-18', 3, 3, '2017-05-18 13:13:55', '2017-05-18 13:13:55'),
(127, 4, 36, 0, 0, 0, '200000.00', '', 2017, '2017-05-18', 3, 3, '2017-05-18 13:14:22', '2017-05-18 13:14:22'),
(128, 4, 37, 0, 0, 0, '200000.00', '', 2017, '2017-05-18', 3, 3, '2017-05-18 13:14:46', '2017-05-18 13:14:46'),
(129, 4, 38, 0, 0, 0, '100000.00', '', 2017, '2017-05-18', 3, 3, '2017-05-18 13:15:08', '2017-05-18 13:15:08'),
(130, 4, 39, 0, 0, 0, '300000.00', '', 2017, '2017-05-18', 3, 3, '2017-05-18 13:15:31', '2017-05-18 13:15:31'),
(131, 4, 40, 0, 0, 0, '100000.00', '', 2017, '2017-05-18', 3, 3, '2017-05-18 13:15:59', '2017-05-18 13:15:59'),
(132, 4, 70, 0, 0, 0, '3000000.00', '', 2017, '2017-05-18', 3, 3, '2017-06-05 11:30:32', '2017-06-05 05:30:32'),
(133, 4, 69, 0, 0, 0, '250000.00', '', 2017, '2017-05-18', 3, 3, '2017-05-18 13:23:38', '2017-05-18 13:23:38'),
(134, 4, 71, 0, 0, 0, '300000.00', '', 2017, '2017-05-18', 3, 3, '2017-05-18 13:24:13', '2017-05-18 13:24:13'),
(135, 4, 58, 0, 0, 0, '2050000.00', '', 2017, '2017-05-18', 3, 3, '2017-05-18 13:24:58', '2017-05-18 13:24:58'),
(136, 4, 59, 0, 0, 0, '50000.00', '', 2017, '2017-05-18', 3, 3, '2017-05-18 13:25:25', '2017-05-18 13:25:25'),
(137, 4, 55, 0, 0, 0, '1000000.00', '', 2017, '2017-05-18', 3, 3, '2017-05-18 13:25:58', '2017-05-18 13:25:58'),
(138, 4, 41, 0, 0, 0, '100000.00', '', 2017, '2017-05-18', 3, 3, '2017-05-18 13:26:23', '2017-05-18 13:26:23'),
(139, 4, 42, 0, 0, 0, '100000.00', '', 2017, '2017-05-18', 3, 3, '2017-05-18 13:27:33', '2017-05-18 13:27:33'),
(140, 4, 43, 0, 0, 0, '100000.00', '', 2017, '2017-05-18', 3, 3, '2017-05-18 13:27:57', '2017-05-18 13:27:57'),
(141, 4, 45, 0, 0, 0, '200000.00', '', 2017, '2017-05-18', 3, 3, '2017-05-18 13:28:28', '2017-05-18 13:28:28'),
(142, 4, 46, 0, 0, 0, '300000.00', '', 2017, '2017-05-18', 3, 3, '2017-05-18 13:28:47', '2017-05-18 13:28:47'),
(143, 5, 16, 0, 0, 0, '200000.00', '', 2017, '2017-05-18', 3, 3, '2017-05-18 13:31:23', '2017-05-18 13:31:23'),
(144, 5, 17, 0, 0, 0, '800000.00', '', 2017, '2017-05-18', 3, 3, '2017-05-18 13:31:50', '2017-05-18 13:31:50'),
(145, 5, 24, 0, 0, 0, '600000.00', '', 2017, '2017-05-18', 3, 3, '2017-05-18 13:32:19', '2017-05-18 13:32:19'),
(146, 5, 25, 0, 0, 0, '100000.00', '', 2017, '2017-05-18', 3, 3, '2017-05-18 13:32:41', '2017-05-18 13:32:41'),
(147, 5, 26, 0, 0, 0, '200000.00', '', 2017, '2017-05-18', 3, 3, '2017-05-18 13:33:07', '2017-05-18 13:33:07'),
(148, 6, 9, 0, 0, 0, '100000.00', '', 2017, '2017-05-18', 3, 3, '2017-05-18 13:33:45', '2017-05-18 13:33:45'),
(149, 6, 11, 0, 0, 0, '100000.00', '', 2017, '2017-05-18', 3, 3, '2017-05-18 13:34:02', '2017-05-18 13:34:02'),
(150, 6, 79, 0, 0, 0, '15000000.00', '', 2017, '2017-05-18', 3, 3, '2017-05-18 13:34:34', '2017-05-18 13:34:34'),
(151, 6, 80, 0, 0, 0, '1000000.00', '', 2017, '2017-05-18', 3, 3, '2017-05-18 13:35:01', '2017-05-18 13:35:01'),
(152, 6, 81, 0, 0, 0, '1500000.00', '', 2017, '2017-05-18', 3, 3, '2017-05-18 13:35:27', '2017-05-18 13:35:27'),
(153, 6, 27, 0, 0, 0, '100000.00', '', 2017, '2017-05-18', 3, 3, '2017-05-18 13:35:51', '2017-05-18 13:35:51'),
(154, 6, 28, 0, 0, 0, '1000000.00', '', 2017, '2017-05-18', 3, 3, '2017-05-18 13:36:22', '2017-05-18 13:36:22'),
(155, 6, 29, 0, 0, 0, '300000.00', '', 2017, '2017-05-18', 3, 3, '2017-05-18 13:36:45', '2017-05-18 13:36:45'),
(156, 6, 30, 0, 0, 0, '100000.00', '', 2017, '2017-05-18', 3, 3, '2017-05-18 13:37:07', '2017-05-18 13:37:07'),
(157, 6, 31, 0, 0, 0, '2500000.00', '', 2017, '2017-05-18', 3, 3, '2017-05-18 13:38:27', '2017-05-18 13:38:27'),
(158, 6, 32, 0, 0, 0, '600000.00', '', 2017, '2017-05-18', 3, 3, '2017-05-18 13:38:53', '2017-05-18 13:38:53'),
(159, 6, 34, 0, 0, 0, '300000.00', '', 2017, '2017-05-18', 3, 3, '2017-05-18 13:39:21', '2017-05-18 13:39:21'),
(160, 6, 35, 0, 0, 0, '20000000.00', '', 2017, '2017-05-18', 3, 3, '2017-05-18 13:41:30', '2017-05-18 13:41:30'),
(161, 6, 36, 0, 0, 0, '2000000.00', '', 2017, '2017-05-18', 3, 3, '2017-05-18 13:42:23', '2017-05-18 13:42:23'),
(162, 6, 37, 0, 0, 0, '1000000.00', '', 2017, '2017-05-18', 3, 3, '2017-05-18 13:42:49', '2017-05-18 13:42:49'),
(163, 6, 39, 0, 0, 0, '500000.00', '', 2017, '2017-05-18', 3, 3, '2017-05-18 13:43:38', '2017-05-18 13:43:38'),
(164, 6, 82, 0, 0, 0, '3000000.00', '', 2017, '2017-05-18', 3, 3, '2017-05-18 13:44:55', '2017-05-18 13:44:55'),
(165, 6, 40, 0, 0, 0, '300000.00', '', 2017, '2017-05-18', 3, 3, '2017-05-18 13:45:21', '2017-05-18 13:45:21'),
(166, 6, 74, 0, 0, 0, '20000000.00', '', 2017, '2017-05-18', 3, 3, '2017-05-18 13:46:15', '2017-05-18 13:46:15'),
(167, 6, 75, 0, 0, 0, '600000.00', '', 2017, '2017-05-18', 3, 3, '2017-05-18 13:46:40', '2017-05-18 13:46:40'),
(168, 6, 77, 0, 0, 0, '500000.00', '', 2017, '2017-05-18', 3, 3, '2017-05-18 13:47:05', '2017-05-18 13:47:05'),
(169, 6, 57, 0, 0, 0, '800000.00', '', 2017, '2017-05-18', 3, 3, '2017-05-18 13:47:34', '2017-05-18 13:47:34'),
(170, 6, 58, 0, 0, 0, '2200000.00', '', 2017, '2017-05-18', 3, 3, '2017-05-18 13:48:02', '2017-05-18 13:48:02'),
(171, 6, 59, 0, 0, 0, '150000.00', '', 2017, '2017-05-18', 3, 3, '2017-05-18 13:48:33', '2017-05-18 13:48:33'),
(172, 6, 56, 0, 0, 0, '1500000.00', '', 2017, '2017-05-18', 3, 3, '2017-05-18 13:49:11', '2017-05-18 13:49:11'),
(173, 6, 41, 0, 0, 0, '100000.00', '', 2017, '2017-05-18', 3, 3, '2017-05-18 13:49:29', '2017-05-18 13:49:29'),
(174, 6, 42, 0, 0, 0, '100000.00', '', 2017, '2017-05-18', 3, 3, '2017-05-18 13:49:47', '2017-05-18 13:49:47'),
(175, 6, 43, 0, 0, 0, '200000.00', '', 2017, '2017-05-18', 3, 3, '2017-05-18 13:50:04', '2017-05-18 13:50:04'),
(176, 6, 45, 0, 0, 0, '200000.00', '', 2017, '2017-05-18', 3, 3, '2017-05-18 13:50:22', '2017-05-18 13:50:22'),
(177, 6, 46, 0, 0, 0, '200000.00', '', 2017, '2017-05-18', 3, 3, '2017-05-18 13:50:39', '2017-05-18 13:50:39'),
(178, 1, 83, 0, 0, 0, '3000000.00', '', 2017, '2017-05-23', 3, 3, '2017-05-23 13:17:15', '2017-05-23 13:17:15'),
(179, 1, 84, 0, 0, 0, '6000000.00', '', 2017, '2017-05-23', 3, 3, '2017-05-23 13:21:18', '2017-05-23 13:21:18'),
(180, 1, 85, 0, 0, 0, '700000.00', '', 2017, '2017-05-23', 3, 3, '2017-05-23 13:21:40', '2017-05-23 13:21:40'),
(182, 3, 34, 0, 0, 0, '200000.00', '', 2017, '2017-05-23', 3, 3, '2017-05-23 13:28:07', '2017-05-23 13:28:07'),
(183, 4, 57, 0, 0, 0, '800000.00', '', 2017, '2017-05-23', 3, 3, '2017-05-23 13:31:15', '2017-05-23 13:31:15'),
(184, 4, 86, 0, 0, 0, '2000000.00', '', 2017, '2017-05-23', 3, 3, '2017-05-23 13:41:51', '2017-05-23 13:41:51'),
(185, 4, 87, 0, 0, 0, '1000000.00', '', 2017, '2017-05-23', 3, 3, '2017-05-23 13:42:20', '2017-05-23 13:42:20'),
(186, 4, 88, 0, 0, 0, '500000.00', '', 2017, '2017-05-23', 3, 3, '2017-05-23 13:42:56', '2017-05-23 13:42:56'),
(187, 3, 15, 0, 0, 0, '600000.00', '', 2017, '2017-06-05', 3, 3, '2017-06-05 10:16:01', '2017-06-05 10:16:01'),
(188, 4, 89, 0, 0, 0, '1100000.00', '', 2017, '2017-06-05', 3, 3, '2017-06-05 11:36:01', '2017-06-05 11:36:01'),
(189, 4, 90, 0, 0, 0, '1000000.00', '', 2017, '2017-06-05', 3, 3, '2017-06-05 11:36:29', '2017-06-05 11:36:29'),
(190, 4, 20, 0, 0, 0, '100000.00', '', 2017, '2017-01-24', 4, 4, '2017-08-02 16:32:42', '2017-08-02 16:32:42'),
(191, 3, 66, 0, 0, 0, '500000.00', '', 2017, '2017-01-24', 4, 4, '2017-08-10 11:05:43', '2017-08-10 11:05:43');

-- --------------------------------------------------------

--
-- Table structure for table `ut_areas`
--

CREATE TABLE `ut_areas` (
  `area_row_id` int(11) NOT NULL,
  `title` varchar(255) NOT NULL,
  `area_code` varchar(50) NOT NULL,
  `description` text NOT NULL,
  `sort_order` int(11) NOT NULL DEFAULT '0',
  `status` int(3) NOT NULL DEFAULT '1',
  `created_by` int(11) NOT NULL,
  `updated_by` int(11) NOT NULL,
  `created_at` datetime NOT NULL DEFAULT CURRENT_TIMESTAMP ON UPDATE CURRENT_TIMESTAMP,
  `updated_at` datetime NOT NULL DEFAULT CURRENT_TIMESTAMP ON UPDATE CURRENT_TIMESTAMP
) ENGINE=InnoDB DEFAULT CHARSET=latin1 ROW_FORMAT=DYNAMIC;

--
-- Dumping data for table `ut_areas`
--

INSERT INTO `ut_areas` (`area_row_id`, `title`, `area_code`, `description`, `sort_order`, `status`, `created_by`, `updated_by`, `created_at`, `updated_at`) VALUES
(1, 'Jamalpur Area', '12001', '', 1, 1, 2, 4, '2017-07-31 12:09:52', '2017-07-31 06:09:52'),
(2, 'Kishoregonj Area', '12002', '', 2, 1, 2, 2, '2017-04-05 11:07:39', '2017-04-05 05:07:39'),
(3, 'Munshigonj Area', '12003', '', 3, 1, 2, 2, '2017-04-05 11:07:50', '2017-04-05 05:07:50'),
(4, 'Feni Area', '12004', '', 4, 1, 2, 3, '2017-05-16 02:53:18', '2017-05-16 09:53:18'),
(5, 'Dhaka (Ashulia,Savar) Area', '12005', '', 5, 1, 2, 2, '2017-04-05 11:08:35', '2017-04-05 05:08:35'),
(6, 'Other Areas', '12006', '', 6, 1, 2, 2, '2017-04-05 11:10:14', '2017-04-05 05:10:14'),
(7, 'Shribordi, Sherpur Area', '12007', '', 7, 1, 4, 4, '2017-07-31 12:11:46', '2017-07-31 06:11:46'),
(8, 'Gaibandha', '12008', '', 8, 1, 4, 4, '2017-07-31 12:12:51', '2017-07-31 06:12:51');

-- --------------------------------------------------------

--
-- Table structure for table `ut_categories`
--

CREATE TABLE `ut_categories` (
  `category_row_id` int(11) NOT NULL,
  `title` varchar(255) CHARACTER SET latin1 NOT NULL,
  `description` text CHARACTER SET latin1 NOT NULL,
  `sort_order` int(11) NOT NULL DEFAULT '0',
  `status` int(3) NOT NULL DEFAULT '1',
  `created_by` int(11) NOT NULL,
  `updated_by` int(11) NOT NULL,
  `created_at` datetime NOT NULL DEFAULT CURRENT_TIMESTAMP ON UPDATE CURRENT_TIMESTAMP,
  `updated_at` datetime NOT NULL DEFAULT CURRENT_TIMESTAMP ON UPDATE CURRENT_TIMESTAMP
) ENGINE=InnoDB DEFAULT CHARSET=utf8 ROW_FORMAT=COMPACT;

--
-- Dumping data for table `ut_categories`
--

INSERT INTO `ut_categories` (`category_row_id`, `title`, `description`, `sort_order`, `status`, `created_by`, `updated_by`, `created_at`, `updated_at`) VALUES
(1, 'Atimkhana', '', 1, 1, 2, 2, '2017-06-01 09:46:52', '2017-06-01 09:46:52'),
(2, 'Mosque', '', 2, 1, 2, 2, '2017-06-01 09:46:29', '2017-06-01 09:46:29'),
(3, 'Madrasha', '', 3, 1, 2, 2, '2017-05-31 14:50:00', '2017-05-31 14:50:00'),
(4, 'Institution', '', 4, 1, 2, 2, '2017-05-31 14:50:23', '2017-05-31 14:50:23'),
(5, 'Education', '', 5, 1, 2, 2, '2017-05-31 14:50:38', '2017-05-31 14:50:38'),
(7, 'Marriage', '', 7, 1, 2, 2, '2017-05-31 14:51:53', '2017-05-31 14:51:53'),
(8, 'Treatment', '', 8, 1, 2, 2, '2017-05-31 14:52:21', '2017-05-31 14:52:21'),
(9, 'Tube Well', '', 9, 1, 2, 2, '2017-05-31 14:52:49', '2017-05-31 14:52:49'),
(10, 'Toilet', '', 10, 1, 2, 2, '2017-05-31 14:53:07', '2017-05-31 14:53:07'),
(11, 'Others', '', 12, 1, 2, 3, '2017-06-20 11:24:36', '2017-06-20 05:24:36'),
(12, 'House', '', 11, 1, 3, 3, '2017-06-20 11:24:19', '2017-06-20 05:24:19'),
(13, 'Financial Help', '', 13, 1, 3, 3, '2017-08-29 13:12:02', '2017-08-29 13:12:02'),
(14, 'NGO', '', 14, 1, 3, 3, '2017-07-17 12:45:32', '2017-07-17 06:45:32');

-- --------------------------------------------------------

--
-- Table structure for table `ut_districts`
--

CREATE TABLE `ut_districts` (
  `id` int(11) NOT NULL,
  `full_name` varchar(255) NOT NULL,
  `short_name` varchar(255) NOT NULL,
  `created_at` datetime NOT NULL,
  `updated_at` datetime NOT NULL
) ENGINE=InnoDB DEFAULT CHARSET=latin1;

--
-- Dumping data for table `ut_districts`
--

INSERT INTO `ut_districts` (`id`, `full_name`, `short_name`, `created_at`, `updated_at`) VALUES
(1, 'Dhaka', '01', '2014-10-29 00:00:00', '2014-10-29 00:00:00'),
(2, 'Rajshahi', '02', '2014-10-29 00:00:00', '2014-10-29 00:00:00'),
(3, 'Khulna', '03', '2014-10-29 00:00:00', '2014-10-29 00:00:00'),
(4, 'Chittagong', '04', '2014-10-29 00:00:00', '2014-10-29 00:00:00'),
(5, 'Barisal', '05', '2014-10-29 00:00:00', '2014-10-29 00:00:00'),
(6, 'Sylhet', '06', '2014-10-29 00:00:00', '2014-10-29 00:00:00'),
(7, 'Rangpur', '07', '2014-10-29 00:00:00', '2014-10-29 00:00:00'),
(8, 'Manikgonj', '08', '2014-10-29 00:00:00', '2014-10-29 00:00:00'),
(9, 'Gazipur', '09', '2014-10-29 00:00:00', '2014-10-29 00:00:00'),
(10, 'Mymensingh', '10', '2014-10-29 00:00:00', '2014-10-29 00:00:00'),
(11, 'Narayanganj', '11', '2014-10-29 00:00:00', '2014-10-29 00:00:00'),
(12, 'Tangail', '12', '2014-10-29 00:00:00', '2014-10-29 00:00:00'),
(13, 'Madaripur', '13', '2014-10-29 00:00:00', '2014-10-29 00:00:00'),
(14, 'Jamalpur', '14', '2014-10-29 00:00:00', '2014-10-29 00:00:00'),
(15, 'Munshiganj', '15', '2014-10-29 00:00:00', '2014-10-29 00:00:00'),
(16, 'Gopalganj', '16', '2014-10-29 00:00:00', '2014-10-29 00:00:00'),
(17, 'Sherpur', '17', '2014-10-29 00:00:00', '2014-10-29 00:00:00'),
(18, 'Kishoreganj', '18', '2014-10-29 00:00:00', '2014-10-29 00:00:00'),
(19, 'Narsingdi', '19', '2014-10-29 00:00:00', '2014-10-29 00:00:00'),
(20, 'Shariatpur', '20', '2014-10-29 00:00:00', '2014-10-29 00:00:00'),
(21, 'Netrokona', '21', '2014-10-29 00:00:00', '2014-10-29 00:00:00'),
(22, 'Rajbari', '22', '2014-10-29 00:00:00', '2014-10-29 00:00:00'),
(23, 'Faridpur', '23', '2014-10-29 00:00:00', '2014-10-29 00:00:00'),
(24, 'Bogra', '24', '2014-10-29 00:00:00', '2014-10-29 00:00:00'),
(25, 'Joypurhat', '25', '2014-10-29 00:00:00', '2014-10-29 00:00:00'),
(26, 'Naogaon', '26', '2014-10-29 00:00:00', '2014-10-29 00:00:00'),
(27, 'Natore', '27', '2014-10-29 00:00:00', '2014-10-29 00:00:00'),
(28, 'Chapai Nawabganj', '28', '2014-10-29 00:00:00', '2014-10-29 00:00:00'),
(29, 'Pabna', '29', '2014-10-29 00:00:00', '2014-10-29 00:00:00'),
(30, 'Sirajganj', '30', '2014-10-29 00:00:00', '2014-10-29 00:00:00'),
(31, 'Shatkhira', '31', '2014-10-29 00:00:00', '2014-10-29 00:00:00'),
(32, 'Bagerhat', '32', '2014-10-29 00:00:00', '2014-10-29 00:00:00'),
(33, 'Jessore', '33', '2014-10-29 00:00:00', '2014-10-29 00:00:00'),
(34, 'Narail', '34', '2014-10-29 00:00:00', '2014-10-29 00:00:00'),
(35, 'Magura', '35', '2014-10-29 00:00:00', '2014-10-29 00:00:00'),
(36, 'Jhenaidah', '36', '2014-10-29 00:00:00', '2014-10-29 00:00:00'),
(37, 'Chuadanga', '37', '2014-10-29 00:00:00', '2014-10-29 00:00:00'),
(38, 'Kushtia', '38', '2014-10-29 00:00:00', '2014-10-29 00:00:00'),
(39, 'Meherpur', '39', '2014-10-29 00:00:00', '2014-10-29 00:00:00'),
(40, 'Bandarban', '40', '2014-10-29 00:00:00', '2014-10-29 00:00:00'),
(41, 'Rangamati', '41', '2014-10-29 00:00:00', '2014-10-29 00:00:00'),
(42, 'Khagrachari', '42', '2014-10-29 00:00:00', '2014-10-29 00:00:00'),
(43, 'Cox''s Bazar', '43', '2014-10-29 00:00:00', '2014-10-29 00:00:00'),
(44, 'Feni', '44', '2014-10-29 00:00:00', '2014-10-29 00:00:00'),
(45, 'Noakhali', '45', '2014-10-29 00:00:00', '2014-10-29 00:00:00'),
(46, 'Lakshmipur', '46', '2014-10-29 00:00:00', '2014-10-29 00:00:00'),
(47, 'Comilla', '47', '2014-10-29 00:00:00', '2014-10-29 00:00:00'),
(48, 'Brahmanbaria', '48', '2014-10-29 00:00:00', '2014-10-29 00:00:00'),
(49, 'Chandpur', '49', '2014-10-29 00:00:00', '2014-10-29 00:00:00'),
(50, 'Barguna', '50', '2014-10-29 00:00:00', '2014-10-29 00:00:00'),
(51, 'Bhola', '51', '2014-10-29 00:00:00', '2014-10-29 00:00:00'),
(52, 'Jhalokati', '52', '2014-10-29 00:00:00', '2014-10-29 00:00:00'),
(53, 'Patuakhali', '53', '2014-10-29 00:00:00', '2014-10-29 00:00:00'),
(54, 'Pirojpur', '54', '2014-10-29 00:00:00', '2014-10-29 00:00:00'),
(55, 'Maulvi Bazar', '55', '2014-10-29 00:00:00', '2014-10-29 00:00:00'),
(56, 'Habiganj', '56', '2014-10-29 00:00:00', '2014-10-29 00:00:00'),
(57, 'Sunamgonj', '57', '2014-10-29 00:00:00', '2014-10-29 00:00:00'),
(58, 'Dinajpur', '58', '2014-10-29 00:00:00', '2014-10-29 00:00:00'),
(59, 'Gaibandha', '59', '2014-10-29 00:00:00', '2014-10-29 00:00:00'),
(60, 'Kurigram', '60', '2014-10-29 00:00:00', '2014-10-29 00:00:00'),
(61, 'Lalmonirhat', '61', '2014-10-29 00:00:00', '2014-10-29 00:00:00'),
(62, 'Nilphamari', '62', '2014-10-29 00:00:00', '2014-10-29 00:00:00'),
(63, 'Panchagarh', '63', '2014-10-29 00:00:00', '2014-10-29 00:00:00'),
(64, 'Thakurgaon', '64', '2014-10-29 00:00:00', '2014-10-29 00:00:00');

-- --------------------------------------------------------

--
-- Table structure for table `ut_expenses`
--

CREATE TABLE `ut_expenses` (
  `expense_row_id` int(11) NOT NULL,
  `area_row_id` int(11) NOT NULL,
  `head_row_id` int(11) NOT NULL,
  `amount` decimal(14,2) NOT NULL,
  `remarks` text NOT NULL,
  `budget_year` year(4) NOT NULL DEFAULT '2017',
  `expense_at` date NOT NULL,
  `created_by` int(11) NOT NULL,
  `updated_by` int(11) NOT NULL,
  `created_at` datetime NOT NULL DEFAULT CURRENT_TIMESTAMP ON UPDATE CURRENT_TIMESTAMP,
  `updated_at` datetime NOT NULL DEFAULT CURRENT_TIMESTAMP ON UPDATE CURRENT_TIMESTAMP
) ENGINE=InnoDB DEFAULT CHARSET=latin1 ROW_FORMAT=DYNAMIC;

--
-- Dumping data for table `ut_expenses`
--

INSERT INTO `ut_expenses` (`expense_row_id`, `area_row_id`, `head_row_id`, `amount`, `remarks`, `budget_year`, `expense_at`, `created_by`, `updated_by`, `created_at`, `updated_at`) VALUES
(7, 1, 9, '63370.00', '', 2017, '2017-01-01', 3, 3, '2017-06-04 13:21:21', '2017-06-04 13:21:21'),
(8, 1, 9, '49870.00', '', 2017, '2017-02-07', 3, 3, '2017-06-04 13:21:48', '2017-06-04 13:21:48'),
(9, 1, 9, '47370.00', '', 2017, '2017-03-08', 3, 3, '2017-06-04 13:22:20', '2017-06-04 13:22:20'),
(10, 1, 10, '6500.00', '', 2017, '2017-01-03', 3, 3, '2017-06-04 13:22:57', '2017-06-04 13:22:57'),
(11, 1, 11, '33500.00', '', 2017, '2017-01-12', 3, 3, '2017-06-04 13:23:26', '2017-06-04 13:23:26'),
(12, 1, 10, '17000.00', '', 2017, '2017-02-06', 3, 3, '2017-06-04 13:23:54', '2017-06-04 13:23:54'),
(13, 1, 11, '19500.00', '', 2017, '2017-02-09', 3, 3, '2017-06-04 13:24:31', '2017-06-04 13:24:31'),
(14, 1, 10, '15500.00', '', 2017, '2017-03-14', 3, 3, '2017-06-04 13:25:19', '2017-06-04 13:25:19'),
(15, 1, 11, '178750.00', '', 2017, '2017-03-16', 3, 3, '2017-06-04 13:26:00', '2017-06-04 13:26:00'),
(16, 1, 9, '47300.00', '', 2017, '2017-04-10', 3, 3, '2017-06-04 13:28:21', '2017-06-04 13:28:21'),
(17, 1, 10, '39480.00', '', 2017, '2017-04-10', 3, 3, '2017-06-04 13:28:45', '2017-06-04 13:28:45'),
(18, 1, 11, '74650.00', '', 2017, '2017-04-11', 3, 3, '2017-06-04 13:29:17', '2017-06-04 13:29:17'),
(19, 1, 9, '47300.00', '', 2017, '2017-05-15', 3, 3, '2017-06-04 13:29:54', '2017-06-04 13:29:54'),
(20, 1, 10, '39480.00', '', 2017, '2017-05-16', 3, 3, '2017-06-04 13:30:21', '2017-06-04 13:30:21'),
(21, 1, 11, '153865.00', '', 2017, '2017-05-16', 3, 3, '2017-06-04 13:30:52', '2017-06-04 13:30:52'),
(22, 1, 15, '134000.00', '', 2017, '2017-01-09', 3, 3, '2017-06-04 13:31:42', '2017-06-04 13:31:42'),
(23, 1, 16, '75250.00', '', 2017, '2017-01-09', 3, 3, '2017-06-04 13:32:11', '2017-06-04 13:32:11'),
(24, 1, 15, '164030.00', '', 2017, '2017-02-21', 3, 3, '2017-06-04 13:32:48', '2017-06-04 13:32:48'),
(25, 1, 16, '79250.00', '', 2017, '2017-02-13', 3, 3, '2017-06-04 13:33:15', '2017-06-04 13:33:15'),
(26, 1, 15, '120500.00', '', 2017, '2017-03-12', 3, 3, '2017-06-04 13:34:05', '2017-06-04 13:34:05'),
(27, 1, 16, '101750.00', '', 2017, '2017-03-12', 3, 3, '2017-06-04 13:34:35', '2017-06-04 13:34:35'),
(28, 1, 15, '153000.00', '', 2017, '2017-04-10', 3, 3, '2017-06-04 13:35:28', '2017-06-04 13:35:28'),
(29, 1, 16, '77250.00', '', 2017, '2017-04-02', 3, 3, '2017-06-04 13:36:03', '2017-06-04 13:36:03'),
(30, 1, 15, '153000.00', '', 2017, '2017-05-23', 3, 3, '2017-06-04 13:36:42', '2017-06-04 13:36:42'),
(31, 1, 16, '77250.00', '', 2017, '2017-05-07', 3, 3, '2017-06-04 13:37:21', '2017-06-04 13:37:21'),
(32, 1, 22, '100000.00', '', 2017, '2017-03-12', 3, 3, '2017-06-04 13:42:18', '2017-06-04 13:42:18'),
(33, 1, 21, '230500.00', '', 2017, '2017-04-10', 3, 3, '2017-06-04 13:43:08', '2017-06-04 13:43:08'),
(34, 1, 24, '150000.00', '', 2017, '2017-01-10', 3, 3, '2017-06-04 13:44:47', '2017-06-04 13:44:47'),
(35, 1, 24, '180000.00', '', 2017, '2017-02-14', 3, 3, '2017-06-04 13:45:25', '2017-06-04 13:45:25'),
(36, 1, 25, '50000.00', '', 2017, '2017-02-20', 3, 3, '2017-06-04 13:45:58', '2017-06-04 13:45:58'),
(37, 1, 24, '180000.00', '', 2017, '2017-03-13', 3, 3, '2017-06-04 13:46:49', '2017-06-04 13:46:49'),
(38, 1, 24, '180000.00', '', 2017, '2017-04-17', 3, 3, '2017-06-04 13:47:24', '2017-06-04 13:47:24'),
(39, 1, 24, '230000.00', '', 2017, '2017-05-15', 3, 3, '2017-06-04 13:48:01', '2017-06-04 13:48:01'),
(40, 1, 27, '76000.00', '', 2017, '2017-01-03', 3, 3, '2017-06-04 13:49:04', '2017-06-04 13:49:04'),
(41, 1, 27, '116500.00', '', 2017, '2017-02-13', 3, 3, '2017-06-04 13:49:52', '2017-06-04 13:49:52'),
(42, 1, 27, '130300.00', '', 2017, '2017-03-06', 3, 3, '2017-06-04 13:50:28', '2017-06-04 13:50:28'),
(43, 1, 27, '180095.00', '', 2017, '2017-04-04', 3, 3, '2017-06-04 13:51:01', '2017-06-04 13:51:01'),
(44, 1, 28, '3000000.00', '', 2017, '2017-04-17', 3, 3, '2017-06-04 13:51:48', '2017-06-04 13:51:48'),
(45, 1, 27, '180095.00', '', 2017, '2017-05-15', 3, 3, '2017-06-04 13:52:27', '2017-06-04 13:52:27'),
(46, 1, 31, '2550000.00', '', 2017, '2017-01-01', 3, 3, '2017-06-04 13:53:34', '2017-06-04 13:53:34'),
(47, 1, 31, '60500.00', '', 2017, '2017-02-14', 3, 3, '2017-06-04 13:55:32', '2017-06-04 13:55:32'),
(48, 1, 31, '60500.00', '', 2017, '2017-03-13', 3, 3, '2017-06-04 13:56:16', '2017-06-04 13:56:16'),
(49, 1, 31, '964500.00', '', 2017, '2017-04-11', 3, 3, '2017-06-04 13:56:50', '2017-06-04 13:56:50'),
(50, 1, 31, '900000.00', '', 2017, '2017-05-25', 3, 3, '2017-06-04 13:57:40', '2017-06-04 13:57:40'),
(51, 1, 33, '94000.00', '', 2017, '2017-05-21', 3, 3, '2017-06-04 13:58:16', '2017-06-04 13:58:16'),
(52, 1, 30, '60346.00', '', 2017, '2017-02-13', 3, 3, '2017-06-04 13:59:31', '2017-06-04 13:59:31'),
(53, 1, 30, '14385.00', '', 2017, '2017-03-21', 3, 3, '2017-06-04 14:00:04', '2017-06-04 14:00:04'),
(54, 1, 35, '6350000.00', '', 2017, '2017-01-01', 3, 3, '2017-06-04 14:24:47', '2017-06-04 14:24:47'),
(55, 1, 36, '3000.00', '', 2017, '2017-01-02', 3, 3, '2017-06-04 14:25:12', '2017-06-04 14:25:12'),
(56, 1, 37, '16000.00', '', 2017, '2017-01-09', 3, 3, '2017-06-04 14:25:49', '2017-06-04 14:25:49'),
(57, 1, 35, '2350000.00', '', 2017, '2017-02-22', 3, 3, '2017-06-04 14:26:34', '2017-06-04 14:26:34'),
(58, 1, 36, '19500.00', '', 2017, '2017-02-14', 3, 3, '2017-06-04 14:27:02', '2017-06-04 14:27:02'),
(59, 1, 35, '1800000.00', '', 2017, '2017-03-06', 3, 3, '2017-06-04 14:27:50', '2017-06-04 14:27:50'),
(60, 1, 36, '31500.00', '', 2017, '2017-03-13', 3, 3, '2017-06-04 14:28:20', '2017-06-04 14:28:20'),
(61, 1, 37, '29500.00', '', 2017, '2017-04-09', 3, 3, '2017-06-04 14:28:56', '2017-06-04 14:28:56'),
(62, 1, 35, '1600000.00', '', 2017, '2017-05-07', 3, 3, '2017-06-04 14:29:29', '2017-06-04 14:29:29'),
(63, 1, 36, '29500.00', '', 2017, '2017-05-09', 3, 3, '2017-06-04 14:29:58', '2017-06-04 14:29:58'),
(64, 1, 68, '758000.00', '', 2017, '2017-05-17', 3, 3, '2017-06-04 14:31:08', '2017-06-04 14:31:08'),
(65, 1, 63, '2000000.00', '', 2017, '2017-01-24', 3, 3, '2017-06-04 14:32:11', '2017-06-04 14:32:11'),
(66, 1, 63, '4000000.00', '', 2017, '2017-02-21', 3, 3, '2017-06-04 14:32:41', '2017-06-04 14:32:41'),
(67, 1, 63, '5500000.00', '', 2017, '2017-03-21', 3, 3, '2017-06-04 14:33:33', '2017-06-04 14:33:33'),
(68, 1, 63, '6500000.00', '', 2017, '2017-04-26', 3, 3, '2017-06-04 14:34:18', '2017-06-04 14:34:18'),
(69, 1, 63, '3500000.00', '', 2017, '2017-05-24', 3, 3, '2017-06-04 14:35:00', '2017-06-04 14:35:00'),
(70, 1, 61, '600000.00', '', 2017, '2017-03-26', 3, 3, '2017-06-04 14:35:56', '2017-06-04 14:35:56'),
(71, 1, 61, '500000.00', '', 2017, '2017-04-25', 3, 3, '2017-06-04 14:36:37', '2017-06-04 14:36:37'),
(72, 1, 61, '300000.00', '', 2017, '2017-05-15', 3, 3, '2017-06-04 14:37:16', '2017-06-04 14:37:16'),
(73, 1, 58, '1000000.00', '', 2017, '2017-03-29', 3, 3, '2017-06-04 14:38:08', '2017-06-04 14:38:08'),
(74, 1, 57, '500000.00', '', 2017, '2017-05-22', 3, 3, '2017-06-04 14:38:46', '2017-06-04 14:38:46'),
(75, 1, 58, '35000.00', '', 2017, '2017-05-30', 3, 3, '2017-06-04 14:39:18', '2017-06-04 14:39:18'),
(76, 1, 83, '500000.00', '', 2017, '2017-04-16', 3, 3, '2017-06-04 14:39:51', '2017-06-04 14:39:51'),
(77, 1, 52, '460000.00', '', 2017, '2017-01-24', 3, 3, '2017-06-04 14:41:15', '2017-06-04 14:41:15'),
(78, 1, 84, '1500000.00', '', 2017, '2017-01-10', 3, 3, '2017-06-04 14:46:36', '2017-06-04 14:46:36'),
(79, 1, 84, '2000000.00', '', 2017, '2017-02-21', 3, 3, '2017-06-04 14:47:25', '2017-06-04 14:47:25'),
(80, 1, 52, '10000.00', '', 2017, '2017-03-23', 3, 3, '2017-06-04 14:47:56', '2017-06-04 14:47:56'),
(81, 1, 84, '2000000.00', '', 2017, '2017-03-20', 3, 3, '2017-06-04 14:48:30', '2017-06-04 14:48:30'),
(83, 1, 42, '50000.00', '', 2017, '2017-04-16', 3, 3, '2017-06-04 14:50:03', '2017-06-04 14:50:03'),
(84, 1, 42, '135000.00', '', 2017, '2017-05-29', 3, 3, '2017-06-04 14:50:36', '2017-06-04 14:50:36'),
(85, 2, 9, '17000.00', '', 2017, '2017-01-27', 3, 3, '2017-06-04 15:19:19', '2017-06-04 15:19:19'),
(86, 2, 11, '15500.00', '', 2017, '2017-01-16', 3, 3, '2017-06-04 15:19:47', '2017-06-04 15:19:47'),
(87, 2, 9, '14000.00', '', 2017, '2017-02-26', 3, 3, '2017-06-04 15:20:13', '2017-06-04 15:20:13'),
(88, 2, 9, '17000.00', '', 2017, '2017-03-15', 3, 3, '2017-06-04 15:20:38', '2017-06-04 15:20:38'),
(89, 2, 11, '7500.00', '', 2017, '2017-03-22', 3, 3, '2017-06-04 15:20:59', '2017-06-04 15:20:59'),
(90, 2, 9, '59000.00', '', 2017, '2017-04-20', 3, 3, '2017-06-04 15:21:23', '2017-06-04 15:21:23'),
(91, 2, 11, '15500.00', '', 2017, '2017-04-19', 3, 3, '2017-06-04 15:21:45', '2017-06-04 15:21:45'),
(92, 2, 11, '15500.00', '', 2017, '2017-05-23', 3, 3, '2017-06-04 15:22:11', '2017-06-04 15:22:11'),
(93, 2, 15, '259500.00', '', 2017, '2017-01-09', 3, 3, '2017-06-04 15:40:10', '2017-06-04 15:40:10'),
(94, 2, 16, '40000.00', '', 2017, '2017-01-19', 3, 3, '2017-06-04 15:40:44', '2017-06-04 15:40:44'),
(95, 2, 17, '30000.00', '', 2017, '2017-01-16', 3, 3, '2017-06-04 15:41:09', '2017-06-04 15:41:09'),
(96, 2, 15, '230000.00', '', 2017, '2017-02-07', 3, 3, '2017-06-04 15:42:07', '2017-06-04 15:42:07'),
(97, 2, 16, '40000.00', '', 2017, '2017-02-28', 3, 3, '2017-06-04 15:42:28', '2017-06-04 15:42:28'),
(98, 2, 17, '10000.00', '', 2017, '2017-02-14', 3, 3, '2017-06-04 15:42:59', '2017-06-04 15:42:59'),
(99, 2, 15, '150000.00', '', 2017, '2017-03-15', 3, 3, '2017-06-04 15:43:32', '2017-06-04 15:43:32'),
(100, 2, 15, '306500.00', '', 2017, '2017-04-19', 3, 3, '2017-06-04 15:44:03', '2017-06-04 15:44:03'),
(101, 2, 16, '1000.00', '', 2017, '2017-04-10', 3, 3, '2017-06-04 15:44:27', '2017-06-04 15:44:27'),
(102, 2, 17, '30000.00', '', 2017, '2017-04-17', 3, 3, '2017-06-04 15:44:58', '2017-06-04 15:44:58'),
(103, 2, 17, '62000.00', '', 2017, '2017-05-22', 3, 3, '2017-06-04 15:45:29', '2017-06-04 15:45:29'),
(104, 2, 15, '306500.00', '', 2017, '2017-05-15', 3, 3, '2017-06-04 15:46:11', '2017-06-04 15:46:11'),
(105, 2, 16, '1000.00', '', 2017, '2017-05-16', 3, 3, '2017-06-04 15:46:37', '2017-06-04 15:46:37'),
(106, 2, 27, '12000.00', '', 2017, '2017-01-23', 3, 3, '2017-06-04 15:47:45', '2017-06-04 15:47:45'),
(107, 2, 27, '36000.00', '', 2017, '2017-02-27', 3, 3, '2017-06-04 15:48:12', '2017-06-04 15:48:12'),
(108, 2, 27, '29000.00', '', 2017, '2017-03-21', 3, 3, '2017-06-04 15:48:42', '2017-06-04 15:48:42'),
(109, 2, 27, '29000.00', '', 2017, '2017-04-20', 3, 3, '2017-06-04 15:49:07', '2017-06-04 15:49:07'),
(110, 2, 27, '29000.00', '', 2017, '2017-05-21', 3, 3, '2017-06-04 15:49:31', '2017-06-04 15:49:31'),
(111, 2, 31, '800000.00', '', 2017, '2017-01-25', 3, 3, '2017-06-04 15:50:55', '2017-06-04 15:50:55'),
(112, 2, 31, '46000.00', '', 2017, '2017-02-21', 3, 3, '2017-06-04 15:51:21', '2017-06-04 15:51:21'),
(113, 2, 31, '46500.00', '', 2017, '2017-03-27', 3, 3, '2017-06-04 15:51:49', '2017-06-04 15:51:49'),
(114, 2, 31, '300000.00', '', 2017, '2017-04-09', 3, 3, '2017-06-04 15:52:13', '2017-06-04 15:52:13'),
(115, 2, 31, '300000.00', '', 2017, '2017-05-22', 3, 3, '2017-06-04 15:52:38', '2017-06-04 15:52:38'),
(116, 2, 35, '1000000.00', '', 2017, '2017-04-10', 3, 3, '2017-06-04 15:53:21', '2017-06-04 15:53:21'),
(117, 2, 35, '1500000.00', '', 2017, '2017-05-21', 3, 3, '2017-06-04 15:53:52', '2017-06-04 15:53:52'),
(118, 2, 36, '1000.00', '', 2017, '2017-01-16', 3, 3, '2017-06-04 15:54:28', '2017-06-04 15:54:28'),
(119, 2, 36, '20000.00', '', 2017, '2017-02-21', 3, 3, '2017-06-04 15:54:53', '2017-06-04 15:54:53'),
(120, 2, 57, '300000.00', '', 2017, '2017-05-16', 3, 3, '2017-06-05 10:00:52', '2017-06-05 10:00:52'),
(121, 2, 58, '1000000.00', '', 2017, '2017-02-14', 3, 3, '2017-06-05 10:04:02', '2017-06-05 10:04:02'),
(122, 2, 53, '200000.00', '', 2017, '2017-03-13', 3, 3, '2017-06-05 10:06:11', '2017-06-05 10:06:11'),
(123, 2, 53, '1000000.00', '', 2017, '2017-04-17', 3, 3, '2017-06-05 10:10:21', '2017-06-05 10:10:21'),
(124, 2, 53, '1500000.00', '', 2017, '2017-05-23', 3, 3, '2017-06-05 10:11:33', '2017-06-05 10:11:33'),
(125, 3, 15, '300000.00', '', 2017, '2017-04-30', 3, 3, '2017-06-05 10:16:42', '2017-06-05 10:16:42'),
(126, 3, 31, '1500000.00', '', 2017, '2017-01-16', 3, 3, '2017-06-05 10:24:18', '2017-06-05 10:24:18'),
(127, 3, 31, '500000.00', '', 2017, '2017-04-16', 3, 3, '2017-06-05 10:25:01', '2017-06-05 10:25:01'),
(128, 3, 31, '500000.00', '', 2017, '2017-05-22', 3, 3, '2017-06-05 10:25:32', '2017-06-05 10:25:32'),
(129, 3, 33, '300000.00', '', 2017, '2017-03-15', 3, 3, '2017-06-05 10:26:28', '2017-06-05 10:26:28'),
(130, 3, 35, '757000.00', '', 2017, '2017-02-21', 3, 3, '2017-06-05 10:27:13', '2017-06-05 10:27:13'),
(131, 3, 35, '700000.00', '', 2017, '2017-03-21', 3, 3, '2017-06-05 10:29:38', '2017-06-05 10:29:38'),
(132, 3, 35, '1105500.00', '', 2017, '2017-05-15', 3, 3, '2017-06-05 10:30:31', '2017-06-05 10:30:31'),
(133, 3, 67, '150000.00', '', 2017, '2017-03-20', 3, 3, '2017-06-05 10:36:09', '2017-06-05 10:36:09'),
(134, 3, 46, '36000.00', '', 2017, '2017-03-21', 3, 3, '2017-06-05 10:36:48', '2017-06-05 10:36:48'),
(135, 4, 9, '25000.00', '', 2017, '2017-01-01', 3, 3, '2017-06-05 10:44:10', '2017-06-05 10:44:10'),
(136, 4, 9, '13100.00', '', 2017, '2017-02-08', 3, 3, '2017-06-05 10:44:48', '2017-06-05 10:44:48'),
(137, 4, 9, '20000.00', '', 2017, '2017-04-27', 3, 3, '2017-06-05 10:45:22', '2017-06-05 10:45:22'),
(138, 4, 9, '20000.00', '', 2017, '2017-05-31', 3, 3, '2017-06-05 10:45:56', '2017-06-05 10:45:56'),
(139, 4, 15, '160000.00', '', 2017, '2017-01-31', 3, 3, '2017-06-05 10:47:32', '2017-06-05 10:47:32'),
(140, 4, 15, '115700.00', '', 2017, '2017-02-21', 3, 3, '2017-06-05 10:48:13', '2017-06-05 10:48:13'),
(141, 4, 15, '149000.00', '', 2017, '2017-04-24', 3, 3, '2017-06-05 10:48:54', '2017-06-05 10:48:54'),
(142, 4, 15, '149000.00', '', 2017, '2017-05-29', 3, 3, '2017-06-05 10:49:29', '2017-06-05 10:49:29'),
(143, 4, 22, '75000.00', '', 2017, '2017-03-23', 3, 3, '2017-06-05 10:50:12', '2017-06-05 10:50:12'),
(144, 4, 27, '15000.00', '', 2017, '2017-01-31', 3, 3, '2017-06-05 10:54:32', '2017-06-05 10:54:32'),
(145, 4, 27, '32000.00', '', 2017, '2017-02-28', 3, 3, '2017-06-05 10:55:09', '2017-06-05 10:55:09'),
(146, 4, 28, '1000000.00', '', 2017, '2017-02-28', 3, 3, '2017-06-05 10:55:47', '2017-06-05 10:55:47'),
(147, 4, 27, '15000.00', '', 2017, '2017-04-26', 3, 3, '2017-06-05 10:57:47', '2017-06-05 10:57:47'),
(148, 4, 28, '500000.00', '', 2017, '2017-04-26', 3, 3, '2017-06-05 10:58:20', '2017-06-05 10:58:20'),
(149, 4, 27, '15000.00', '', 2017, '2017-05-29', 3, 3, '2017-06-05 10:58:56', '2017-06-05 10:58:56'),
(150, 4, 31, '450000.00', '', 2017, '2017-01-27', 3, 3, '2017-06-05 11:01:16', '2017-06-05 11:01:16'),
(151, 4, 31, '150000.00', '', 2017, '2017-03-15', 3, 3, '2017-06-05 11:03:50', '2017-06-05 11:03:50'),
(152, 4, 31, '150000.00', '', 2017, '2017-05-30', 3, 3, '2017-06-05 11:04:32', '2017-06-05 11:04:32'),
(153, 4, 70, '500000.00', '', 2017, '2017-04-19', 3, 3, '2017-06-05 11:17:31', '2017-06-05 11:17:31'),
(155, 4, 89, '500000.00', '', 2017, '2017-04-18', 3, 3, '2017-06-05 11:41:04', '2017-06-05 11:41:04'),
(156, 4, 90, '600000.00', '', 2017, '2017-04-19', 3, 3, '2017-06-05 11:41:36', '2017-06-05 11:41:36'),
(157, 4, 58, '1000000.00', '', 2017, '2017-03-29', 3, 3, '2017-06-05 11:49:53', '2017-06-05 11:49:53'),
(158, 4, 58, '550000.00', '', 2017, '2017-05-29', 3, 3, '2017-06-05 11:50:30', '2017-06-05 11:50:30'),
(159, 4, 86, '1000000.00', '', 2017, '2017-01-31', 3, 3, '2017-06-05 11:51:08', '2017-06-05 11:51:08'),
(160, 4, 87, '500000.00', '', 2017, '2017-04-26', 3, 3, '2017-06-05 11:51:49', '2017-06-05 11:51:49'),
(161, 4, 90, '200000.00', '', 2017, '2017-04-27', 3, 3, '2017-06-05 11:55:09', '2017-06-05 11:55:09'),
(163, 5, 24, '34500.00', '', 2017, '2017-02-28', 3, 3, '2017-06-05 12:40:35', '2017-06-05 12:40:35'),
(164, 5, 24, '35000.00', '', 2017, '2017-03-14', 3, 3, '2017-06-05 12:41:10', '2017-06-05 12:41:10'),
(165, 5, 24, '33000.00', '', 2017, '2017-04-20', 3, 3, '2017-06-05 12:41:43', '2017-06-05 12:41:43'),
(167, 6, 9, '17000.00', '', 2017, '2017-01-31', 3, 3, '2017-06-05 12:42:59', '2017-06-05 12:42:59'),
(168, 6, 79, '651100.00', '', 2017, '2017-01-26', 3, 3, '2017-06-05 12:43:40', '2017-06-05 12:43:40'),
(169, 6, 79, '696333.00', '', 2017, '2017-02-28', 3, 3, '2017-06-05 12:44:15', '2017-06-05 12:44:15'),
(170, 6, 81, '213000.00', '', 2017, '2017-02-28', 3, 3, '2017-06-05 12:44:43', '2017-06-05 12:44:43'),
(171, 6, 79, '801000.00', '', 2017, '2017-03-27', 3, 3, '2017-06-05 12:45:18', '2017-06-05 12:45:18'),
(172, 6, 79, '867000.00', '', 2017, '2017-04-26', 3, 3, '2017-06-05 12:45:52', '2017-06-05 12:45:52'),
(173, 6, 80, '262075.00', '', 2017, '2017-04-24', 3, 3, '2017-06-05 12:46:22', '2017-06-05 12:46:22'),
(174, 6, 79, '964220.00', '', 2017, '2017-05-30', 3, 3, '2017-06-05 12:47:05', '2017-06-05 12:47:05'),
(175, 6, 32, '100000.00', '', 2017, '2017-02-15', 3, 3, '2017-06-05 12:47:48', '2017-06-05 12:47:48'),
(176, 6, 35, '1000000.00', '', 2017, '2017-02-28', 3, 3, '2017-06-05 12:48:37', '2017-06-05 12:48:37'),
(177, 6, 35, '272285.00', '', 2017, '2017-03-30', 3, 3, '2017-06-05 12:49:16', '2017-06-05 12:49:16'),
(178, 6, 35, '2300000.00', '', 2017, '2017-04-25', 3, 3, '2017-06-05 12:49:43', '2017-06-05 12:49:43'),
(179, 6, 35, '500000.00', '', 2017, '2017-05-22', 3, 3, '2017-06-05 12:50:43', '2017-06-05 12:50:43'),
(180, 6, 82, '176000.00', '', 2017, '2017-01-31', 3, 3, '2017-06-05 12:51:53', '2017-06-05 12:51:53'),
(181, 6, 82, '168000.00', '', 2017, '2017-02-28', 3, 3, '2017-06-05 12:52:23', '2017-06-05 12:52:23'),
(182, 6, 82, '176000.00', '', 2017, '2017-03-30', 3, 3, '2017-06-05 12:52:56', '2017-06-05 12:52:56'),
(183, 6, 82, '186000.00', '', 2017, '2017-04-30', 3, 3, '2017-06-05 12:54:14', '2017-06-05 12:54:14'),
(184, 6, 82, '161000.00', '', 2017, '2017-05-15', 3, 3, '2017-06-05 12:54:47', '2017-06-05 12:54:47'),
(185, 6, 74, '550000.00', '', 2017, '2017-02-28', 3, 3, '2017-06-05 12:56:20', '2017-06-05 12:56:20'),
(186, 6, 74, '2000000.00', '', 2017, '2017-03-29', 3, 3, '2017-06-05 12:56:55', '2017-06-05 12:56:55'),
(187, 6, 77, '15000.00', '', 2017, '2017-05-30', 3, 3, '2017-06-05 12:57:37', '2017-06-05 12:57:37'),
(188, 6, 58, '350000.00', '', 2017, '2017-04-25', 3, 3, '2017-06-05 12:58:30', '2017-06-05 12:58:30'),
(195, 6, 79, '1963277.00', '', 2017, '2017-07-31', 4, 4, '2017-08-01 14:41:12', '2017-08-01 14:41:12'),
(196, 6, 81, '287200.00', '', 2017, '2017-07-31', 4, 4, '2017-08-01 14:42:28', '2017-08-01 14:42:28'),
(197, 6, 31, '200000.00', '', 2017, '2017-06-30', 4, 4, '2017-08-01 14:43:44', '2017-08-01 14:43:44'),
(198, 6, 31, '45726.00', '', 2017, '2017-07-31', 4, 4, '2017-08-01 14:44:27', '2017-08-01 14:44:27'),
(199, 5, 24, '32000.00', '', 2017, '2017-05-31', 4, 4, '2017-08-01 15:48:51', '2017-08-01 15:48:51'),
(200, 5, 24, '42300.00', '', 2017, '2017-06-30', 4, 4, '2017-08-01 15:50:17', '2017-08-01 15:50:17'),
(201, 5, 17, '200000.00', '', 2017, '2017-05-31', 4, 4, '2017-08-01 15:51:46', '2017-08-01 15:51:46'),
(202, 5, 17, '250000.00', '', 2017, '2017-06-30', 4, 4, '2017-08-01 15:52:41', '2017-08-01 15:52:41'),
(203, 6, 79, '1321220.00', '', 2017, '2017-06-30', 4, 4, '2017-08-01 16:02:14', '2017-08-01 16:02:14'),
(204, 6, 35, '3835000.00', '', 2017, '2017-06-30', 4, 4, '2017-08-01 16:08:39', '2017-08-01 16:08:39'),
(205, 6, 35, '2045000.00', '', 2017, '2017-07-31', 4, 4, '2017-08-01 16:09:34', '2017-08-01 16:09:34'),
(206, 6, 37, '499000.00', '', 2017, '2017-07-31', 4, 4, '2017-08-01 16:11:22', '2017-08-01 16:11:22'),
(207, 6, 39, '300000.00', '', 2017, '2017-07-31', 4, 4, '2017-08-01 16:12:34', '2017-08-01 16:12:34'),
(208, 6, 82, '208500.00', '', 2017, '2017-06-30', 4, 4, '2017-08-01 16:13:34', '2017-08-01 16:13:34'),
(209, 6, 82, '291000.00', '', 2017, '2017-07-31', 4, 4, '2017-08-01 16:14:24', '2017-08-01 16:14:24'),
(210, 6, 77, '24346.00', '', 2017, '2017-07-31', 4, 4, '2017-08-01 16:15:54', '2017-08-01 16:15:54'),
(211, 6, 80, '709895.00', '', 2017, '2017-06-30', 4, 4, '2017-08-01 16:22:33', '2017-08-01 16:22:33'),
(212, 3, 31, '500000.00', '', 2017, '2017-06-30', 4, 4, '2017-08-01 16:45:43', '2017-08-01 16:45:43'),
(213, 3, 31, '500000.00', '', 2017, '2017-07-31', 4, 4, '2017-08-01 16:46:40', '2017-08-01 16:46:40'),
(214, 4, 58, '500000.00', '', 2017, '2017-07-30', 4, 4, '2017-08-01 16:52:39', '2017-08-01 16:52:39'),
(215, 4, 89, '600000.00', '', 2017, '2017-07-31', 4, 4, '2017-08-01 16:54:05', '2017-08-01 16:54:05'),
(216, 4, 35, '500000.00', '', 2017, '2017-06-30', 4, 4, '2017-08-01 16:56:06', '2017-08-01 16:56:06'),
(217, 4, 31, '150000.00', '', 2017, '2017-06-30', 4, 4, '2017-08-01 16:57:34', '2017-08-01 16:57:34'),
(218, 4, 31, '150000.00', '', 2017, '2017-07-31', 4, 4, '2017-08-01 16:58:38', '2017-08-01 16:58:38'),
(219, 4, 34, '50000.00', '', 2017, '2017-06-30', 4, 4, '2017-08-01 16:59:54', '2017-08-01 16:59:54'),
(220, 4, 30, '110000.00', '', 2017, '2017-06-30', 4, 4, '2017-08-01 17:18:44', '2017-08-01 17:18:44'),
(221, 4, 27, '7750.00', '', 2017, '2017-06-30', 4, 4, '2017-08-01 17:19:41', '2017-08-01 17:19:41'),
(222, 4, 27, '67750.00', '', 2017, '2017-07-31', 4, 4, '2017-08-01 17:20:30', '2017-08-01 17:20:30'),
(223, 4, 23, '100000.00', '', 2017, '2017-07-31', 4, 4, '2017-08-01 17:26:55', '2017-08-01 17:26:55'),
(224, 4, 18, '100000.00', '', 2017, '2017-07-31', 4, 4, '2017-08-01 17:27:45', '2017-08-01 17:27:45'),
(225, 4, 17, '300000.00', '', 2017, '2017-07-31', 4, 4, '2017-08-01 17:29:48', '2017-08-01 17:29:48'),
(227, 4, 9, '30000.00', '', 2017, '2017-07-31', 4, 4, '2017-08-02 09:49:40', '2017-08-02 09:49:40'),
(228, 4, 9, '30000.00', '', 2017, '2017-06-30', 4, 4, '2017-08-02 09:50:27', '2017-08-02 09:50:27'),
(229, 4, 15, '182250.00', '', 2017, '2017-06-30', 4, 4, '2017-08-02 09:52:18', '2017-08-02 09:52:18'),
(230, 4, 15, '182250.00', '', 2017, '2017-07-31', 4, 4, '2017-08-02 09:53:01', '2017-08-02 09:53:01'),
(231, 3, 9, '59000.00', '', 2017, '2017-06-30', 4, 4, '2017-08-02 10:07:52', '2017-08-02 10:07:52'),
(232, 2, 9, '59000.00', '', 2017, '2017-07-31', 4, 4, '2017-08-02 10:08:24', '2017-08-02 10:08:24'),
(233, 2, 11, '14280.00', '', 2017, '2017-06-30', 4, 4, '2017-08-02 10:09:18', '2017-08-02 10:09:18'),
(234, 2, 11, '14280.00', '', 2017, '2017-07-31', 4, 4, '2017-08-02 10:09:51', '2017-08-02 10:09:51'),
(235, 2, 15, '251384.00', '', 2017, '2017-06-30', 4, 4, '2017-08-02 10:11:06', '2017-08-02 10:11:06'),
(237, 2, 15, '251384.00', '', 2017, '2017-07-31', 4, 4, '2017-08-02 10:22:55', '2017-08-02 10:22:55'),
(238, 2, 16, '2000.00', '', 2017, '2017-06-30', 4, 4, '2017-08-02 10:26:25', '2017-08-02 10:26:25'),
(239, 2, 16, '2000.00', '', 2017, '2017-07-31', 4, 4, '2017-08-02 10:27:02', '2017-08-02 10:27:02'),
(240, 2, 17, '62000.00', '', 2017, '2017-06-30', 4, 4, '2017-08-02 10:29:46', '2017-08-02 10:29:46'),
(241, 2, 17, '62000.00', '', 2017, '2017-07-31', 4, 4, '2017-08-02 10:30:25', '2017-08-02 10:30:25'),
(242, 2, 21, '222301.00', 'Incl Incentive Tk. 139712', 2017, '2017-06-30', 4, 4, '2017-08-02 10:47:00', '2017-08-02 10:47:00'),
(243, 2, 23, '100000.00', '', 2017, '2017-06-30', 4, 4, '2017-08-02 10:50:22', '2017-08-02 10:50:22'),
(244, 2, 21, '9418.00', 'Games & Sports', 2017, '2017-06-30', 4, 4, '2017-08-02 10:51:57', '2017-08-02 10:51:57'),
(245, 2, 27, '70836.00', '', 2017, '2017-06-30', 4, 4, '2017-08-02 10:53:00', '2017-08-02 10:53:00'),
(246, 2, 27, '70836.00', '', 2017, '2017-07-31', 4, 4, '2017-08-02 10:53:40', '2017-08-02 10:53:40'),
(247, 2, 31, '300000.00', '', 2017, '2017-06-30', 4, 4, '2017-08-02 10:54:32', '2017-08-02 10:54:32'),
(248, 2, 31, '300000.00', '', 2017, '2017-07-31', 4, 4, '2017-08-02 10:55:01', '2017-08-02 10:55:01'),
(249, 2, 36, '40500.00', '', 2017, '2017-06-30', 4, 4, '2017-08-02 10:55:45', '2017-08-02 10:55:45'),
(250, 2, 36, '40500.00', '', 2017, '2017-07-31', 4, 4, '2017-08-02 10:56:16', '2017-08-02 10:56:16'),
(251, 2, 58, '1000000.00', '', 2017, '2017-07-31', 4, 4, '2017-08-02 10:57:27', '2017-08-02 10:57:27'),
(252, 2, 42, '145000.00', '', 2017, '2017-07-31', 4, 4, '2017-08-02 10:58:35', '2017-08-02 10:58:35'),
(253, 2, 9, '59000.00', '', 2017, '2017-06-30', 4, 4, '2017-08-02 11:02:48', '2017-08-02 11:02:48'),
(254, 1, 9, '54330.00', '', 2017, '2017-06-30', 4, 4, '2017-08-02 11:05:23', '2017-08-02 11:05:23'),
(255, 1, 9, '108870.00', '', 2017, '2017-07-31', 4, 4, '2017-08-02 11:06:03', '2017-08-02 11:06:03'),
(256, 1, 10, '39480.00', '', 2017, '2017-06-30', 4, 4, '2017-08-02 11:14:02', '2017-08-02 11:14:02'),
(257, 1, 10, '23550.00', '', 2017, '2017-07-31', 4, 4, '2017-08-02 11:15:22', '2017-08-02 11:15:22'),
(258, 1, 11, '153865.00', '', 2017, '2017-06-30', 4, 4, '2017-08-02 11:16:07', '2017-08-02 11:16:07'),
(259, 1, 11, '81030.00', '', 2017, '2017-07-31', 4, 4, '2017-08-02 11:17:09', '2017-08-02 11:17:09'),
(260, 1, 15, '170000.00', '', 2017, '2017-06-30', 4, 4, '2017-08-02 11:17:55', '2017-08-02 11:17:55'),
(261, 1, 15, '129970.00', '', 2017, '2017-07-31', 4, 4, '2017-08-02 11:18:46', '2017-08-02 11:18:46'),
(262, 1, 16, '151375.00', '', 2017, '2017-06-30', 4, 4, '2017-08-02 11:19:43', '2017-08-02 11:19:43'),
(263, 1, 16, '77250.00', '', 2017, '2017-07-31', 4, 4, '2017-08-02 11:20:28', '2017-08-02 11:20:28'),
(264, 1, 17, '12000.00', '', 2017, '2017-07-31', 4, 4, '2017-08-02 11:21:01', '2017-08-02 11:21:01'),
(265, 1, 18, '35000.00', '', 2017, '2017-06-30', 4, 4, '2017-08-02 11:21:45', '2017-08-02 11:21:45'),
(266, 1, 19, '300000.00', '', 2017, '2017-07-31', 4, 4, '2017-08-02 11:22:57', '2017-08-02 11:22:57'),
(267, 1, 21, '133000.00', '', 2017, '2017-07-31', 4, 4, '2017-08-02 11:24:21', '2017-08-02 11:24:21'),
(268, 1, 22, '360000.00', '', 2017, '2017-07-31', 4, 4, '2017-08-02 11:25:20', '2017-08-02 11:25:20'),
(269, 1, 24, '180000.00', '', 2017, '2017-06-30', 4, 4, '2017-08-02 11:27:12', '2017-08-02 11:27:12'),
(270, 1, 24, '180000.00', '', 2017, '2017-07-31', 4, 4, '2017-08-02 11:27:50', '2017-08-02 11:27:50'),
(271, 1, 27, '235950.00', '', 2017, '2017-06-30', 4, 4, '2017-08-02 11:29:12', '2017-08-02 11:29:12'),
(272, 1, 27, '209661.00', '', 2017, '2017-07-31', 4, 4, '2017-08-02 11:29:45', '2017-08-02 11:29:45'),
(273, 1, 28, '8000000.00', '', 2017, '2017-07-31', 4, 4, '2017-08-02 11:32:13', '2017-08-02 11:32:13'),
(274, 1, 30, '68299.00', '', 2017, '2017-06-30', 4, 4, '2017-08-02 11:33:05', '2017-08-02 11:33:05'),
(275, 1, 31, '893834.00', '', 2017, '2017-06-30', 4, 4, '2017-08-02 11:35:43', '2017-08-02 11:35:43'),
(277, 1, 31, '966500.00', '', 2017, '2017-07-31', 4, 4, '2017-08-02 11:36:17', '2017-08-02 11:36:17'),
(278, 1, 32, '1073000.00', '', 2017, '2017-07-24', 4, 4, '2017-08-02 11:37:11', '2017-08-02 11:37:11'),
(279, 1, 35, '600000.00', '', 2017, '2017-06-30', 4, 4, '2017-08-02 11:39:29', '2017-08-02 11:39:29'),
(280, 1, 35, '2000000.00', '', 2017, '2017-07-31', 4, 4, '2017-08-02 11:40:02', '2017-08-02 11:40:02'),
(281, 1, 36, '29500.00', '', 2017, '2017-06-30', 4, 4, '2017-08-02 11:41:26', '2017-08-02 11:41:26'),
(282, 1, 36, '104199.00', '', 2017, '2017-07-31', 4, 4, '2017-08-02 11:42:09', '2017-08-02 11:42:09'),
(283, 1, 37, '20000.00', '', 2017, '2017-06-30', 4, 4, '2017-08-02 11:42:51', '2017-08-02 11:42:51'),
(284, 1, 37, '153558.00', '', 2017, '2017-07-31', 4, 4, '2017-08-02 11:43:33', '2017-08-02 11:43:33'),
(285, 1, 68, '2200000.00', '', 2017, '2017-07-31', 4, 4, '2017-08-02 11:44:59', '2017-08-02 11:44:59'),
(286, 1, 69, '485000.00', '', 2017, '2017-07-31', 4, 4, '2017-08-02 11:45:41', '2017-08-02 11:45:41'),
(287, 1, 63, '4000000.00', '', 2017, '2017-06-30', 4, 4, '2017-08-02 12:27:34', '2017-08-02 12:27:34'),
(288, 1, 63, '3000000.00', '', 2017, '2017-07-31', 4, 4, '2017-08-02 12:28:19', '2017-08-02 12:28:19'),
(289, 1, 61, '100000.00', '', 2017, '2017-07-31', 4, 4, '2017-08-02 12:29:23', '2017-08-02 12:29:23'),
(290, 1, 57, '1000000.00', '', 2017, '2017-07-31', 4, 4, '2017-08-02 12:30:09', '2017-08-02 12:30:09'),
(291, 1, 84, '500000.00', '', 2017, '2017-06-30', 4, 4, '2017-08-02 12:32:14', '2017-08-02 12:32:14'),
(292, 1, 85, '500000.00', '', 2017, '2017-04-30', 4, 4, '2017-08-02 12:46:36', '2017-08-02 12:46:36'),
(294, 2, 58, '600000.00', '', 2017, '2017-07-31', 4, 4, '2017-08-03 12:54:02', '2017-08-03 12:54:02'),
(295, 1, 31, '900000.00', '0', 2017, '2017-08-10', 4, 4, '2017-08-10 09:25:04', '2017-08-10 09:25:04'),
(296, 1, 83, '500000.00', '0', 2017, '2017-08-10', 4, 4, '2017-08-10 09:28:59', '2017-08-10 09:28:59'),
(297, 1, 35, '3350000.00', '0', 2017, '2017-08-10', 4, 4, '2017-08-10 09:29:52', '2017-08-10 09:29:52'),
(298, 1, 36, '40000.00', '0', 2017, '2017-08-10', 4, 4, '2017-08-10 09:33:16', '2017-08-10 09:33:16'),
(299, 1, 37, '33000.00', '0', 2017, '2017-08-10', 4, 4, '2017-08-10 09:33:43', '2017-08-10 09:33:43'),
(300, 2, 31, '300000.00', '0', 2017, '2017-08-10', 4, 4, '2017-08-10 09:34:31', '2017-08-10 09:34:31'),
(301, 3, 31, '500000.00', '0', 2017, '2017-08-10', 4, 4, '2017-08-10 09:35:42', '2017-08-10 09:35:42'),
(302, 3, 9, '200000.00', '0', 2017, '2017-08-10', 4, 4, '2017-08-10 09:36:20', '2017-08-10 09:36:20'),
(303, 3, 11, '300000.00', '0', 2017, '2017-08-10', 4, 4, '2017-08-10 09:36:56', '2017-08-10 09:36:56'),
(304, 3, 34, '200000.00', '0', 2017, '2017-08-10', 4, 4, '2017-08-10 09:37:37', '2017-08-10 09:37:37'),
(305, 3, 35, '500000.00', '0', 2017, '2017-08-10', 4, 4, '2017-08-10 09:38:13', '2017-08-10 09:38:13'),
(306, 3, 40, '100000.00', '0', 2017, '2017-08-10', 4, 4, '2017-08-10 09:41:09', '2017-08-10 09:41:09'),
(307, 3, 67, '350000.00', '0', 2017, '2017-08-10', 4, 4, '2017-08-10 09:43:05', '2017-08-10 09:43:05'),
(308, 3, 43, '300000.00', '0', 2017, '2017-08-10', 4, 4, '2017-08-10 09:44:33', '2017-08-10 09:44:33'),
(309, 3, 45, '200000.00', '0', 2017, '2017-08-10', 4, 4, '2017-08-10 09:45:10', '2017-08-10 09:45:10'),
(312, 4, 31, '150000.00', '0', 2017, '2017-08-10', 4, 4, '2017-08-10 09:55:22', '2017-08-10 09:55:22'),
(313, 6, 79, '342000.00', '0', 2017, '2017-08-10', 4, 4, '2017-08-10 09:56:33', '2017-08-10 09:56:33'),
(314, 6, 31, '300000.00', '0', 2017, '2017-08-10', 4, 4, '2017-08-10 09:58:08', '2017-08-10 09:58:08'),
(315, 6, 35, '500000.00', '0', 2017, '2017-08-10', 4, 4, '2017-08-10 09:58:50', '2017-08-10 09:58:50'),
(316, 6, 77, '6000.00', '0', 2017, '2017-08-10', 4, 4, '2017-08-10 09:59:51', '2017-08-10 09:59:51'),
(317, 6, 82, '13130.00', '0', 2017, '2017-08-10', 4, 4, '2017-08-10 10:00:39', '2017-08-10 10:00:39'),
(318, 6, 58, '300000.00', '0', 2017, '2017-08-10', 4, 4, '2017-08-10 10:01:33', '2017-08-10 10:01:33'),
(320, 3, 46, '150000.00', '0', 2017, '2017-08-10', 4, 4, '2017-08-10 10:50:06', '2017-08-10 10:50:06'),
(321, 3, 66, '200000.00', '0', 2017, '2017-08-10', 4, 4, '2017-08-10 11:06:25', '2017-08-10 11:06:25'),
(322, 1, 25, '54000.00', '0', 2017, '2017-08-19', 4, 4, '2017-08-19 09:57:22', '2017-08-19 09:57:22'),
(323, 1, 39, '1000000.00', '0', 2017, '2017-08-19', 4, 4, '2017-08-19 09:58:29', '2017-08-19 09:58:29'),
(324, 2, 45, '300000.00', '0', 2017, '2017-08-19', 4, 4, '2017-08-19 10:00:39', '2017-08-19 10:00:39'),
(325, 6, 35, '1000000.00', '0', 2017, '2017-08-19', 4, 4, '2017-08-19 10:02:11', '2017-08-19 10:02:11'),
(326, 6, 35, '150000.00', '0', 2017, '2017-08-19', 4, 4, '2017-08-19 10:04:27', '2017-08-19 10:04:27'),
(327, 6, 58, '400000.00', '0', 2017, '2017-08-19', 4, 4, '2017-08-19 10:05:14', '2017-08-19 10:05:14'),
(328, 6, 42, '61100.00', '0', 2017, '2017-08-19', 4, 4, '2017-08-19 10:12:58', '2017-08-19 10:12:58'),
(329, 1, 21, '130400.00', '0', 2017, '2017-08-20', 4, 4, '2017-08-20 15:10:07', '2017-08-20 15:10:07'),
(330, 1, 29, '714000.00', '0', 2017, '2017-08-22', 4, 4, '2017-08-22 12:58:47', '2017-08-22 12:58:47'),
(331, 1, 57, '1000000.00', '0', 2017, '2017-08-22', 4, 4, '2017-08-22 13:00:54', '2017-08-22 13:00:54'),
(332, 1, 63, '3500000.00', '0', 2017, '2017-08-23', 4, 4, '2017-08-23 15:30:53', '2017-08-23 15:30:53'),
(333, 6, 79, '1039290.00', '0', 2017, '2017-08-23', 4, 4, '2017-08-23 15:32:19', '2017-08-23 15:32:19'),
(334, 1, 11, '300000.00', '0', 2017, '2017-08-24', 4, 4, '2017-08-24 16:08:44', '2017-08-24 16:08:44'),
(335, 1, 41, '100000.00', '0', 2017, '2017-08-24', 4, 4, '2017-08-24 16:09:38', '2017-08-24 16:09:38'),
(336, 1, 58, '1465000.00', '0', 2017, '2017-08-24', 4, 4, '2017-08-24 16:10:44', '2017-08-24 16:10:44'),
(337, 1, 45, '260500.00', 'Melandah Flood Relief', 2017, '2017-08-24', 4, 4, '2017-08-24 16:12:31', '2017-08-24 16:12:31'),
(338, 1, 34, '120000.00', '0', 2017, '2017-08-27', 4, 4, '2017-08-27 15:40:54', '2017-08-27 15:40:54'),
(339, 3, 35, '1500000.00', 'For Mahmuda Khanam KG School', 2017, '2017-08-27', 4, 4, '2017-08-27 15:42:30', '2017-08-27 15:42:30'),
(340, 6, 82, '382210.00', '0', 2017, '2017-08-27', 4, 4, '2017-08-27 16:10:55', '2017-08-27 16:10:55'),
(341, 4, 9, '30000.00', '0', 2017, '2017-08-27', 4, 4, '2017-08-27 16:11:59', '2017-08-27 16:11:59'),
(342, 4, 15, '221000.00', '0', 2017, '2017-08-27', 4, 4, '2017-08-27 16:12:29', '2017-08-27 16:12:29'),
(343, 4, 27, '40000.00', '0', 2017, '2017-08-27', 4, 4, '2017-08-27 16:13:05', '2017-08-27 16:13:05'),
(344, 4, 30, '9000.00', '0', 2017, '2017-08-27', 4, 4, '2017-08-27 16:13:46', '2017-08-27 16:13:46'),
(345, 2, 9, '70000.00', '0', 2017, '2017-08-27', 4, 4, '2017-08-27 16:15:03', '2017-08-27 16:15:03'),
(346, 2, 10, '20000.00', '0', 2017, '2017-08-27', 4, 4, '2017-08-27 16:15:34', '2017-08-27 16:15:34'),
(347, 2, 11, '20000.00', '0', 2017, '2017-08-27', 4, 4, '2017-08-27 16:16:13', '2017-08-27 16:16:13'),
(348, 2, 15, '579500.00', '0', 2017, '2017-08-27', 4, 4, '2017-08-27 16:16:59', '2017-08-27 16:16:59'),
(349, 2, 16, '10000.00', '0', 2017, '2017-08-27', 4, 4, '2017-08-27 16:17:30', '2017-08-27 16:17:30'),
(350, 2, 27, '90000.00', '0', 2017, '2017-08-27', 4, 4, '2017-08-27 16:18:16', '2017-08-27 16:18:16'),
(351, 2, 30, '20000.00', '0', 2017, '2017-08-27', 4, 4, '2017-08-27 16:19:01', '2017-08-27 16:19:01'),
(352, 1, 9, '152055.00', '0', 2017, '2017-08-27', 4, 4, '2017-08-27 16:20:57', '2017-08-27 16:20:57'),
(353, 1, 10, '52750.00', '0', 2017, '2017-08-27', 4, 4, '2017-08-27 16:21:20', '2017-08-27 16:21:20'),
(354, 1, 11, '21815.00', '0', 2017, '2017-08-27', 4, 4, '2017-08-27 16:21:47', '2017-08-27 16:21:47'),
(355, 1, 15, '171000.00', '0', 2017, '2017-08-27', 4, 4, '2017-08-27 16:22:24', '2017-08-27 16:22:24'),
(356, 1, 16, '116750.00', '0', 2017, '2017-08-27', 4, 4, '2017-08-27 16:22:53', '2017-08-27 16:22:53'),
(357, 1, 24, '180000.00', '0', 2017, '2017-08-27', 4, 4, '2017-08-27 16:23:22', '2017-08-27 16:23:22'),
(358, 1, 27, '172600.00', '0', 2017, '2017-08-27', 4, 4, '2017-08-27 16:23:57', '2017-08-27 16:23:57'),
(359, 1, 30, '15190.00', '0', 2017, '2017-08-27', 4, 4, '2017-08-27 16:24:51', '2017-08-27 16:24:51'),
(360, 1, 36, '132500.00', '0', 2017, '2017-08-27', 4, 4, '2017-08-27 16:26:00', '2017-08-27 16:26:00'),
(361, 1, 37, '10000.00', '0', 2017, '2017-08-27', 4, 4, '2017-08-27 16:26:28', '2017-08-27 16:26:28'),
(362, 2, 36, '40500.00', '0', 2017, '2017-08-27', 4, 4, '2017-08-27 16:27:09', '2017-08-27 16:27:09'),
(363, 2, 71, '112600.00', 'Teachers Sitting Desks (18 x Teachers)', 2017, '2017-08-29', 4, 4, '2017-08-29 15:08:51', '2017-08-29 09:08:51'),
(364, 1, 35, '400000.00', '0', 2017, '2017-08-31', 4, 4, '2017-08-31 10:31:13', '2017-08-31 10:31:13'),
(365, 1, 70, '700000.00', '0', 2017, '2017-09-05', 4, 4, '2017-09-05 10:39:20', '2017-09-05 10:39:20');

-- --------------------------------------------------------

--
-- Table structure for table `ut_heads`
--

CREATE TABLE `ut_heads` (
  `head_row_id` int(11) NOT NULL,
  `title` varchar(255) NOT NULL,
  `description` text NOT NULL,
  `sort_order` int(11) NOT NULL DEFAULT '0',
  `parent_id` int(11) NOT NULL DEFAULT '0',
  `has_child` tinyint(1) NOT NULL DEFAULT '0',
  `level` int(11) DEFAULT NULL COMMENT 'head level, parent ~ 0, child ~ 1, grand-child ~ 2, great-grand-child ~ 3',
  `is_unforeseen` tinyint(1) NOT NULL DEFAULT '0',
  `is_project` tinyint(1) NOT NULL DEFAULT '0',
  `status` int(3) NOT NULL DEFAULT '1',
  `created_by` int(11) NOT NULL COMMENT 'user id of head creator',
  `updated_by` int(11) NOT NULL COMMENT 'user id of head updator',
  `created_at` datetime NOT NULL DEFAULT CURRENT_TIMESTAMP ON UPDATE CURRENT_TIMESTAMP,
  `updated_at` datetime NOT NULL DEFAULT CURRENT_TIMESTAMP ON UPDATE CURRENT_TIMESTAMP
) ENGINE=InnoDB DEFAULT CHARSET=latin1 ROW_FORMAT=DYNAMIC;

--
-- Dumping data for table `ut_heads`
--

INSERT INTO `ut_heads` (`head_row_id`, `title`, `description`, `sort_order`, `parent_id`, `has_child`, `level`, `is_unforeseen`, `is_project`, `status`, `created_by`, `updated_by`, `created_at`, `updated_at`) VALUES
(2, 'Pay and Allowances', 'all allowance include Momenabad', 1, 0, 1, 0, 0, 0, 1, 2, 2, '2017-05-04 11:31:50', '2017-05-04 11:31:50'),
(3, 'Education', '', 2, 0, 1, 0, 0, 0, 1, 2, 2, '2017-05-04 11:31:39', '2017-05-04 11:31:39'),
(4, 'Poverty Alleviation (DBP)', '', 3, 0, 1, 0, 0, 0, 1, 2, 2, '2017-03-16 15:38:34', '2017-03-16 15:38:34'),
(5, 'Health', '', 4, 0, 1, 0, 0, 0, 1, 2, 2, '2017-03-16 15:46:53', '2017-03-16 15:46:53'),
(6, 'Community Service', '', 5, 0, 1, 0, 0, 0, 1, 2, 2, '2017-03-16 15:52:18', '2017-03-16 15:52:18'),
(7, 'Projects', '', 6, 0, 1, 0, 0, 1, 1, 2, 2, '2017-08-27 15:39:53', '2017-08-27 15:39:53'),
(8, 'Unforeseen', '', 7, 0, 1, 0, 1, 0, 1, 2, 2, '2017-03-16 16:22:03', '2017-03-16 16:22:03'),
(9, 'Complex Staff Salary / Honorarium', '', 1, 2, 0, 1, 0, 0, 1, 2, 2, '2017-03-21 15:39:23', '2017-03-21 15:39:23'),
(10, 'Trust Staff Salary / Honorarium', '', 2, 2, 0, 1, 0, 0, 1, 2, 2, '2017-07-31 12:18:28', '2017-07-31 12:18:28'),
(11, 'Complex and Trust Admin/ Misc Exp / Food Allces', 'Include Momenabad', 3, 2, 0, 1, 0, 0, 1, 2, 2, '2017-03-18 13:06:25', '2017-03-18 13:06:25'),
(12, 'Teachers Salary / Honorarium', '', 1, 3, 1, 1, 0, 0, 1, 2, 2, '2017-03-16 15:19:28', '2017-03-16 15:19:28'),
(13, 'Exam / Co-curricular  Expenses', '', 2, 3, 1, 1, 0, 0, 1, 2, 2, '2017-03-16 15:25:52', '2017-03-16 15:25:52'),
(14, 'Orphanage / Others (Trust)', '', 3, 3, 1, 1, 0, 0, 1, 2, 2, '2017-03-18 13:07:54', '2017-03-18 13:07:54'),
(15, 'Schools / Madrashas / Institutions (Hon / Salary)', '', 1, 12, 0, 2, 0, 0, 1, 2, 2, '2017-03-21 15:43:19', '2017-03-21 15:43:19'),
(16, 'Moktab / Hifz / Orphanage Teachers (Hon / Salary)', '', 2, 12, 0, 2, 0, 0, 1, 2, 2, '2017-03-30 14:19:13', '2017-03-30 14:19:13'),
(17, 'Misc Expenses', '', 3, 12, 0, 2, 0, 0, 1, 2, 2, '2017-03-30 14:19:53', '2017-03-30 14:19:53'),
(18, 'Tuition Fee Waiver / Student Scholarship', '', 1, 13, 0, 2, 0, 0, 1, 2, 2, '2017-03-16 15:25:52', '2017-03-16 15:25:52'),
(19, 'Misc Exp', '', 2, 13, 0, 2, 0, 0, 1, 2, 2, '2017-03-16 15:26:19', '2017-03-16 15:26:19'),
(20, 'Incentive for Result', '', 3, 13, 0, 2, 0, 0, 1, 2, 2, '2017-03-16 15:27:08', '2017-03-16 15:27:08'),
(21, 'Examination / Coaching Expenses', '', 4, 13, 0, 2, 0, 0, 1, 2, 2, '2017-03-16 15:28:42', '2017-03-16 15:28:42'),
(22, 'Celebration of Important Days / Organizing Competitions', '', 5, 13, 0, 2, 0, 0, 1, 2, 2, '2017-03-16 15:31:05', '2017-03-16 15:31:05'),
(23, 'Games & Sports Competition', '', 6, 13, 0, 2, 0, 0, 1, 2, 2, '2017-03-16 15:32:00', '2017-03-16 15:32:00'),
(24, 'Orphanage : Yearly Budget', '', 1, 14, 0, 2, 0, 0, 1, 2, 2, '2017-03-16 15:36:08', '2017-03-16 15:36:08'),
(25, 'Orphanage : Dress', '', 2, 14, 0, 2, 0, 0, 1, 2, 2, '2017-03-16 15:36:53', '2017-03-16 15:36:53'),
(26, 'Misc Expenses', '', 3, 14, 0, 2, 0, 0, 1, 2, 2, '2017-03-16 15:37:29', '2017-03-16 15:37:29'),
(27, 'Staff Salary', 'Include Momenabad', 1, 4, 0, 1, 0, 0, 1, 2, 2, '2017-03-16 15:38:34', '2017-03-16 15:38:34'),
(28, 'Credit Scheme Fund', '', 2, 4, 0, 1, 0, 0, 1, 2, 2, '2017-03-16 15:41:30', '2017-03-16 15:41:30'),
(29, 'Skill Development Training and Other DBP Wks', '', 2, 4, 0, 1, 0, 0, 1, 2, 2, '2017-03-16 15:43:07', '2017-03-16 15:43:07'),
(30, 'Admin / Misc Expenses', '', 4, 4, 0, 1, 0, 0, 1, 2, 2, '2017-03-16 15:43:45', '2017-03-16 15:43:45'),
(31, 'Yearly Budget', '', 1, 5, 0, 1, 0, 0, 1, 2, 2, '2017-03-16 15:46:53', '2017-03-16 15:46:53'),
(32, 'Purchase of Instrument/Equipment/Reagent/Stationery/Furniture', '', 2, 5, 0, 1, 0, 0, 1, 2, 2, '2017-03-28 14:33:34', '2017-03-28 14:33:34'),
(33, 'Health Camp Expenses', '', 3, 5, 0, 1, 0, 0, 1, 2, 2, '2017-03-16 15:49:15', '2017-03-16 15:49:15'),
(34, 'Misc Expenses', '', 4, 5, 0, 1, 0, 0, 1, 2, 2, '2017-03-16 15:50:09', '2017-03-16 15:50:09'),
(35, 'Mosque/Madrasha/Institution', '', 1, 6, 0, 1, 0, 0, 1, 2, 2, '2017-03-28 16:24:26', '2017-03-28 16:24:26'),
(36, 'Financial Assistance to Poor/Old People/Others Indls', '', 2, 6, 0, 1, 0, 0, 1, 2, 2, '2017-03-16 15:53:48', '2017-03-16 15:53:48'),
(37, 'Advance Treatment/Thalasamia Patient/Other Patients Donation', '', 3, 6, 0, 1, 0, 0, 1, 2, 2, '2017-03-28 14:42:08', '2017-03-28 14:42:08'),
(38, 'Tree Plantation', '', 4, 6, 0, 1, 0, 0, 1, 2, 2, '2017-03-16 15:57:07', '2017-03-16 15:57:07'),
(39, 'Relief (Natural Calamity and Winter)', '', 5, 6, 0, 1, 0, 0, 1, 2, 2, '2017-03-16 15:58:47', '2017-03-16 15:58:47'),
(40, 'Misc Expenses', '', 7, 6, 0, 1, 0, 0, 1, 2, 2, '2017-03-30 12:47:47', '2017-03-30 12:47:47'),
(41, 'Pay and Allowances', '', 1, 8, 0, 1, 1, 0, 1, 2, 2, '2017-04-16 12:19:13', '2017-04-16 12:19:13'),
(42, 'Education', '', 2, 8, 0, 1, 1, 0, 1, 2, 2, '2017-04-16 12:19:18', '2017-04-16 12:19:18'),
(43, 'Health', '', 3, 8, 0, 1, 1, 0, 1, 2, 2, '2017-04-16 12:20:19', '2017-04-16 12:20:19'),
(44, 'Poverty Alleviation (DBP)', '', 4, 8, 0, 1, 1, 0, 1, 2, 2, '2017-04-16 12:20:19', '2017-04-16 12:20:19'),
(45, 'Community Service', '', 5, 8, 0, 1, 1, 0, 1, 2, 2, '2017-04-16 12:20:19', '2017-04-16 12:20:19'),
(46, 'Projects', '', 6, 8, 0, 1, 1, 0, 1, 2, 2, '2017-04-16 12:20:19', '2017-04-16 12:20:19'),
(47, 'Education', '', 1, 7, 1, 1, 0, 1, 1, 2, 2, '2017-08-27 15:40:31', '2017-08-27 15:40:31'),
(48, 'Health', '', 2, 7, 1, 1, 0, 1, 1, 2, 2, '2017-08-27 15:41:05', '2017-08-27 15:41:05'),
(49, 'Daridro Bimochon Prokolopo', '', 3, 7, 1, 1, 0, 1, 1, 2, 2, '2017-08-27 15:41:05', '2017-08-27 15:41:05'),
(50, 'Community Service', '', 4, 7, 1, 1, 0, 1, 1, 2, 2, '2017-08-27 15:41:05', '2017-08-27 15:41:05'),
(51, 'Other / Misc', '', 5, 7, 1, 1, 0, 1, 1, 2, 2, '2017-08-27 15:41:05', '2017-08-27 15:41:05'),
(52, 'Registration Exp of Jt Stock Coy of Al-Amin Rashidia Jamiria Trust', '', 1, 51, 0, 2, 0, 1, 1, 2, 2, '2017-08-27 15:46:52', '2017-08-27 15:46:52'),
(53, 'Constrs of 3 Storied Trust Office Bldg cum Accn (6,000 sft)', '', 2, 51, 0, 2, 0, 1, 1, 2, 2, '2017-08-27 15:46:52', '2017-08-27 15:46:52'),
(54, 'Mosjid Constrs at Mothkhola Complex (4,500 sft)', '', 3, 51, 0, 2, 0, 1, 1, 2, 2, '2017-08-27 15:46:52', '2017-08-27 15:46:52'),
(55, 'Trust Office cum Accommodation over Hospital Bldg', '', 4, 51, 0, 2, 0, 1, 1, 2, 2, '2017-08-27 15:46:52', '2017-08-27 15:46:52'),
(56, 'Pond Protection / Misc Wks Near Clinic / Mosjid at Katlasen, Myn', '', 5, 51, 0, 2, 0, 1, 1, 2, 2, '2017-08-27 15:46:52', '2017-08-27 15:46:52'),
(57, 'House for Poor People', '', 1, 50, 0, 2, 0, 1, 1, 2, 2, '2017-08-27 15:46:36', '2017-08-27 15:46:36'),
(58, 'Toilet for Poor People', '', 2, 50, 0, 2, 0, 1, 1, 2, 2, '2017-08-27 15:46:36', '2017-08-27 15:46:36'),
(59, 'Tube Wells for Poor People', '', 3, 50, 0, 2, 0, 1, 1, 2, 2, '2017-08-27 15:46:36', '2017-08-27 15:46:36'),
(60, 'Constr of an Old Home for 48 Pers (Tin Shed, 6000 sft) (Part-30%)', '', 4, 50, 0, 2, 0, 1, 1, 2, 2, '2017-08-27 15:46:36', '2017-08-27 15:46:36'),
(61, 'Training Shed for Women (1500 sft)', '', 1, 49, 0, 2, 0, 1, 1, 2, 2, '2017-08-27 15:45:47', '2017-08-27 15:45:47'),
(62, 'Constr of 1 X Tin Shed DBP Office (2 X Rooms) at Hazrabari (Melandha)', '', 2, 49, 0, 2, 0, 1, 1, 2, 2, '2017-08-27 15:45:47', '2017-08-27 15:45:47'),
(63, 'Constr of United Trust Hosp, Jamalpur(B+G+5) (Part-35%)', '', 1, 48, 0, 2, 0, 1, 1, 2, 2, '2017-08-27 15:45:28', '2017-08-27 15:45:28'),
(64, 'Expansion of AMARMSOCH (Approx 2000 sft)', '', 2, 48, 0, 2, 0, 1, 1, 2, 2, '2017-08-27 15:45:28', '2017-08-27 15:45:28'),
(65, 'Renovation of Outdoor and Indoor Wards of Melandah Health Complex', '', 3, 48, 0, 2, 0, 1, 1, 2, 2, '2017-08-27 15:45:28', '2017-08-27 15:45:28'),
(66, 'Hospital Renovation Work', '', 4, 48, 0, 2, 0, 1, 1, 2, 2, '2017-08-27 15:45:28', '2017-08-27 15:45:28'),
(67, 'Misc Small Work', '', 5, 48, 0, 2, 0, 1, 1, 2, 2, '2017-08-27 15:45:28', '2017-08-27 15:45:28'),
(68, 'Expansion', '', 1, 47, 0, 2, 0, 1, 1, 2, 2, '2017-08-27 15:43:16', '2017-08-27 15:43:16'),
(69, 'Multimedia Class Room', '', 2, 47, 0, 2, 0, 1, 1, 2, 2, '2017-08-27 15:43:45', '2017-08-27 15:43:45'),
(70, 'Construction', '', 3, 47, 0, 2, 0, 1, 1, 2, 2, '2017-08-27 15:43:45', '2017-08-27 15:43:45'),
(71, 'CI Room Decoration', '', 4, 47, 0, 2, 0, 1, 1, 2, 2, '2017-08-27 15:43:45', '2017-08-27 15:43:45'),
(72, 'Land Purchase', '', 5, 47, 0, 2, 0, 1, 1, 2, 2, '2017-08-27 15:43:45', '2017-08-27 15:43:45'),
(73, 'Gate,BdryFencing and Foot Path', '', 6, 47, 0, 2, 0, 1, 1, 2, 2, '2017-08-27 15:43:45', '2017-08-27 15:43:45'),
(74, 'Piling of Academic Bldg,Bdry Wall,Culvert', '', 7, 47, 0, 2, 0, 1, 1, 2, 2, '2017-08-27 15:43:45', '2017-08-27 15:43:45'),
(75, 'Trust Web Site and ERP', '', 8, 47, 0, 2, 0, 1, 1, 2, 2, '2017-08-27 15:43:45', '2017-08-27 15:43:45'),
(76, 'Renovation of Hifzkhana', '', 9, 47, 0, 2, 0, 1, 1, 2, 2, '2017-08-27 15:43:45', '2017-08-27 15:43:45'),
(77, 'United Trust Admin and Other Expenses', '', 10, 47, 0, 2, 0, 1, 1, 2, 2, '2017-08-27 15:43:45', '2017-08-27 15:43:45'),
(78, 'BD Educations', '', 4, 3, 1, 1, 0, 0, 1, 2, 2, '2017-03-28 16:42:20', '2017-03-28 16:42:20'),
(79, 'Directors/Staff/Teacher Salary/Honorarium', '', 1, 78, 0, 2, 0, 0, 1, 2, 2, '2017-03-28 16:42:20', '2017-03-28 16:42:20'),
(80, 'Equipments/Hardware Items Purchase', '', 2, 78, 0, 2, 0, 0, 1, 2, 2, '2017-03-28 16:43:18', '2017-03-28 16:43:18'),
(81, 'Misc/Admin/Expendable Expenses', '', 3, 78, 0, 2, 0, 0, 1, 2, 2, '2017-04-05 11:20:36', '2017-04-05 11:20:36'),
(82, 'Monthly Payment to Different Institution (Rate Fixed - List Attach)', '', 6, 6, 0, 1, 0, 0, 1, 2, 2, '2017-03-30 12:47:24', '2017-03-30 12:47:24'),
(83, 'Constr of Miner- Anjuman Eid Gah Mosjid, Mymensingh (upto 100)', '', 5, 50, 0, 2, 0, 1, 1, 3, 3, '2017-08-27 15:46:36', '2017-08-27 15:46:36'),
(84, 'Constrs of UT office Complex at Maloncha', '', 6, 51, 0, 2, 0, 1, 1, 3, 3, '2017-08-27 15:46:52', '2017-08-27 15:46:52'),
(85, 'Street Light of Maloncha', '', 7, 51, 0, 2, 0, 1, 1, 3, 3, '2017-08-27 15:46:52', '2017-08-27 15:46:52'),
(86, 'Left Over Work Constrs of Tin Shed Bldg of Nizkunjora Academy', '', 8, 51, 0, 2, 0, 1, 1, 3, 3, '2017-08-27 15:46:52', '2017-08-27 15:46:52'),
(87, 'Constrs Of aTin Shed Masque for Ghopal Union Parishad (600 Sft)', '', 9, 51, 0, 2, 0, 1, 1, 3, 3, '2017-08-27 15:46:52', '2017-08-27 15:46:52'),
(88, 'Constrs Of aTin Shed Accomodation (400 sft) for Imam and Muazzin of Nizkunjora (Mosjid)', '', 10, 51, 0, 2, 0, 1, 1, 3, 3, '2017-08-27 15:46:52', '2017-08-27 15:46:52'),
(89, 'Constrs of a TIn Shed Bldg(70''* 23'') Partial for Nizkunjora Adarsha Academey incl Bdrt fencing and Gate', '', 11, 47, 0, 2, 0, 1, 1, 3, 3, '2017-08-27 15:43:45', '2017-08-27 15:43:45'),
(90, 'Constrs Of Canteen and Cycle stand at Nizkunjora High School', '', 12, 47, 0, 2, 0, 1, 1, 3, 3, '2017-08-27 15:43:45', '2017-08-27 15:43:45');

-- --------------------------------------------------------

--
-- Table structure for table `ut_jakat_allocations`
--

CREATE TABLE `ut_jakat_allocations` (
  `jakat_allocation_row_id` int(11) NOT NULL,
  `amount` decimal(14,2) NOT NULL,
  `remarks` text NOT NULL,
  `jakat_year` year(4) NOT NULL,
  `allocation_at` date DEFAULT NULL,
  `created_by` int(11) NOT NULL,
  `updated_by` int(11) NOT NULL,
  `created_at` datetime NOT NULL DEFAULT CURRENT_TIMESTAMP ON UPDATE CURRENT_TIMESTAMP,
  `updated_at` datetime NOT NULL DEFAULT CURRENT_TIMESTAMP ON UPDATE CURRENT_TIMESTAMP
) ENGINE=InnoDB DEFAULT CHARSET=latin1 ROW_FORMAT=DYNAMIC;

-- --------------------------------------------------------

--
-- Table structure for table `ut_jakat_donations`
--

CREATE TABLE `ut_jakat_donations` (
  `jakat_donation_row_id` int(11) NOT NULL,
  `recipient_type_id` int(11) NOT NULL,
  `jakat_recipient_row_id` int(11) NOT NULL,
  `is_individual` int(2) NOT NULL DEFAULT '2' COMMENT '1 ~ Means Organizational Applicant, 2 ~ Means Individual Applicant',
  `jakat_year` year(4) NOT NULL,
  `amount` decimal(14,2) NOT NULL,
  `donation_at` date NOT NULL,
  `remarks` text NOT NULL,
  `created_at` date NOT NULL,
  `updated_at` date NOT NULL,
  `created_by` int(11) NOT NULL,
  `updated_by` int(11) NOT NULL
) ENGINE=InnoDB DEFAULT CHARSET=latin1;

-- --------------------------------------------------------

--
-- Table structure for table `ut_jakat_recipients`
--

CREATE TABLE `ut_jakat_recipients` (
  `jakat_recipient_row_id` int(11) NOT NULL,
  `applicant_name` varchar(200) NOT NULL,
  `parent_name` varchar(200) NOT NULL,
  `mobile` varchar(20) NOT NULL,
  `national_id_number` varchar(100) DEFAULT NULL,
  `district_id` int(11) NOT NULL,
  `upazila_id` int(11) DEFAULT NULL,
  `village` text,
  `post_office` text,
  `applicant_photo` varchar(255) DEFAULT NULL,
  `organization_photo` varchar(200) DEFAULT NULL,
  `status` tinyint(1) NOT NULL DEFAULT '1',
  `is_individual` int(2) NOT NULL DEFAULT '2' COMMENT '1 ~ Means Organizational Applicant, 2 ~ Means Individual Applicant',
  `remarks` text NOT NULL,
  `updated_at` date DEFAULT NULL,
  `created_at` date DEFAULT NULL,
  `updated_by` int(11) NOT NULL,
  `created_by` int(11) NOT NULL
) ENGINE=InnoDB DEFAULT CHARSET=utf8;

-- --------------------------------------------------------

--
-- Table structure for table `ut_mis_applicants`
--

CREATE TABLE `ut_mis_applicants` (
  `applicant_row_id` int(11) NOT NULL,
  `applicant_name` varchar(200) NOT NULL,
  `parent_name` varchar(200) NOT NULL,
  `mobile` varchar(20) NOT NULL,
  `national_id_number` varchar(100) DEFAULT NULL,
  `district_id` int(11) NOT NULL,
  `upazila_id` int(11) DEFAULT NULL,
  `village` text,
  `post_office` text,
  `applicant_photo` varchar(255) DEFAULT NULL,
  `organization_photo` varchar(200) NOT NULL,
  `status` tinyint(1) NOT NULL DEFAULT '1',
  `is_individual` int(2) NOT NULL DEFAULT '2' COMMENT '1 ~ Means Organizational Applicant, 2 ~ Means Individual Applicant',
  `remarks` text NOT NULL,
  `updated_at` date DEFAULT NULL,
  `created_at` date DEFAULT NULL,
  `updated_by` int(11) NOT NULL,
  `created_by` int(11) NOT NULL
) ENGINE=InnoDB DEFAULT CHARSET=utf8;

--
-- Dumping data for table `ut_mis_applicants`
--

INSERT INTO `ut_mis_applicants` (`applicant_row_id`, `applicant_name`, `parent_name`, `mobile`, `national_id_number`, `district_id`, `upazila_id`, `village`, `post_office`, `applicant_photo`, `organization_photo`, `status`, `is_individual`, `remarks`, `updated_at`, `created_at`, `updated_by`, `created_by`) VALUES
(1, 'Most. Rashida Begum', 'Husband Late Abdul Majed Ali', '01991271077', '0', 14, 197, 'Melandha', 'Melandaha', '', '', 1, 2, '', '2017-07-05', '2017-07-05', 3, 3),
(2, 'Md. Hazrat Ali', 'Late Abed Ali', '01749734043', '0', 14, 197, 'Melandaha', 'Melandaha', '', '', 1, 2, '', '2017-07-05', '2017-07-05', 3, 3),
(3, 'Mirza Fazlul Haque', 'Late Mirza Mozzamel Haque', '01753635190', '0', 14, 197, 'Melandaha', 'Melandaha', '', '', 1, 2, '', '2017-07-05', '2017-07-05', 3, 3),
(4, 'Jabed Molla', 'Late Khezmot Ali Molla', '01921131954', '0', 14, 197, 'Melandaha', 'Melandaha', '', '', 1, 2, '', '2017-07-05', '2017-07-05', 3, 3),
(5, 'Md. Abbus', 'Late Abdul Kader', '01942567987', '0', 14, 197, NULL, NULL, '', '', 1, 2, '', '2017-07-05', '2017-07-05', 3, 3),
(6, 'Most Banesa begum', 'Late Hasmat Ali', '01941740618', '0', 14, 197, NULL, NULL, '', '', 1, 2, '', '2017-07-05', '2017-07-05', 3, 3),
(7, 'Most Razi khtun', 'Md. Abdul Haque', '01949328637', '0', 14, 197, NULL, NULL, '', '', 1, 2, '', '2017-07-05', '2017-07-05', 3, 3),
(8, 'Morshida', 'husband Late Esrafil', '01931509077', '0', 14, 193, NULL, NULL, '', '', 1, 2, '', '2017-07-05', '2017-07-05', 3, 3),
(9, 'Benu', 'Husband Late Ebaidullah', '01795140899', '0', 14, 193, NULL, NULL, '', '', 1, 2, '', '2017-07-05', '2017-07-05', 3, 3),
(10, 'Mohammad Ali', 'Pintu Akonda', '01965753486', '0', 14, 197, NULL, NULL, '', '', 1, 2, '', '2017-07-05', '2017-07-05', 3, 3),
(11, 'Jamalpur Homio Medical collage And Hospital', 'N/A', '01718975751', '0', 14, 193, NULL, NULL, '', '', 1, 1, '', '2017-07-06', '2017-07-06', 3, 3),
(12, 'Hat Chandra Mia Bari Bazar Jame Mosque', 'Khondokar Asadur Rahman', '01768365602', '0', 14, 193, NULL, NULL, '', '', 1, 1, '', '2017-07-06', '2017-07-06', 3, 3),
(13, 'Guabaria Mondal Bari Old Jame Mosque', 'Md. Shafiqul Islam Mukul', '01716758768', '0', 14, 197, NULL, NULL, '', '', 1, 1, '', '2017-07-09', '2017-07-09', 3, 3),
(14, 'Road And High way Jame Mosque', 'Md. Wahiduzaman', '01711155247', '0', 14, 193, NULL, NULL, '', '', 1, 1, '', '2017-07-16', '2017-07-16', 3, 3),
(15, 'Chandra Purbo Para Jame Mosque', 'Md. Abu Shiddique Sarker', '01946316481', '0', 14, 193, NULL, NULL, '', '', 1, 1, '', '2017-07-16', '2017-07-16', 3, 3),
(16, 'Thuri Porshchim Kuchiamora Jame Mosque', 'Md. Abdul haque', '01763228060', '0', 14, 197, NULL, NULL, '', '', 1, 1, '', '2017-07-16', '2017-07-16', 3, 3),
(17, 'Araj Bagdia Jame Mosque', 'Ayub Ali', '01727432116', '0', 14, 197, NULL, NULL, '', '', 1, 1, '', '2017-07-16', '2017-07-16', 3, 3),
(18, 'Thuri Tanki Para Sorder bari Jame Mosque', 'Alhaz Shirajul Islam', '01718301807', '0', 14, 197, NULL, NULL, '', '', 1, 1, '', '2017-07-16', '2017-07-16', 3, 3),
(19, 'Chorpolisha Moddho Dokhin Para New Jame Mosque', 'Md. Nasir Uddin', '01920965043', '0', 14, 197, NULL, NULL, '', '', 1, 1, '', '2017-07-17', '2017-07-17', 3, 3),
(20, 'Hazrat Shajalal (Ro) Jame Mosque', 'Alhaj Amdul Jolil Mir', '01714581851', '0', 14, NULL, NULL, NULL, '', '', 1, 1, '', '2017-07-17', '2017-07-17', 3, 3),
(21, 'Chorpolisha Purbopara Taltola Jame Mosque', 'Md. Mokhlesur Rahman', '01713561242', '0', 14, 197, NULL, NULL, '', '', 1, 1, '', '2017-07-17', '2017-07-17', 3, 3),
(22, 'Boira Danga Utor Para Jame Mosque', 'Md. Kamruzzaman', '01955732780', '0', 14, 197, NULL, NULL, '', '', 1, 1, '', '2017-07-17', '2017-07-17', 3, 3),
(23, 'Manik Porshchim Para Puraton Jame Mosque', 'Md Monower  Hossain', '01761581891', '0', 14, 197, NULL, NULL, '', '', 1, 1, '', '2017-07-17', '2017-07-17', 3, 3),
(24, 'Raier Baikon Sen Para Notun Jame Mosque', 'Md. Abdul Malek', '01727828860', '0', 14, 197, NULL, NULL, '', '', 1, 1, '', '2017-07-17', '2017-07-17', 3, 3),
(25, 'DeborChara Purbopara Jame Mosque', 'Alhaz Anawer Hossain', '01770158132', '0', 14, 197, NULL, NULL, '', '', 1, 1, '', '2017-07-17', '2017-07-17', 3, 3),
(26, 'Purbo Shampur Uttor Para Jame Mosque', 'Alhaz Khorshed Alam', '01760515400', '0', 14, 197, NULL, NULL, '', '', 1, 1, '', '2017-07-17', '2017-07-17', 3, 3),
(27, 'Digolbari Eidghah Math', 'Md. Shaheb Ali', '01759358112', '0', 14, 197, NULL, NULL, '', '', 1, 1, '', '2017-07-17', '2017-07-17', 3, 3),
(28, 'Mohirampur Puraton Jame Mosque', 'Md. Kholilur Rahman', '01716245690', '0', 14, 197, NULL, NULL, '', '', 1, 1, '', '2017-07-17', '2017-07-17', 3, 3),
(29, 'Purbo Rekhirpara Jame Mosque', 'Md. Abdul Jalil Mollah', '01728783518', '0', 14, 197, NULL, NULL, '', '', 1, 1, '', '2017-07-17', '2017-07-17', 3, 3),
(30, 'Porshchim Fulkocha Mollah Bari Jame Mosque', 'Md. Delower Hassain', '01710666764', '0', 14, 197, NULL, NULL, '', '', 1, 1, '', '2017-07-17', '2017-07-17', 3, 3),
(31, 'Bagbaid Porshchim Para Jame Mosque', 'Md. Nurul Islam', '01934050127', '0', 14, 193, NULL, NULL, '', '', 1, 1, '', '2017-07-17', '2017-07-17', 3, 3),
(32, 'Baduri Para Puraton Jame Mosque', 'Golam Mowla', '01713933324', '0', 14, NULL, NULL, NULL, '', '', 1, 1, '', '2017-07-17', '2017-07-17', 3, 3),
(33, 'Baitul Mamur Jame Mosque', 'Md Abdul  Malek  Sarker', '01724664330', '0', 14, 197, NULL, NULL, '', '', 1, 1, '', '2017-07-17', '2017-07-17', 3, 3),
(34, 'Tezturi Bazar Jame Mosque', 'Director Ahmed Ismail Hossain', '01711596222', '0', 1, 1, NULL, NULL, '', '', 1, 1, '', '2017-07-17', '2017-07-17', 3, 3),
(35, 'EKOK Attobanobic Unoin Sangstha', 'Abdul Wahed (CEO)', '01711457773', '0', 1, 1, NULL, NULL, '', '', 1, 1, '', '2017-07-17', '2017-07-17', 3, 3),
(36, 'Hariabari Hafezia Madrasha', 'Dr. A B M Abdullah', '01811635212', '0', 14, 184, NULL, NULL, '', '', 1, 1, '', '2017-07-17', '2017-07-17', 3, 3),
(37, 'Fazilpur Purbopara Jame Mosque', 'Md Jorip Uddin Mondal', '01916155737', '0', 14, 195, NULL, NULL, '', '', 1, 1, '', '2017-07-17', '2017-07-17', 3, 3),
(38, 'Amlitoli Munshibari Puraton Jame Mosque', 'Alhaj Anwar Hossain', '01912945453', '0', 14, 195, NULL, NULL, '', '', 1, 1, '', '2017-07-17', '2017-07-17', 3, 3),
(39, 'Moddho Jatiapara Riaz Uddin Mondal Bari Jame Mosque', 'Selim Uddin', '01761594686', '0', 14, 195, NULL, NULL, '', '', 1, 1, '', '2017-07-17', '2017-07-17', 3, 3),
(40, 'Gugumari Uttor Para Boro Jame Mosque', 'Alhaj Abdul Razzak', '01715845611', '0', 14, 195, NULL, NULL, '', '', 1, 1, '', '2017-07-17', '2017-07-17', 3, 3),
(41, 'Bhelamari Porshchimpara Jame Mosque', 'Md. Abul Hossain Kazi', '01713594541', '0', 14, 195, NULL, NULL, '', '', 1, 1, '', '2017-07-17', '2017-07-17', 3, 3),
(42, 'Chorgolabari Dhokhinpara Jame Mosque', 'Md. Anis Tarafder', '01764668598', '0', 14, NULL, NULL, NULL, '', '', 1, 1, '', '2017-07-17', '2017-07-17', 3, 3),
(43, 'Pach Poila Porshchim Para Nutun Jame Mosque', 'Md. Kholilur Rahman', '01720811023', '0', 14, NULL, NULL, NULL, '', '', 1, 1, '', '2017-07-17', '2017-07-17', 3, 3),
(44, 'Azizpur Jame Mosque', 'Md. Abdul Rashid', '01770588666', '0', 14, 197, NULL, NULL, '', '', 1, 1, '', '2017-07-17', '2017-07-17', 3, 3),
(45, 'Banarerpar Munakusha Babe Jannat Jame Mosque', 'Alhaj Abdur Rahim', '01714789001', '0', 14, 193, NULL, NULL, '', '', 1, 1, '', '2017-07-17', '2017-07-17', 3, 3),
(46, 'Islambag Baitul Ejjat Jame Mosque', 'Md. Jalal Uddin', '01710838568', '0', 1, 1, NULL, '1212', '', '', 1, 1, '', '2017-07-17', '2017-07-17', 3, 3),
(47, 'Chor Nandin Jame Mosque', 'Haji Md Abdul Jolil', '01726589518', '0', 14, 199, NULL, NULL, '', '', 1, 1, '', '2017-07-17', '2017-07-17', 3, 3),
(48, 'Ghordor Kendrio Jame Mosque', 'Md. Sha Alom LItu', '017129606442', '0', 15, 63, NULL, NULL, '', '', 1, 1, '', '2017-07-17', '2017-07-17', 3, 3),
(49, 'Darul Ulum Kowmi Madrasha', 'Md Abdul Baset', '01731080416', '0', 29, 247, NULL, NULL, '', '', 1, 1, '', '2017-07-17', '2017-07-17', 3, 3),
(50, 'Bhalukapur Uttor Para Jame Mosque', 'Md. Anisur Rahman', '01713587385', '0', 10, 209, NULL, NULL, '', '', 1, 1, '', '2017-07-17', '2017-07-17', 3, 3),
(51, 'Haitpur Jame Mosque', 'N/A', '01716720492', '0', 10, 214, NULL, NULL, '', '', 1, 1, '', '2017-07-17', '2017-07-17', 3, 3),
(52, 'Shaterkul Taltola Nur Jame Mosque', 'Md. Rafiqul Islam', '01711530437', '0', 1, 1, NULL, NULL, '', '', 1, 1, '', '2017-07-17', '2017-07-17', 3, 3),
(53, 'Pukurpara Jame Mosque', 'Md. Rakshed Ali', '01713533745', '0', 1, 1, NULL, NULL, '', '', 1, 1, '', '2017-07-17', '2017-07-17', 3, 3),
(54, 'Khajura Bazar Kendrio Jame Mosque', 'Mr. Zaman', '01987453460', '0', 33, 301, NULL, NULL, '', '', 1, 1, '', '2017-07-17', '2017-07-17', 3, 3),
(55, 'Bahadia Dokhin PAra Kanar Bari Jame Mosque', 'Md. Idris Ali', '01734271662', '0', 18, 40, NULL, NULL, '', '', 1, 1, '', '2017-07-17', '2017-07-17', 3, 3),
(56, 'Chorkhama Modhopara Baitul Aman Jame Mosque', 'Haji Md Murshid Uddin', '01971663527', '0', 18, 40, NULL, NULL, '', '', 1, 1, '', '2017-07-17', '2017-07-17', 3, 3),
(57, 'Khama Baitul Jannat Jame Mosque', 'Md Suruj Mia', '01727205314', '0', 18, 40, NULL, NULL, '', '', 1, 1, '', '2017-07-17', '2017-07-17', 3, 3),
(58, 'Khama Prubopara Bilapar Jmae Mosque', 'Md Alimuddin', '01726958095', '0', 18, 40, NULL, NULL, '', '', 1, 1, '', '2017-07-17', '2017-07-17', 3, 3),
(59, 'Md. Monir Hossain', 'Md. Mukul Hossain', '01994973056', '0', 14, 197, NULL, NULL, '', '', 1, 2, '', '2017-07-18', '2017-07-18', 3, 3),
(60, 'Md. Abu Sayed', 'Md. Mostofa Zaman', '01761544216', '0', 14, 197, NULL, NULL, '', '', 1, 2, '', '2017-07-18', '2017-07-18', 3, 3),
(61, 'Shamsur Nahar', 'Md Sahedullah', '01720042957', '0', 14, 197, NULL, NULL, '', '', 1, 2, '', '2017-07-18', '2017-07-18', 3, 3),
(62, 'Md. Nafis Mondal', 'Md. Kitab Ali Mondal', '01959672889', '0', 14, 197, NULL, NULL, '', '', 1, 2, '', '2017-07-18', '2017-07-18', 3, 3),
(63, 'Md. Rezwan Khalid', 'Md. Raju', '01933888962', '0', 14, 197, 'Melandaha', 'Melandaha', '', '', 1, 2, '', '2017-07-19', '2017-07-18', 3, 3),
(64, 'Forida Yesmin', 'Wazed Ali', '01993793280', '0', 14, 197, NULL, NULL, '', '', 1, 2, '', '2017-07-18', '2017-07-18', 3, 3),
(65, 'Md. Ibrahim', 'Md. Belal Hosain', '01923099108', '0', 14, 197, NULL, NULL, '', '', 1, 2, '', '2017-07-18', '2017-07-18', 3, 3),
(66, 'Md Jakir Hossain', 'Md Rohan Ali', '01967765732', '0', 14, 197, NULL, NULL, '', '', 1, 2, '', '2017-07-19', '2017-07-19', 3, 3),
(67, 'Md. Mosharaf karim', 'Md. Suruzzaman', '01966738717', '0', 14, 197, NULL, NULL, '', '', 1, 2, '', '2017-07-19', '2017-07-19', 3, 3),
(68, 'Md Ramjan Ali', 'Bud Akonda', '01738316232', '0', 1, NULL, NULL, NULL, '', '', 1, 2, '', '2017-07-19', '2017-07-19', 3, 3),
(69, 'Amena Akter Nishi', 'Md Amir Hossain', '01935705616', '0', 14, 197, NULL, NULL, '', '', 1, 2, '', '2017-07-19', '2017-07-19', 3, 3),
(70, 'Farzana Akter', 'Md Fazlul Haque', '01627885983', '0', 14, 197, NULL, NULL, '', '', 1, 2, '', '2017-07-19', '2017-07-19', 3, 3),
(71, 'Md. Siddiqul Hasan', 'Golam Mostofa', '01943637404', '0', 14, 197, NULL, NULL, '', '', 1, 2, '', '2017-07-19', '2017-07-19', 3, 3),
(72, 'Md. Jobair Hossain', 'Monower Hossain', '01797262211', '0', 14, 197, NULL, NULL, '', '', 1, 2, '', '2017-07-19', '2017-07-19', 3, 3),
(73, 'Md. Monirul', 'Asst Upozila Officer', '01712088436', '0', 14, 193, NULL, NULL, '', '', 1, 2, '', '2017-07-19', '2017-07-19', 3, 3),
(74, 'China Akter', 'Md Hasmot Ali', '01918491962', '0', 14, 197, NULL, NULL, '', '', 1, 2, '', '2017-07-19', '2017-07-19', 3, 3),
(75, 'Jannatun Nish', 'Md Forhad Hossain', '01725651976', '0', 14, 197, NULL, NULL, '', '', 1, 2, '', '2017-07-19', '2017-07-19', 3, 3),
(76, 'Md. Alal Uddin', 'Md. Abdul Motaleb', '01910581791', '0', 14, 197, NULL, NULL, '', '', 1, 2, '', '2017-07-19', '2017-07-19', 3, 3),
(77, 'Jorina Akter', 'Md. Joinal Abedin', '01791359009', '0', 14, 197, NULL, NULL, '', '', 1, 2, '', '2017-07-19', '2017-07-19', 3, 3),
(78, 'Md. Mahabur Rahman', 'Khalilur Rahman', '01762641805', '0', 14, 197, NULL, NULL, '', '', 1, 2, '', '2017-07-19', '2017-07-19', 3, 3),
(79, 'A Boy', 'Aloka Rani Gosh', '01956293824', '0', 14, 197, NULL, NULL, '', '', 1, 2, '', '2017-07-29', '2017-07-29', 3, 3),
(80, 'Md. Ziaul Haque', 'Rojob Ali Shekh', '01959323679', '0', 14, 197, NULL, NULL, '', '', 1, 2, '', '2017-07-29', '2017-07-29', 3, 3),
(81, 'Mowlana Md. Mizanur Rahman', 'Late Entaz Ali', '01778492695', '0', 14, 197, NULL, NULL, '', '', 1, 2, '', '2017-07-29', '2017-07-29', 3, 3),
(82, 'Most Asma Parvin', 'Late Abdul Motaleb', '01789437664', '0', 14, 197, NULL, NULL, '', '', 1, 2, '', '2017-07-31', '2017-07-31', 3, 3),
(83, 'Shafiqul', 'Altab Ali', '01911660951', '0', 14, 197, NULL, NULL, '', '', 1, 2, '', '2017-07-31', '2017-07-31', 3, 3),
(84, 'Tamanna', 'Abu Wahab', '01767620254', '0', 14, NULL, NULL, NULL, '', '', 1, 2, '', '2017-07-31', '2017-07-31', 3, 3),
(85, 'Md Manik', 'Late Arizullah', '01864963412', '0', 14, 197, NULL, NULL, '', '', 1, 2, '', '2017-07-31', '2017-07-31', 3, 3),
(86, 'Md Kamal', 'Abdul Salam Mondal', '01959745560', '0', 14, 197, NULL, NULL, '', '', 1, 2, '', '2017-07-31', '2017-07-31', 3, 3),
(87, 'Md Yunus Khan', 'Kala Khan', '019348920', '0', 14, 197, NULL, NULL, '', '', 1, 2, '', '2017-07-31', '2017-07-31', 3, 3),
(88, 'Most. Shahanaz Begum', 'Anar Uddin Sheikh Anga', '019168901114', '0', 14, 197, NULL, NULL, '', '', 1, 2, '', '2017-07-31', '2017-07-31', 3, 3),
(89, 'Md. Nur Alam (Khokon)', 'Md. Barkat Ali Bhuiya', '01912513220', '0', 14, 197, NULL, NULL, '', '', 1, 2, '', '2017-07-31', '2017-07-31', 3, 3),
(90, 'Md. Shah Alam', 'Md. Fazal Sheikh', '01980664659', '0', 14, 197, NULL, NULL, '', '', 1, 2, '', '2017-07-31', '2017-07-31', 3, 3),
(91, 'Most Muslima Begum', 'Md. Saiful Islam', '0178392162', '0', 14, 197, NULL, NULL, '', '', 1, 2, '', '2017-07-31', '2017-07-31', 3, 3),
(92, 'Md. Saiful Islam', 'Md. Tajul Islam Liton', '01950182855', '0', 14, 197, NULL, NULL, '', '', 1, 2, '', '2017-07-31', '2017-07-31', 3, 3),
(93, 'Most Rajia Khatun', 'Late Sabed Mondal', '01755754962', '0', 14, 197, NULL, NULL, '', '', 1, 2, '', '2017-07-31', '2017-07-31', 3, 3),
(94, 'Md. Sayed', 'Md. Ismail', '01997883129', '0', 14, 197, NULL, NULL, '', '', 1, 2, '', '2017-07-31', '2017-07-31', 3, 3),
(95, 'Rabya Begum', 'Rafiqul Islam', '01776387490', '0', 14, NULL, NULL, NULL, '', '', 1, 2, '', '2017-07-31', '2017-07-31', 3, 3),
(96, 'Most Monowar Begum', 'Md. Yusuf Ali', '01840170462', '0', 14, NULL, NULL, NULL, '', '', 1, 2, '', '2017-07-31', '2017-07-31', 3, 3),
(97, 'Md Amir Hossain', 'Md Taiyab Ali', '01941795451', '0', 14, NULL, NULL, NULL, '', '', 1, 2, '', '2017-07-31', '2017-07-31', 3, 3),
(98, 'Md Ismail Hossain', 'Suruzzaman', '01761034026', '0', 14, NULL, NULL, NULL, '', '', 1, 2, '', '2017-07-31', '2017-07-31', 3, 3),
(99, 'Most. Abedin Begum', 'Late Shah Mamun', '01991717536', '0', 14, NULL, NULL, NULL, '', '', 1, 2, '', '2017-07-31', '2017-07-31', 3, 3),
(100, 'Most. Rina Begum', 'Ibrahim', '01915589407', '0', 14, NULL, NULL, NULL, '', '', 1, 2, '', '2017-07-31', '2017-07-31', 3, 3),
(101, 'Mr. Khalek', 'Achorof Ali', '01777375341', '4817938882254', 18, 40, 'Namebajar Chordewkandi', NULL, '', '', 1, 2, '', '2017-07-31', '2017-07-31', 3, 3),
(102, 'Mrs Ranu', 'Mr. Shukkur Ali', '01989357652', '4817938882298', 18, 40, 'Namebajar Chordewkandi', NULL, '', '', 1, 2, '', '2017-07-31', '2017-07-31', 3, 3),
(103, 'Mr Hosen', 'Mr. Kasom Ali', '01789660584', '4817938882200', 18, 40, 'Dokhin chordewkandi', NULL, '', '', 1, 2, '', '2017-07-31', '2017-07-31', 3, 3),
(104, 'Mr. Habi Molla', 'Mr. Jonnot Ali', '01714543867', '4817938882203', 18, 40, 'Chordewkandi Nodir Par', NULL, '', '', 1, 2, '', '2017-08-07', '2017-08-07', 3, 3),
(105, 'Mrs Sahara Khatun', 'Mr. Kasom Ali', '01632357115', '4817938882207', 18, 40, 'Chordewkandi Nodir Par', NULL, '', '', 1, 2, '', '2017-08-07', '2017-08-07', 3, 3),
(106, 'Mr. Shapon', 'Mr. Hadiul Islam', '01742136548', '4817938881638', 18, 40, 'Chordewkandi Nodir Par', NULL, '', '', 1, 2, '', '2017-08-07', '2017-08-07', 3, 3),
(107, 'Mr. Akash', 'Mr. Shamsul Haque', '01731177782', '4817938882446', 18, 40, 'Chordewkandi Chairman Bari Sid', NULL, '', '', 1, 2, '', '2017-08-07', '2017-08-07', 3, 3),
(108, 'Mr. Mostofa', 'Mr. Romij Uddin', '01721295270', '4817938882576', 18, 40, 'Chordewkandi Chairman Bari Sid', NULL, '', '', 1, 2, '', '2017-08-07', '2017-08-07', 3, 3),
(109, 'Mrs Begom', 'Mr. Lal MIya', '01759198362', '4817938882299', 18, 40, 'Chordewkandi Chairman Bari Sid', NULL, '', '', 1, 2, '', '2017-08-07', '2017-08-07', 3, 3),
(110, 'Mrs Fatema', 'Mr. Alamin', '01775060900', '481793888238', 18, 40, 'Chordewkandi Chairman Bari Sid', NULL, '', '', 1, 2, '', '2017-08-07', '2017-08-07', 3, 3),
(111, 'Mr. Suruj Miya', 'Takar Bap', '01781869089', '4817938881304', 18, 40, 'Chordewkandi Chairman Bari Sid', NULL, '', '', 1, 2, '', '2017-08-07', '2017-08-07', 3, 3),
(112, 'Mr. Ranu', 'Mr. Hanifa', '01758084196', '4817938882470', 18, 40, 'Chordewkandi Chairman Bari Sid', NULL, '', '', 1, 2, '', '2017-08-07', '2017-08-07', 3, 3),
(113, 'Mr Moyaj Hosen', 'Mr. Motiur Rahman', '01727720117', '4817938870731', 18, 40, 'Chordewkandi Praymari School', NULL, '', '', 1, 2, '', '2017-08-07', '2017-08-07', 3, 3),
(114, 'Mr. Nasdir Uddin', 'Mr. Kudrat Ali', '01738385036', '4817938882062', 18, 40, 'Chordewkandi Praymari School', NULL, '', '', 1, 2, '', '2017-08-07', '2017-08-07', 3, 3),
(115, 'Mr. Chan Mia', 'Mr. Jamal Uddin', '01778666300', '4817938882074', 18, 40, 'Chordewkandi Praymari School', NULL, '', '', 1, 2, '', '2017-08-07', '2017-08-07', 3, 3),
(116, 'Mrs Lolita', 'Mr. Siraj Uddin', '01728403697', '4817938882092', 18, 40, 'Chordewkandi Praymari School', NULL, '', '', 1, 2, '', '2017-08-07', '2017-08-07', 3, 3),
(117, 'Mr Joynal', 'Mr. Mohram Ali', '01790399646', '4817938881445', 18, 40, 'Chordewkandi Praymari School', NULL, '', '', 1, 2, '', '2017-08-07', '2017-08-07', 3, 3),
(118, 'Mrs Parul', 'Mr. Jaynal', '01777838032', '4817938881375', 18, 40, 'Chordewkandi Praymari School', NULL, '', '', 1, 2, '', '2017-08-07', '2017-08-07', 3, 3),
(119, 'Mrs Nasima', 'Mr Raju', '01781508525', '4817938881451', 18, 40, 'Chordewkandi Praymari School', NULL, '', '', 1, 2, '', '2017-08-07', '2017-08-07', 3, 3),
(120, 'Mr. Abdul Khalek', 'Mr. Monir Uddin', '01965758281', '4817938881446', 18, 40, 'Chordewkandi Praymari School', NULL, '', '', 1, 2, '', '2017-08-07', '2017-08-07', 3, 3),
(121, 'Mr. Mosharaf Hosen', 'Mr. Maijuddin', '01944163104', '4817938881488', 18, 40, 'Chordewkandi Praymari School', NULL, '', '', 1, 2, '', '2017-08-07', '2017-08-07', 3, 3),
(122, 'Mrs Rukiya', 'Mr. Shamsuddin', '01532243009', '4817938881489', 18, 40, 'Chordewkandi Praymari School', NULL, '', '', 1, 2, '', '2017-08-07', '2017-08-07', 3, 3),
(123, 'Mrs. Helena', 'Mr. Najrul', '01982924961', '4817938882100', 18, 40, 'Chordewkandi Praymari School', NULL, '', '', 1, 2, '', '2017-08-07', '2017-08-07', 3, 3),
(124, 'Mr. Nur Islam', 'Mr. Monir Uddin', '01754353116', '4817938881369', 18, 40, 'Chordewkandi Munshi  Bari Side', NULL, '', '', 1, 2, '', '2017-08-07', '2017-08-07', 3, 3),
(125, 'Mr. Salam', 'Mr. Falu Miya', '01965482273', '4817938882105', 18, 40, 'Chordewkandi Munshi  Bari Side', NULL, '', '', 1, 2, '', '2017-08-07', '2017-08-07', 3, 3),
(126, 'Mr. Sahid', 'Mr. Nurul Islam', '01689356196', 'JN 19904817938000281', 18, 40, 'Chordewkandi Munshi  Bari Side', NULL, '', '', 1, 2, '', '2017-08-07', '2017-08-07', 3, 3),
(127, 'Mr. Alom', 'Mr. Abdur Rajjak', '01741015040', 'JN 19724817938103094', 18, 40, 'Chordewkandi Munshi  Bari Side', NULL, '', '', 1, 2, '', '2017-08-07', '2017-08-07', 3, 3),
(128, 'Mr. Bojlur Rahman', 'Mr. Hossain Uddin', '01747878605', '4817938881046', 18, 40, 'Chordewkandi Munshi  Bari Side', NULL, '', '', 1, 2, '', '2017-08-07', '2017-08-07', 3, 3),
(129, 'Mr. Chan Mia', 'Mr. Hakim', '01793073131', '4817938881815', 18, 40, 'Chordewkandi Munshi  Bari Side', NULL, '', '', 1, 2, '', '2017-08-08', '2017-08-08', 3, 3),
(130, 'Mr. Sahab Uddin', 'Mr. Abdur Rajjak', '01726387197', '4817938881008', 18, 40, 'Chordewkandi Munshi  Bari Side', NULL, '', '', 1, 2, '', '2017-08-08', '2017-08-08', 3, 3),
(131, 'Mr. Rofik Hossain', 'Mr. Ayakub Ali', '01965315355', '4817938881774', 18, 40, 'Chordewkandi Munshi  Bari Side', NULL, '', '', 1, 2, '', '2017-08-08', '2017-08-08', 3, 3),
(132, 'Mr. Farkan', 'Mr. Gopal', '01737762442', '4817938881771', 18, 40, 'Chordewkandi Munshi  Bari Side', NULL, '', '', 1, 2, '', '2017-08-08', '2017-08-08', 3, 3),
(133, 'Mr. Nur Mohammad', 'Mr. Abul Kalam Azad', '01760750248', '0', 18, 40, 'Chordewkandi Munshi  Bari Side', NULL, '', '', 1, 2, '', '2017-08-08', '2017-08-08', 3, 3),
(134, 'Nasima Khatun', 'Mr. Dulal Miya', '01762872111', '4817938881011', 18, 40, 'Chordewkandi Munshi  Bari Side', NULL, '', '', 1, 2, '', '2017-08-08', '2017-08-08', 3, 3),
(135, 'Mrs Rajiya', 'Mr. Sohrab Uddin', '01925633748', '4817938881014', 18, 40, 'Chordewkandi Munshi  Bari Side', NULL, '', '', 1, 2, '', '2017-08-08', '2017-08-08', 3, 3),
(136, 'Mr. Mina', 'Mr. Islam Uddin', '01942178687', '4817938881979', 18, 40, 'Chordewkandi Munshi  Bari Side', NULL, '', '', 1, 2, '', '2017-08-08', '2017-08-08', 3, 3),
(137, 'Mr. Najim Uddin', 'Mr. Abdul Mannan', '01749415259', '4817938881871', 18, 40, 'Chordewkandi Munshi  Bari Side', NULL, '', '', 1, 2, '', '2017-08-08', '2017-08-08', 3, 3),
(138, 'Mr. Sobuj', 'Mr. Hassan Uddin', '01797330561', '4817938881874', 18, 41, 'Chordewkandi Chairman Bari Sid', NULL, '', '', 1, 2, '', '2017-08-08', '2017-08-08', 3, 3),
(139, 'Mr  Anoyar Hossain', 'Mr. Abdul Monnan', '01747409610', '4817938881796', 18, 40, 'Chordewkandi Chairman Bari Sid', NULL, '', '', 1, 2, '', '2017-08-08', '2017-08-08', 3, 3),
(140, 'Mr. Jobbar', 'Mr A Mannan', '01750408061', '4817938881809', 18, 40, 'Chordewkandi Chairman Bari Sid', NULL, '', '', 1, 2, '', '2017-08-08', '2017-08-08', 3, 3),
(141, 'Mr. Mostofa', 'Mr. Hasen Uddin', '01758392539', '4817938881062', 18, 40, 'Chordewkandi Munshi  Bari Side', NULL, '', '', 1, 2, '', '2017-08-08', '2017-08-08', 3, 3),
(142, 'Mr. Mofij Uddin', 'Mr. Abdul Gafor', '01700876384', '4817938881802', 18, 40, 'Chordewkandi Chairman Bari Sid', NULL, '', '', 1, 2, '', '2017-08-08', '2017-08-08', 3, 3),
(143, 'Mr. Jalal', 'Mr. Hanif', '01927854871', '4917938881029', 18, 40, 'Chordewkandi Munshi  Bari Side', NULL, '', '', 1, 2, '', '2017-08-08', '2017-08-08', 3, 3),
(144, 'Mr. Abdul Kadir', 'Mr. Manik Miya', '01953314763', '4817938881034', 18, 40, 'Chordewkandi Munshi  Bari Side', NULL, '', '', 1, 2, '', '2017-08-08', '2017-08-08', 3, 3),
(145, 'Mr. Jakir Hossain', 'Mr. Abdul Sahid', '01953410442', '4817938000026', 18, 40, 'Chordewkandi Chairman Bari Sid', NULL, '', '', 1, 2, '', '2017-08-08', '2017-08-08', 3, 3),
(146, 'Mr. Nurul Islam', 'Mr. Abdul Sahid', '01720923257', '4817938881764', 18, 40, 'Chordewkandi Munshi  Bari Side', NULL, '', '', 1, 2, '', '2017-08-08', '2017-08-08', 3, 3),
(147, 'Mr. Piar Hossain', 'Mr. Abdur Rashid', '01700946118', '4817938881771', 18, 40, 'Chordewkandi Munshi  Bari Side', NULL, '', '', 1, 2, '', '2017-08-08', '2017-08-08', 3, 3),
(148, 'Mr. Abdul Halim', 'Mr. Abdul Samad', '01761138217', '4817915897729', 18, 40, 'Chordewkandi Munshi  Bari Side', NULL, '', '', 1, 2, '', '2017-08-08', '2017-08-08', 3, 3),
(149, 'Mr. Maij Uddin', 'Mr. Abdul Salam', '01749415302', '4817938883309', 18, 40, 'Chordewkandi Munshi  Bari Side', NULL, '', '', 1, 2, '', '2017-08-08', '2017-08-08', 3, 3),
(150, 'Md. Nurul Huda', 'Late Amin Ullah Bhuiya', '01826311173', '3011447848539', 44, 347, 'Somi Sardar Bari', 'Langalmoda', '', '', 1, 2, '', '2017-08-09', '2017-08-09', 3, 3),
(151, 'Araber Rahman', 'Late Abdul Aziz', '01843149158', '3011447848683', 44, 347, 'Choto Bhuitan Bari', 'Langalmoda', '', '', 1, 2, '', '2017-08-09', '2017-08-09', 3, 3),
(152, 'Md. Giyas Uddin', 'Late Hafijur Rahman', '01840751544', '3011447849682', 44, 347, 'Hazi Nur Ahmed Bari', 'Langalmoda', '', '', 1, 2, '', '2017-08-09', '2017-08-09', 3, 3),
(153, 'Ali Hossain', 'Dil Mohammad', '01838179491', '3011447850150', 44, 347, 'Abdul Malek Bari', 'Langalmoda', '', '', 1, 2, '', '2017-08-09', '2017-08-09', 3, 3),
(154, 'Md. Farukh', 'Late Obaidul Haque', '01824977983', '19773011447000021', 44, 347, 'Alauddin Munshi Bari', 'Langalmoda', '', '', 1, 2, '', '2017-08-09', '2017-08-09', 3, 3),
(155, 'Shariful Islam', 'Late Anisur Rahman', '01868254041', '19933011447000025', 44, 347, 'Somi Sarder Bari', 'Langalmoda', '', '', 1, 2, '', '2017-08-09', '2017-08-09', 3, 3),
(156, 'Md. Alamgir', 'Kobbat Ahmed', '01822666480', '3011447848583', 44, 347, 'Somi Sardar Bari', 'Langalmoda', '', '', 1, 2, '', '2017-08-09', '2017-08-09', 3, 3),
(157, 'Hasina Begum', 'Late Wahidur Rahman', '01832661423', '3011447908074', 44, 347, 'Obaidul Haque Master Bari', 'Langalmoda', '', '', 1, 2, '', '2017-08-09', '2017-08-09', 3, 3),
(158, 'Nazim Uddin Sumon', 'Late Sofiullah', '01822795312', '261650132397', 44, 347, 'Alamin Road, new market', 'Langalmoda', '', '', 1, 2, '', '2017-08-09', '2017-08-09', 3, 3),
(159, 'Samsul Haque', 'Late Abdul Haque', '01879715037', '3011447849675', 44, 347, NULL, 'Langalmoda', '', '', 1, 2, '', '2017-08-09', '2017-08-09', 3, 3),
(160, 'Ali Hossain', 'Ali Akber', '01826544079', '3011447848704', 44, 347, 'Obaidul Haque Master Bari', 'Langalmoda', '', '', 1, 2, '', '2017-08-09', '2017-08-09', 3, 3),
(161, 'Hasina Akhter', 'Md Elias', '01813649422', '3011447850207', 44, 347, 'Pondit Bari', 'Langalmoda', '', '', 1, 2, '', '2017-08-09', '2017-08-09', 3, 3),
(162, 'Rehena Akhter', 'Md. Musa', '01816390221', '3011447849718', 44, 347, 'Pondit Bari', 'Langalmoda', '', '', 1, 2, '', '2017-08-09', '2017-08-09', 3, 3),
(163, 'Md. Shariat Ullah', 'Late Md. Sherajul Haque', '01866853720', '19743011447000021', 44, 347, 'Tahera Bari', 'Langalmoda', '', '', 1, 2, '', '2017-08-09', '2017-08-09', 3, 3),
(164, 'Asia Khatun', 'Late Mohammad Ali', '01879249847', '3011447850140', 44, 347, 'Abdul Malek Bari', 'Langalmoda', '', '', 1, 2, '', '2017-08-09', '2017-08-09', 3, 3),
(165, 'Joynal Abdin', 'Md. Fazlul Kabir', '01822269020', '3011447843190', 44, 347, 'Nur Ahmed Member Bari', 'Langalmoda', '', '', 1, 2, '', '2017-08-09', '2017-08-09', 3, 3),
(166, 'Abdul Gafur', 'Late Mulkuter Rahman', '01859043900', '3011447848622', 44, 347, 'Nunu Miya Bari', 'Langalmoda', '', '', 1, 2, '', '2017-08-09', '2017-08-09', 3, 3),
(167, 'Nizam Uddin', 'Late Motiur Rahman', '01813923304', '3011447848749', 44, 347, 'Nunu Miya Bari', 'Langalmoda', '', '', 1, 2, '', '2017-08-09', '2017-08-09', 3, 3),
(168, 'Anamul Haque Ripon', 'Ahmeder Rahman', '01832759199', '3011447848912', 44, 347, 'Boiddho Bari', 'Langalmoda', '', '', 1, 2, '', '2017-08-09', '2017-08-09', 3, 3),
(169, 'Anowara Begum', 'Late Dulal', '01866624657', '3011447848748', 44, 347, 'Abdul Sattar Bari', 'Langalmoda', '', '', 1, 2, '', '2017-08-09', '2017-08-09', 3, 3),
(170, 'Sariyat Ullah', 'Late Lukhman', '01845407119', '3011447850187', 44, 347, 'Nobi Member Bari', 'Langalmoda', '', '', 1, 2, '', '2017-08-09', '2017-08-09', 3, 3),
(171, 'Md. Abu Sayed', 'Late Jomir Ahmed', '01823849489', '3011447849677', 44, 347, 'Hazi Nur Ahmed Bari', 'Langalmoda', '', '', 1, 2, '', '2017-08-09', '2017-08-09', 3, 3),
(172, 'Md. Akramul Haque', 'Ahmadur Rahman', '01846774210', '2924702113321', 44, 347, 'Warles Pada Road, Faridpur', 'Langalmoda', '', '', 1, 2, '', '2017-08-09', '2017-08-09', 3, 3),
(173, 'Bashudev Akando Bari Jame Mosque', 'Md. Shahanaz Akando', '01728021168', '0', 14, 197, NULL, NULL, '', '', 1, 1, '', '2017-08-20', '2017-08-20', 3, 3),
(174, 'Al Falah Jame Mosque', 'Alhaj abdul Khalek', '01928057809', '0', 14, 197, NULL, NULL, '', '', 1, 1, '', '2017-08-20', '2017-08-20', 3, 3),
(175, 'Ali Nagar Jame Mosque', 'Alhaj Md. Kofil Uddin', '01918725580', '0', 14, 193, NULL, NULL, '', '', 1, 1, '', '2017-08-20', '2017-08-20', 3, 3),
(176, 'Tetulia Dokhin Para Boro Jame Mosque', 'Alhaj Hai', '01718536185', '0', 14, 193, NULL, NULL, '', '', 1, 1, '', '2017-08-20', '2017-08-20', 3, 3),
(177, 'Gofiar Khil Jame Mosque', 'Md. Suruj Mia', '01718088161', '0', 46, 488, NULL, NULL, '', '', 1, 1, '', '2017-08-20', '2017-08-20', 3, 3),
(178, 'Borbhora Tanpara Morolbari Jame Mosque', 'Md. Delower Hossain', '01725248130', '0', 10, 208, NULL, NULL, '', '', 1, 1, '', '2017-08-20', '2017-08-20', 3, 3),
(179, 'Al Amin Atimkhana Complex', 'Haji Md. Motiur Rahman', '01720959724', '0', 1, NULL, NULL, 'Kamrangi Char', '', '', 1, 1, '', '2017-08-21', '2017-08-21', 3, 3),
(180, 'Dhokhin Khama Jame Mosque', 'Md. Bachu Mia', '01727429020', '0', 18, 40, NULL, NULL, '', '', 1, 1, '', '2017-08-21', '2017-08-21', 3, 3),
(181, 'Khama Modhopara Jame Mosque', 'Md. Nazimuddin', '01731264438', '0', 18, 40, NULL, NULL, '', '', 1, 1, '', '2017-08-21', '2017-08-21', 3, 3),
(182, 'Miruk Kandi Jame Mosque', 'M Humayun Kabir', '01913742323', '0', 18, 40, NULL, NULL, '', '', 1, 1, '', '2017-08-21', '2017-08-21', 3, 3),
(183, 'Utorpara Jame Mosque', 'Md Mostafa Kamal', '01922223239', '0', 18, 40, NULL, NULL, '', '', 1, 1, '', '2017-08-21', '2017-08-21', 3, 3),
(184, 'Utor Adhar Manik Centre Jame Mosque', 'Haji Abdul Hamid Mujumder', '01712240075', '0', 44, NULL, NULL, 'Radhanagar', '', '', 1, 1, '', '2017-08-21', '2017-08-21', 3, 3),
(185, 'Bangladesh National Deaf Association', 'Md. fazle Elahi Khan', '01700809721', '0', 1, NULL, NULL, NULL, '', '', 1, 1, '', '2017-08-21', '2017-08-21', 3, 3),
(186, 'Pinag Nurani Talimul Korwan Madrasa, Atimkhana', 'Md. Abdul Manan', '01811485148', '0', 14, NULL, NULL, 'Pinag', '', '', 1, 1, '', '2017-08-21', '2017-08-21', 3, 3),
(187, 'Saikat Shahana Apartment Mosque', 'Md. Shahadat Hossain Molik', '01849294346', '0', 1, 1, 'Mirpur', 'Mirpur', '', '', 1, 1, '', '2017-08-21', '2017-08-21', 3, 3),
(188, 'Shundishar-Bejgao Mosque and Islamia Hafezia Madrasha', 'M Shahanaz kobir', '01819220779', '0', 15, 63, NULL, NULL, '', '', 1, 1, '', '2017-08-21', '2017-08-21', 3, 3),
(189, 'DRRA ( Disable Rehabilitation & Research Association)', 'Ms. Farida Yesmin', '01711536517', '0', 1, 1, 'H# 2/5, R# 01', 'Shymoli, Dhaka-1207', '', '', 1, 1, '', '2017-08-21', '2017-08-21', 3, 3),
(190, 'Pochabohal Chowrasta Sorder Jame Mosque', 'Alhaj abdul Khalek', '01718218639', '0', 14, 197, NULL, NULL, '', '', 1, 1, '', '2017-08-21', '2017-08-21', 3, 3),
(191, 'komla Bari Jame Mosque', 'Md. Belayat Hossain', '01740553941', '0', 14, NULL, NULL, NULL, '', '', 1, 1, '', '2017-08-21', '2017-08-21', 3, 3),
(192, 'Purbo Mahmudpur Jame Masque', 'Md. Erajul Haque', '01933688907', '0', 14, 197, NULL, NULL, '', '', 1, 1, '', '2017-08-21', '2017-08-21', 3, 3),
(193, 'Lal Dhoba Eidgah Jame Mosque', 'Md. Alauddin', '01912435703', '0', 14, 195, NULL, NULL, '', '', 1, 1, '', '2017-08-21', '2017-08-21', 3, 3),
(194, 'Gorpora Rahmania Bazar Mosque', 'Md. Habibur Rahman', '01719645176', '0', 14, 195, NULL, NULL, '', '', 1, 1, '', '2017-08-21', '2017-08-21', 3, 3),
(195, 'Porar Chor Ahmedpur Jame Mosque', 'Md. Shafiqul Islam', '01965473343', '0', 14, 184, NULL, NULL, '', '', 1, 1, '', '2017-08-21', '2017-08-21', 3, 3),
(196, 'Banorer par Munakusha Babe Jannat Jame Mosque', 'Md. Abul Hossain', '01718635941', '0', 14, 193, NULL, NULL, '', '', 1, 1, '', '2017-08-21', '2017-08-21', 3, 3),
(197, 'Porshchim Kachashora Shahi Jame Mosque', 'Md. Jaher Ali', '01960137583', '0', 14, 193, 'Khelapara', NULL, '', '', 1, 1, '', '2017-08-21', '2017-08-21', 3, 3),
(198, 'Dhaida Islamia Hafezia Madrasha', 'Alhaj Abdul Jalil Bikrampur', '01715731092', '0', 15, 63, NULL, NULL, '', '', 1, 1, '', '2017-08-27', '2017-08-27', 3, 3),
(199, 'Babul Falah Jame Mosque', 'Mohammad Ebadat Hossain Bhuiya (Recommended)', '01915786084', '0', 23, 412, NULL, NULL, '', '', 1, 1, '', '2017-08-27', '2017-08-27', 3, 3),
(200, 'Melandha Govt College Nearby Adipoitto Jame Mosque', 'Alhaj Md. Jahurul Haque', '01712643141', '0', 14, 197, NULL, NULL, '', '', 1, 1, '', '2017-08-27', '2017-08-27', 3, 3),
(201, 'Shekh Bari Jame Mosque', 'Md. Almas Ali', '01917409313', '0', 14, 197, NULL, NULL, '', '', 1, 1, '', '2017-08-27', '2017-08-27', 3, 3),
(202, 'Laodatta Akanda Bari Jame Mosque', 'Anamul Haque Rohani', '01753649214', '0', 14, 184, NULL, NULL, '', '', 1, 1, '', '2017-08-27', '2017-08-27', 3, 3),
(203, 'Digree Chor Balia Mari Uttor Para Jame Mosque', 'Haji Md. Abdul Wahab', '01943061626', '0', 14, 184, NULL, NULL, '', '', 1, 1, '', '2017-08-27', '2017-08-27', 3, 3),
(204, 'Gaokura Jame Mosque', 'Mohammad Tajul Islam', '01712230192', '0', 14, 184, NULL, NULL, '', '', 1, 1, '', '2017-08-27', '2017-08-27', 3, 3),
(205, 'Digree Chor Madrasha Jame Mosque', 'Haji Saidur Rahman', '01768262495', '0', 14, 184, NULL, NULL, '', '', 1, 1, '', '2017-08-27', '2017-08-27', 3, 3),
(206, 'Di-Mollah Para Jame Mosque', 'Md. Sirajul Islam', '01987925822', '0', 14, 184, NULL, NULL, '', '', 1, 1, '', '2017-08-27', '2017-08-27', 3, 3),
(207, 'Mestta Uttor Para Jame Mosque', 'Md. Julhas Uddin', '01711142569', '0', 14, NULL, NULL, NULL, '', '', 1, 1, '', '2017-08-27', '2017-08-27', 3, 3),
(208, 'Balijuri Pondit Para Jame Mosque', 'Iman Ali', '01951690045', '0', 14, 195, NULL, NULL, '', '', 1, 1, '', '2017-08-27', '2017-08-27', 3, 3),
(209, 'Chechan Hawlader Bari Jame Mosque', 'Md. Sohrab Hossain', '01711190413', '0', 50, 399, NULL, NULL, '', '', 1, 1, '', '2017-08-27', '2017-08-27', 3, 3),
(210, 'Jamiria SaidiyaKarimia', 'Shekh Mohammad fazle Bari Masud', '01715143312', '0', 1, NULL, NULL, NULL, '', '', 1, 1, '', '2017-08-27', '2017-08-27', 3, 3),
(211, 'Hazi Abdul Gafur Khan Darusunnat Atimkhana', 'Md. Moazem Hossain Khan', '01711539697', '0', 15, 63, NULL, NULL, '', '', 1, 1, '', '2017-08-27', '2017-08-27', 3, 3),
(212, 'Chanpur Porshim Para Jame Mosque', 'Md. Gedu Mia', '01751886655', '0', 47, 483, NULL, NULL, '', '', 1, 1, '', '2017-08-27', '2017-08-27', 3, 3),
(213, 'Kofil Dr. Shaheb Bari Jame Mosque', 'Sayed Sakir Hossain', '01611599915', '0', 18, 40, NULL, NULL, '', '', 1, 1, '', '2017-08-27', '2017-08-27', 3, 3),
(214, 'Chorforadi Jamia Ulum Madrasha & Atimkhana', 'Md. Shihab Uddin', '01925633754', '0', 18, 40, NULL, NULL, '', '', 1, 1, '', '2017-08-27', '2017-08-27', 3, 3),
(215, 'Meher Dhon Bari ( Puraton) Jame Mosque', 'Md. Akter Uddin', '01921178041', '0', 18, 40, NULL, NULL, '', '', 1, 1, '', '2017-08-27', '2017-08-27', 3, 3),
(216, 'Cholmaid Abu Hanifa Baitul Aman Jame Mosque', 'Md. Marfat Ali', '01711537466', '0', 1, NULL, NULL, NULL, '', '', 1, 1, '', '2017-08-27', '2017-08-27', 3, 3),
(217, 'Al-Muin Foundation( AMF)', 'Brig. General S M Golam Babbani (Ret)', '01725277583', '0', 1, 1, 'DOHS', 'Mirpur', '', '', 1, 1, '', '2017-08-27', '2017-08-27', 3, 3),
(218, 'Md. Munjurul Islam', 'Al-Amin Jamiria Kamil Madrasha', '017364414812', '0', 14, 197, 'Maloncha', NULL, '', '', 1, 2, '', '2017-08-28', '2017-08-28', 3, 3),
(219, 'Md. Mojibur Rahman', 'Azimuddin', '01713506910', '0', 14, 197, NULL, NULL, '', '', 1, 2, '', '2017-08-28', '2017-08-28', 3, 3),
(220, 'Most. Sajeda Begum', 'Hatem Ali', '01937669610', '0', 14, 197, NULL, NULL, '', '', 1, 2, '', '2017-08-28', '2017-08-28', 3, 3),
(221, 'Kolpona Rani Chakroborti', 'N/A', '01727419204', '0', 14, 193, NULL, NULL, '', '', 1, 2, '', '2017-08-28', '2017-08-28', 3, 3),
(222, 'Most. Taslima', 'Md. Lutfor', '01996085177', '0', 14, 197, NULL, NULL, '', '', 1, 2, '', '2017-08-28', '2017-08-28', 3, 3),
(223, 'Md. Shahin', 'Abdul Malek', '01965023975', '0', 14, 197, NULL, NULL, '', '', 1, 2, '', '2017-08-28', '2017-08-28', 3, 3),
(224, 'Md. Selim Mia', 'Md. Khoka Mia', '01910580645', '0', 14, 197, NULL, NULL, '', '', 1, 2, '', '2017-08-28', '2017-08-28', 3, 3),
(225, 'Md. Akash Ahmed', 'Md. Mokul Hossain', '01997126654', '0', 14, 197, NULL, NULL, '', '', 1, 2, '', '2017-08-28', '2017-08-28', 3, 3),
(226, 'Md. Emamul Hasan', 'Md. Qkbal Hossain', '01718889955', '0', 14, 197, NULL, NULL, '', '', 1, 2, '', '2017-08-28', '2017-08-28', 3, 3),
(227, 'Md. Omar Faruque Siddique', 'Khorshed Alam', '01930690961', '0', 14, 197, NULL, NULL, '', '', 1, 2, '', '2017-08-28', '2017-08-28', 3, 3),
(228, 'Md. Sumon Mia', 'Md. Nazrul Islam', '01937557578', '0', 14, 197, NULL, NULL, '', '', 1, 2, '', '2017-08-28', '2017-08-28', 3, 3),
(229, 'Md. Nurnobi', 'Md. Mojibur', '01922221738', '0', 14, 195, NULL, NULL, '', '', 1, 2, '', '2017-08-28', '2017-08-28', 3, 3),
(230, 'Md. Rasel Mia Babu', 'Md. Kalachan Shekh', '01916394552', '0', 14, 197, NULL, NULL, '', '', 1, 2, '', '2017-08-28', '2017-08-28', 3, 3),
(231, 'Most. Jonaki Akter', 'Md. Julhas Uddin', '01923412241', '0', 14, 197, NULL, NULL, '', '', 1, 2, '', '2017-08-28', '2017-08-28', 3, 3),
(232, 'Tanjila Akter Sohana', 'Md. Sohorab Hossain', '01764605244', '0', 14, 193, NULL, NULL, '', '', 1, 2, '', '2017-08-28', '2017-08-28', 3, 3),
(233, 'Manjua', 'Md. Tomej Fakir', '01925910321', '0', 14, 197, NULL, NULL, '', '', 1, 2, '', '2017-08-28', '2017-08-28', 3, 3),
(234, 'Most Tanjila', 'Late Babul', '01943139315', '0', 14, 197, NULL, NULL, '', '', 1, 2, '', '2017-08-28', '2017-08-28', 3, 3),
(235, 'Haowa Begum', 'Kholilur Rahman', '01704924669', '0', 14, 197, NULL, NULL, '', '', 1, 2, '', '2017-08-28', '2017-08-28', 3, 3),
(236, 'Md. Hafijur Mia', 'Late Shamsul haque', '01767615280', '0', 14, 197, NULL, NULL, '', '', 1, 2, '', '2017-08-28', '2017-08-28', 3, 3),
(237, 'Md. Sujon Mia', 'N/A', '01627457541', '0', 14, 197, NULL, NULL, '', '', 1, 2, '', '2017-08-28', '2017-08-28', 3, 3),
(238, 'Champa', 'Rafikul Islam', '01951869872', '0', 14, 197, NULL, NULL, '', '', 1, 2, '', '2017-08-28', '2017-08-28', 3, 3),
(239, 'Md. Mofijul Islam', 'Md. Abdul kashem', '01876483599', '0', 14, 197, NULL, NULL, '', '', 1, 2, '', '2017-08-28', '2017-08-28', 3, 3),
(240, 'Md. Badsha', 'Late Nagar Shekh', '01939638624', '0', 14, 197, NULL, NULL, '', '', 1, 2, '', '2017-08-28', '2017-08-28', 3, 3),
(241, 'Md. Dulal', 'Sayer Uddin', '01936124143', '0', 14, 197, NULL, NULL, '', '', 1, 2, '', '2017-08-28', '2017-08-28', 3, 3),
(242, 'Mr. Hakim', 'Mr. Shamsul Haque', '01624534124', '481793882199', 18, 40, 'Dokhin chordewkandi', NULL, '', '', 1, 2, '', '2017-08-29', '2017-08-29', 3, 3),
(243, 'Mr.Mofij Uddin', 'Mr.Abul Hossen', '01759408065', '4817938878685', 18, 40, 'Palpara Taldoshi', NULL, NULL, '', 1, 2, '', NULL, NULL, 0, 0),
(244, 'Mr.A.Khalek', 'Mr.Mojom Ali', '01705013841', '4817938879251', 18, 40, 'PalpparaTaldoshi', NULL, NULL, '', 1, 2, '', NULL, NULL, 0, 0),
(245, 'Mr. Abdul Kadir', 'Mr. Hasen Uddin', '01795289755', '4817938875331', 18, 40, 'Agaroshindur uniyon', NULL, '', '', 1, 2, '', '2017-08-29', '2017-08-29', 3, 3),
(246, 'Mr. Nazmul Islam', 'Mr. Samsul Haque', '01736198569', '4817938875227', 18, 40, 'Agaroshindur Uniyon', NULL, '', '', 1, 2, '', '2017-08-29', '2017-08-29', 3, 3),
(247, 'Mr. Ishak Mia', 'Mr. Murshid Uddin', '01916028996', '4817938875086', 18, 40, 'Agaroshindur Uniyon', NULL, '', '', 1, 2, '', '2017-08-29', '2017-08-29', 3, 3),
(248, 'Mr.Nikhil Pal', 'Mr.Jaminiklanto Pal', '01768036456', '4817938879196', 18, 40, 'PalpparaTaldoshi', NULL, NULL, '', 1, 2, '', NULL, NULL, 3, 3),
(249, 'Mr. Masud Mia', 'Mr. Abdul Helin', '01775408872', '4817938875043', 18, 40, 'Agaroshindur Uniyon', NULL, '', '', 1, 2, '', '2017-08-29', '2017-08-29', 3, 3),
(250, 'Mr. Swopon Mia', 'Mr. Abdul Mannan', '01981594859', '4817938874977', 18, 40, 'Agaroshindur Uniyon', NULL, '', '', 1, 2, '', '2017-08-29', '2017-08-29', 3, 3),
(251, 'Mr. Samsul Haque', 'Mr. Abdul Rahman', '01728355398', '4817938875006', 18, 40, 'Agaroshindur Uniyon', NULL, '', '', 1, 2, '', '2017-08-29', '2017-08-29', 3, 3),
(252, 'Mr. Alauddin', 'Mr. Chandu Mia', '01794038881', '4817938875392', 18, 40, 'Agaroshindur Uniyon', NULL, '', '', 1, 2, '', '2017-08-29', '2017-08-29', 3, 3),
(253, 'Mr. Sahab Uddin', 'Mr. Shah Mahmud', '01980366458', '4817938875087', 18, 40, 'Agaroshindur Uniyon', NULL, '', '', 1, 2, '', '2017-08-29', '2017-08-29', 3, 3),
(254, 'Mr. Ashad Mia', 'Mr. Shamser Ali', '01796693256', '4817938875276', 18, 40, 'Agaroshindur Uniyon', NULL, '', '', 1, 2, '', '2017-08-29', '2017-08-29', 3, 3),
(255, 'Mr. Tajul Islam', 'Mr. Hasen Uddin', '01771927010', '4817938875300', 18, 40, 'Agaroshindur Uniyon', NULL, '', '', 1, 2, '', '2017-08-29', '2017-08-29', 3, 3),
(256, 'Mr. Riaj Uddin', 'Mr. Abdul Awal', '01782639695', '0', 18, 40, 'Agaroshindur Uniyon', NULL, '', '', 1, 2, '', '2017-08-29', '2017-08-29', 3, 3),
(257, 'Mr.A. Malek', 'Mr.Hojor Ali', '01764159242', '4817938879248', 18, 40, 'PalpparaTaldoshi', NULL, NULL, '', 1, 2, '', '2017-02-05', '2017-02-05', 3, 3),
(258, 'Mrs.MalekaBanu', 'Mr.Eddris Ali', '01739738986', '4817938879132', 18, 40, 'PalpparaTaldoshi', NULL, NULL, '', 1, 2, '', '2017-02-05', '2017-02-05', 3, 3),
(259, 'Mr.Nepal Pal', 'Mr.Diprendro Pal', '01766812532', '4817938879210', 18, 40, 'PalpparaTaldoshi', NULL, NULL, '', 1, 2, '', '2017-02-05', '2017-02-05', 3, 3),
(260, 'Mr.Narayon Pal', 'Mr.Promedchondr Pal', '01714734699', '4817938879187', 18, 40, 'PalpparaTaldoshi', NULL, NULL, '', 1, 2, '', '2017-02-05', '2017-02-05', 3, 3),
(261, 'Mr.Debendochondo', 'Mr.Nolini Pal', '01936482726', '4817938879195', 18, 40, 'PalpparaTaldoshi', NULL, NULL, '', 1, 2, '', '2017-02-05', '2017-02-05', 3, 3),
(262, 'Mr. Jahangir Alom', 'Mr. Abu Taher', '01987307269', '4817938875286', 18, 40, 'Agaroshindur Uniyon', NULL, '', '', 1, 2, '', '2017-08-29', '2017-08-29', 3, 3),
(263, 'Mr. Monoyara Khatun', 'Mr. Hafiz Uddin', '01772273151', '4817938876059', 18, 40, 'Agaroshindur Uniyon', NULL, '', '', 1, 2, '', '2017-08-29', '2017-08-29', 3, 3),
(264, 'Mr.Sahjahan', 'Mr.Tabir Uddin', '01990798056', '2619676121971', 18, 40, 'Siletta Bari Taldoshi', NULL, NULL, '', 1, 2, '', '2017-02-05', '2017-02-05', 3, 3),
(265, 'Mr.Saiful Islam', 'Mr.Chanmiya', '01921838865', '4817938879254', 18, 40, 'Puran Bari Taldoshi', NULL, NULL, '', 1, 2, '', '2017-02-05', '2017-02-05', 3, 3),
(266, 'Mr. Yusuf Ali', 'Mr. Alauddin', '01786408132', '4817938875890', 18, 40, 'Agaroshindur Uniyon', NULL, '', '', 1, 2, '', '2017-08-29', '2017-08-29', 3, 3),
(267, 'Mr. Raton Miya', 'Mr. Abdul Rashid', '01786408505', '19824817938012899', 18, 40, 'Agaroshindur Uniyon', NULL, '', '', 1, 2, '', '2017-08-29', '2017-08-29', 3, 3),
(268, 'Mrs.Sufiya', 'Mr.Milonmia', '01944475280', '4817938878090', 18, 40, 'Girls SchoolerOpositiTaldoshi', NULL, NULL, '', 1, 2, '', '2017-02-05', '2017-02-05', 3, 3),
(269, 'Mr. Billa Miya', 'Mr. Yusuf Ali', '01952883748', '4817938875349', 18, 40, 'Agaroshindur Uniyon', NULL, '', '', 1, 2, '', '2017-08-29', '2017-08-29', 3, 3),
(270, 'Mr. Jahanara', 'Mr. Alamin', '01726144790', '4817938875383', 18, 40, 'Agaroshindur Uniyon', NULL, '', '', 1, 2, '', '2017-08-29', '2017-08-29', 3, 3),
(271, 'Mr. Saidul', 'Mr. Mohamad', '01727720426', '4817938875097', 18, 40, 'Agaroshindur Uniyon', NULL, '', '', 1, 2, '', '2017-08-29', '2017-08-29', 3, 3),
(272, 'Mr. Abdul Halem', 'Mr. Hamid', '01781671923', '4817938875008', 18, 40, 'Agaroshindur Uniyon', NULL, '', '', 1, 2, '', '2017-08-29', '2017-08-29', 3, 3),
(273, 'Mr. Alom', 'Mr. Mostafa', '01722172510', '4817938875147', 18, 40, 'Agaroshindur Uniyon', NULL, '', '', 1, 2, '', '2017-08-29', '2017-08-29', 3, 3),
(274, 'Mr. Afroj', 'Mr. Motin Khan', '01741305838', '4817938875115', 18, 40, 'Agaroshindur Uniyon', NULL, '', '', 1, 2, '', '2017-08-29', '2017-08-29', 3, 3),
(275, 'Mr. Ahad Mia', 'Mr. Noyan Mia', '01718694399', '4817938875074', 18, 40, 'Agaroshindur Uniyon', NULL, '', '', 1, 2, '', '2017-08-29', '2017-08-29', 3, 3),
(276, 'Mrs.Kanchon Rani', 'Mr.ChondonBormon', '01738252076', '4817938879348', 18, 40, 'PorishoderPasheTaldoshi', NULL, NULL, '', 1, 2, '', '2017-02-05', '2017-02-05', 3, 3),
(277, 'Mrs.Mina Rani Saha', 'Mr.Khudiram Saha', '01960122166', '4817938879404', 18, 40, 'PorishoderPasheTaldoshi', NULL, NULL, '', 1, 2, '', '2017-02-05', '2017-02-05', 3, 3),
(278, 'Mrs.AnjolyBormon', 'Mr.RobindroBonik', '01799523244', '4817938879349', 18, 40, 'PorishoderPasheTaldoshi', NULL, NULL, '', 1, 2, '', '2017-02-05', '2017-02-05', 3, 3),
(279, 'Mr.Amir Uddin', 'Mr.GolamNobi', '01733579365', '4817938880913', 18, 40, 'Guni Bari Taldoshi', NULL, NULL, '', 1, 2, '', '2017-02-05', '2017-02-05', 3, 3),
(280, 'PolasShaha', 'Mr.Ponindrochondo', '01754709610', '4817938879185', 18, 40, 'Palpara Taldoshi', NULL, NULL, '', 1, 2, '', '2017-02-05', '2017-02-05', 3, 3),
(281, 'Mr.Asad', 'Mr.AlalUddin', '01781200958', '4817938882517', 18, 40, 'Sekandar Bari chordewkandi', NULL, NULL, '', 1, 2, '', '2017-02-05', '2017-02-05', 3, 3),
(282, 'Mr.FozlulHuq', 'Mr.TaherUddin', '01764917830', '1987481793800043', 18, 40, 'Sekandar Bari chordewkandi', NULL, NULL, '', 1, 2, '', '2017-02-05', '2017-02-05', 3, 3),
(283, 'Mrs.Sufiyabagum', 'Mr.M.A.salam', '01704045462', '4817938882407', 18, 40, 'Sekandar Bari chordewkandi', NULL, NULL, '', 1, 2, '', '2017-02-05', '2017-02-05', 3, 3),
(284, 'Mr.Golap', 'Mr.Ahmmod', '01750927485', '4817938881413', 18, 40, 'Sekandar Bari chordewkandi', NULL, NULL, '', 1, 2, '', '2017-02-05', '2017-02-05', 3, 3),
(285, 'Mr.Mamun', 'Mr.Abul Hosen', '01776947800', '4817938881441', 18, 40, 'Sekandar Bari chordewkandi', NULL, NULL, '', 1, 2, '', '2017-02-05', '2017-02-05', 3, 3),
(286, 'Mr.Khalek', 'Achorof Ali', '01777375341', '4817938882254', 18, 40, 'Namabajarchordewkandi', NULL, NULL, '', 1, 2, '', '2017-02-05', '2017-02-05', 3, 3),
(287, 'Mrs.Ranu', 'Mr.Shukkur Ali', '01989357652', '4817938882298', 18, 40, 'Namabajarchordewkandi', NULL, NULL, '', 1, 2, '', '2017-02-05', '2017-02-05', 3, 3),
(288, 'Mr.Hosen', 'Mr.Kasom Ali', '01789660584', '4817938882200', 18, 40, 'Dokkhinchordewkandi', NULL, NULL, '', 1, 2, '', '2017-02-05', '2017-02-05', 3, 3),
(289, 'Mr.A Hakim', 'Mr.ShamsulHuq', '01624534124', '4817938882199', 18, 40, 'Dokkhinchordewkandi', NULL, NULL, '', 1, 2, '', '2017-02-05', '2017-02-05', 3, 3),
(290, 'Mrs.Jorina', 'Mr.Kiron Mia', '01747231908', '4817938882301', 18, 40, 'Dokkhinchordewkandi', NULL, NULL, '', 1, 2, '', '2017-02-05', '2017-02-05', 3, 3),
(291, 'Mr.A. Mannan', 'Mr.Ennoch Ali', '01731123316', '4817938882202', 18, 40, 'Dokkhinchordewkandi', NULL, NULL, '', 1, 2, '', '2017-02-05', '2017-02-05', 3, 3),
(292, 'Mr.Shorif Mia', 'Mr.ShamsulHuqBuiya', '01734070082', '4817938882565', 18, 40, 'Namabajarchordewkandi', NULL, NULL, '', 1, 2, '', '2017-02-05', '2017-02-05', 3, 3),
(293, 'Mr.MojiburRahman', 'Mr.A Momin', '01735774894', '4817938889827', 18, 40, 'Namabajarchordewkandi', NULL, NULL, '', 1, 2, '', '2017-02-05', '2017-02-05', 3, 3),
(294, 'Mrs.Firoja', 'Mr.Dulal Mia', '01758331225', '4817938882606', 18, 40, 'Namabajarchordewkandi', NULL, NULL, '', 1, 2, '', '2017-02-05', '2017-02-05', 3, 3),
(295, 'Mrs.Chabikunnahar', 'Mr.AbulHashim', '01720457258', '4817938882540', 18, 40, 'Namabajarchordewkandi', NULL, NULL, '', 1, 2, '', '2017-02-05', '2017-02-05', 3, 3),
(296, 'Mr.AlalUddin', 'Mr.Aiub Ali', '01755792299', '4817938880427', 18, 40, 'Namabajarchordewkandi', NULL, NULL, '', 1, 2, '', '2017-02-05', '2017-02-05', 3, 3),
(297, 'Mr.Selim Mia', 'Mr.RomijUddin', '01678824785', '4817938882557', 18, 40, 'Namabajarchordewkandi', NULL, NULL, '', 1, 2, '', '2017-02-05', '2017-02-05', 3, 3),
(298, 'Mr.Josim Uddin', 'Mr.Gias Uddin', '01781926654', '4817938883858', 18, 40, 'Munshi Bari Chordwkandi', NULL, NULL, '', 1, 2, '', '2017-02-05', '2017-02-05', 3, 3),
(299, 'Mr.MofijUddin', 'Mr.GiasUddin', '01782948557', '4817938882157', 18, 40, 'Munshi Bari Chordwkandi', NULL, NULL, '', 1, 2, '', '2017-02-05', '2017-02-05', 3, 3),
(300, 'Mr.SirajUddin', 'Mr.HasemUddin', '01771532622', '4817938882130', 18, 40, 'Munshi Bari Chordwkandi', NULL, NULL, '', 1, 2, '', '2017-02-05', '2017-02-05', 3, 3),
(301, 'Mr.Chan Mia', 'Mr.Dukhu Mia', '01625226256', '4817938882468', 18, 40, 'Munshi Bari Chordwkandi', NULL, NULL, '', 1, 2, '', '2017-02-05', '2017-02-05', 3, 3),
(302, 'Mr.Sahabuddin', 'Mr.A Jobbar', '01754442713', '4817938882628', 18, 40, 'Munshi Bari Chordwkandi', NULL, NULL, '', 1, 2, '', '2017-02-05', '2017-02-05', 3, 3),
(303, 'Mr.Dulal Mia', 'Mr.A Jobbar', '01749515594', '4817938882442', 18, 40, 'Munshi Bari Chordwkandi', NULL, NULL, '', 1, 2, '', '2017-02-05', '2017-02-05', 3, 3),
(304, 'Mr.Nurul Islam', 'Mr.Shamsuddin', '01758919379', '4817938882435', 18, 40, 'Munshi Bari Chordwkandi', NULL, NULL, '', 1, 2, '', '2017-02-05', '2017-02-05', 3, 3),
(305, 'Mr.A. Helim', 'Mr.A Shahid', '01763523538', '4817938882707', 18, 40, 'Munshi Bari Chordwkandi', NULL, NULL, '', 1, 2, '', '2017-02-05', '2017-02-05', 3, 3),
(306, 'Mr.Golap', 'Mr.A Kadir', '01771005445', '4817938882188', 18, 40, 'Munshi Bari Chordwkandi', NULL, NULL, '', 1, 2, '', '2017-02-05', '2017-02-05', 3, 3),
(307, 'Mr.Alamin Mia', 'Mr.SafirUddin', '01786341069', '4817938882445', 18, 40, 'Munshi Bari Chordwkandi', NULL, NULL, '', 1, 2, '', '2017-02-05', '2017-02-05', 3, 3),
(308, 'Mr.RiajUddin', 'Mr.HasenUddin', '01784330168', '4817938881379', 18, 40, 'NojrulMastearbariChordwkandi', NULL, NULL, '', 1, 2, '', '2017-02-05', '2017-02-05', 3, 3),
(309, 'Mr.Hosen', 'Mr.JomirUddin', '01912643075', '4817938882170', 18, 40, 'Sekandar Bari chordewkandi', NULL, NULL, '', 1, 2, '', '2017-02-05', '2017-02-05', 3, 3),
(310, 'Mrs.Haresa', 'Mr.Dowlod', '01766531409', '4817938882120', 18, 40, 'Sekandar Bari chordewkandi', NULL, NULL, '', 1, 2, '', '2017-02-05', '2017-02-05', 3, 3),
(311, 'Mr.TaherUddin', 'Mr.A Lotif', '01932103177', '4817938882706', 18, 40, 'Nodi Para chordewkandi', NULL, NULL, '', 1, 2, '', '2017-02-05', '2017-02-05', 3, 3),
(312, 'Mrs.ShahnajAkter', 'Mr.Kamrul', '01947345313', '4817938882648', 18, 40, 'Nodi Para chordewkandi', NULL, NULL, '', 1, 2, '', '2017-02-05', '2017-02-05', 3, 3),
(313, 'Mr.AkterUddin', 'Mr.NurulHuq', '01931418026', '4817938881458', 18, 40, 'NojrulMastearbariChordwkandi', NULL, NULL, '', 1, 2, '', '2017-02-05', '2017-02-05', 3, 3),
(314, 'Mr.Nikhil Pal', 'Mr.Jaminiklanto Pal', '01768036456', '4817938879196', 18, 40, 'Palpara Taldoshi', NULL, NULL, '', 1, 2, '', '2017-02-05', '2017-02-05', 3, 3),
(315, 'Mr.A.Khalek', 'Mr.Mojom  Ali', '01705013841', '4817938879251', 18, 40, 'Palpara Taldoshi', NULL, NULL, '', 1, 2, '', '2017-02-05', '2017-02-05', 3, 3),
(316, 'Mr.MofijUddin', 'Mr.Abul Hosen', '01759408065', '4817938878685', 18, 40, 'Palpara Taldoshi', NULL, NULL, '', 1, 2, '', '2017-02-05', '2017-02-05', 3, 3),
(317, 'Md. Habib', 'Iman Ali', '01916569324', '0', 14, 197, 'Mloncha Modhopara', NULL, '', '', 1, 2, '', '2017-08-31', '2017-08-31', 3, 3),
(318, 'Fulesa Begum', 'Late Ismail', '01751862702', '0', 14, 197, 'Maloncha Modhopa', NULL, '', '', 1, 2, '', '2017-08-31', '2017-08-31', 3, 3),
(319, 'Md. Kalu (chowkider)', 'Ranga Sheikh', '01932214623', '0', 14, 197, 'Maloncha chokpara', NULL, '', '', 1, 2, '', '2017-08-31', '2017-08-31', 3, 3);
INSERT INTO `ut_mis_applicants` (`applicant_row_id`, `applicant_name`, `parent_name`, `mobile`, `national_id_number`, `district_id`, `upazila_id`, `village`, `post_office`, `applicant_photo`, `organization_photo`, `status`, `is_individual`, `remarks`, `updated_at`, `created_at`, `updated_by`, `created_by`) VALUES
(320, 'Shamsun Nahar', 'Abdul Salam', '01952209493', '0', 14, 197, 'Maloncha Bongshipara', NULL, '', '', 1, 2, '', '2017-08-31', '2017-08-31', 3, 3),
(321, 'Md. Nur Islam', 'Late Korban Sheikh', '01983310733', '0', 14, 197, 'Maloncha Bongshipara', NULL, '', '', 1, 2, '', '2017-08-31', '2017-08-31', 3, 3),
(322, 'Md. Akter', 'Osman', '01936439165', '0', 14, 197, 'Maloncha Bongshipara', NULL, '', '', 1, 2, '', '2017-08-31', '2017-08-31', 3, 3),
(323, 'Md. Liakat Ali', 'Iman Sheikh', '01758915046', '0', 14, 197, 'Maloncha Bongshipara', NULL, '', '', 1, 2, '', '2017-08-31', '2017-08-31', 3, 3),
(324, 'Most Jabeda', 'Habibur Rahman', '01959469052', '0', 14, 197, 'Maloncha Proschimpara', NULL, '', '', 1, 2, '', '2017-08-31', '2017-08-31', 3, 3),
(325, 'Most Hamida Begum', 'Miyar Uddin', '01922507071', '0', 14, 197, 'Maloncha Bojoruddinpara', NULL, '', '', 1, 2, '', '2017-08-31', '2017-08-31', 3, 3),
(326, 'Imam Uddin Chowdury', 'Late Abdur Rahim Chowdhury', '01845248763', '19563011447856582', 44, 347, 'Abdul Latif Chow Bari', 'Gopal Union', '', '', 1, 2, '', '2017-08-31', '2017-08-31', 3, 3),
(327, 'Foiz Ahmed', 'Jalal Ahmed', '01840298975', '3011474785968', 44, 347, 'Begu Majhir Bari, Shekhji para', 'Gopal Union', '', '', 1, 2, '', '2017-08-31', '2017-08-31', 3, 3),
(328, 'Jahanara Begum', 'Shekh Saiyad  Ahmed', '01836321313', '311447856161', 44, 347, 'Dana Mitar Mistry Bari', 'Gopal Union', '', '', 1, 2, '', '2017-08-31', '2017-08-31', 3, 3),
(329, 'Md. Nurul Alam', 'late Md. Abdul Hai', '01811125408', '3011447907304', 44, 347, 'Abdul Mojid Chowdury Bari, Shekhji para', 'Gopal Union', '', '', 1, 2, '', '2017-08-31', '2017-08-31', 3, 3),
(330, 'Sk Shah Alam', 'Late Shekh Abdur Rouf', '01825684820', '3011447907310', 44, 347, 'Sk. Kamal Uddin Bhuiya Bari, Shekhji Para', 'Gopal Union', '', '', 1, 2, '', '2017-08-31', '2017-08-31', 3, 3),
(331, 'Hedayat Hossain', 'Late shekh Ahmed', '01820013001', '3011447910093', 44, 347, 'Yusuf Azmir Bari, Shekhji para', 'Gopal Union', '', '', 1, 2, '', '2017-08-31', '2017-08-31', 3, 3),
(332, 'Md. Abdullah Al Mamun', 'Ali Newaz', '01815062895', '19733011447883758', 44, 347, 'Abdul Haque Hazi Bari, Shekhji Para', 'Gopal Union', '', '', 1, 2, '', '2017-08-31', '2017-08-31', 3, 3),
(333, 'Md. Kamal Uddin', 'Late Roim Ullah', '01853356395', '3011447855701', 44, 347, 'Yousuf Azmir Bari, Shekhji Para', 'Gopal Union', '', '', 1, 2, '', '2017-08-31', '2017-08-31', 3, 3),
(334, 'Oli Ahamed Khondoker', 'Late Md. Idris', '01869182344', '3011447855855', 44, 347, 'khondoker Bari, Shekhji para', 'Gopal Union', '', '', 1, 2, '', '2017-08-31', '2017-08-31', 3, 3),
(335, 'Mahfuza Akter Shilpi', 'Md. Shahab Uddin', '01840835070', '3011447883831', 44, 347, 'Millat Ali Mowlabi Bari, Shekhjipara', 'Gopal Union', '', '', 1, 2, '', '2017-08-31', '2017-08-31', 3, 3),
(336, 'Fazlul Karim Salim', 'Late Cherajul Haque', '01825117089', '3011447883842', 44, 347, 'Jamir Shaheber Bari', 'Gopal Union', '', '', 1, 2, '', '2017-08-31', '2017-08-31', 3, 3),
(337, 'Suza Mia', 'Late Nuru Mia', '01857253359', '3011447855651', 44, 347, 'Yusuf Bari, Shekhjipara', 'Gopal Union', '', '', 1, 2, '', '2017-08-31', '2017-08-31', 3, 3),
(338, 'Shahadat Hossain', 'Khaez Ahmed', '01823978723', '19833011447000010', 44, 347, 'zamider bari, Shekhjipara', 'Gopal Union', '', '', 1, 2, '', '2017-08-31', '2017-08-31', 3, 3),
(339, 'Nur Jahan', 'Ali Azzam', '01820294164', '3011447856827', 44, 347, 'Yusuf Shaheber bari, sheikhjipara', 'Gopal Union', '', '', 1, 2, '', '2017-08-31', '2017-08-31', 3, 3),
(340, 'Mohammad Ayub', 'Late Khayez Ahmed', '01868819132', '3011447856890', 44, 347, 'Jamir Shaheber Bari, Sheikhjipara', 'Gopal Union', '', '', 1, 2, '', '2017-08-31', '2017-08-31', 3, 3),
(341, 'Rahana Akter', 'Md. Sekim Uddin', '01818858572', '3011447856426', 44, 347, 'Man Sunir Bari, Sheikhjipara', 'Gopal Union', '', '', 1, 2, '', '2017-08-31', '2017-08-31', 3, 3),
(342, 'Md. Sirajul Haque', 'Late Sultan Ahmed', '01830839029', '3011447856306', 44, 347, 'Nurul Haque Majhi bari, Sheikhjipara', 'Gopal Union', '', '', 1, 2, '', '2017-08-31', '2017-08-31', 3, 3),
(343, 'Oli Ahmed', 'Late Makbul Ahmed', '01837950882', '3011447854798', 44, 347, 'Manchi Majhi Bari, Sheikhjipara', 'Gopal Union', '', '', 1, 2, '', '2017-08-31', '2017-08-31', 3, 3),
(344, 'Roshonara Begum', 'Jalal Ahmed', '01859258739', '3011447912527', 44, 347, 'Sultan Ahmed bari, Shekhjipara', 'Gopal Union', '', '', 1, 2, '', '2017-09-05', '2017-09-05', 3, 3),
(345, 'Shirina Begum', 'Shekh Abdul', '01823646775', '3011447906480', 44, 347, 'Mia Jan Mukhsar bari', 'Gopal Union', '', '', 1, 2, '', '2017-09-05', '2017-09-05', 3, 3),
(346, 'Nasima Akter', 'Safikur Rahman', '01825315649', '3011447906458', 44, 347, 'SultanAmin Bari, shekhjipara', 'Gopal Union', '', '', 1, 2, '', '2017-09-05', '2017-09-05', 3, 3),
(347, 'Md. Ishaq', 'Late Md. Amin', '01822485643', '3011447854808', 44, 347, 'Ashraf Ali Bepari Bari, Shekhjipara', 'Gopal Union', '', '', 1, 2, '', '2017-09-05', '2017-09-05', 3, 3),
(348, 'Md. Yousuf', 'Late Md Amin', '01867565011', '3011447854817', 44, 347, 'Ashraf Ali Bepari Bari, Shekhjipara', 'Gopal Union', '', '', 1, 2, '', '2017-09-05', '2017-09-05', 3, 3),
(349, 'Amena Begum', 'Shahab Uddin', '01822065056', '3011447854838', 44, 347, 'Ashraf Ali Bepari Bari, Shekhjipara', 'Gopal Union', '', '', 1, 2, '', '2017-09-05', '2017-09-05', 3, 3),
(350, 'Abu Taher', 'Late Moklesur Rahman', '01838533840', '3011495873687', 44, 347, 'Amin Majner Bari, Shekhjipara', 'Gopal Union', '', '', 1, 2, '', '2017-09-05', '2017-09-05', 3, 3),
(351, 'Amena Begum', 'Md Mojibul Haque', '01827209612', '3011447855250', 44, 347, 'Bojal Mowlabir Bari, Shekhjipara', 'Gopal Union', '', '', 1, 2, '', '2017-09-05', '2017-09-05', 3, 3),
(352, 'Shirina Akter', 'Late Robul Haque', '01826678200', '3011447912566', 44, 347, 'Bhela Kazi Bari, Shekhjipara', 'Gopal Union', '', '', 1, 2, '', '2017-09-05', '2017-09-05', 3, 3),
(353, 'Laila Begum', 'Md. Shah Alam', '01840752520', '3011447855067', 44, 347, 'Tonu sardar bari, Shekhjipara', 'Gopal Union', '', '', 1, 2, '', '2017-09-05', '2017-09-05', 3, 3),
(354, 'Halima Khatun', 'Md. Abdul Hai', '01832277710', '3011447855216', 44, 347, 'Mokbul Ahmed Sorder Bari, Shekhjipara', 'Gopal Union', '', '', 1, 2, '', '2017-09-05', '2017-09-05', 3, 3),
(355, 'Aysha Khatun', 'Amim Ullah', '01878732768', '3011447854971', 44, 347, 'Mokbul Ahmed Sorder Bari, Shekhjipara', 'Gopal Union', '', '', 1, 2, '', '2017-09-05', '2017-09-05', 3, 3),
(356, 'Nurer Nabi', 'Khurshid Alam', '01811844495', '3011447854850', 44, 347, 'Manchi Mizi Bari, Shekhjipara', 'Gopal Union', '', '', 1, 2, '', '2017-09-05', '2017-09-05', 3, 3),
(357, 'Jahangir Alam', 'Sadikur Rahman', '01879691553', '19953011447000354', 44, 347, 'Jagir hazi bari, Sheikhjipara', 'Gopal Union', '', '', 1, 2, '', '2017-09-05', '2017-09-05', 3, 3),
(358, 'Mir Hossain Yead', 'Amir Hossain', '01856339448', '19973011447023247', 44, 347, 'Nizkunjara', 'Gopal Union', '', '', 1, 2, '', '2017-09-05', '2017-09-05', 3, 3),
(359, 'Nurul Amin', 'Late Nur Ahmed', '01829325103', '301144786888', 44, 347, 'Ali Mia Majhi Bari, Shekhjipara', 'Gopal Union', '', '', 1, 2, '', '2017-09-05', '2017-09-05', 3, 3),
(360, 'Shana Alam', 'Shekh Jahangir Alam', '01862055417', '3011447846002', 44, 347, 'Abdur Rahman Bari, Shekhjipara', 'Gopal Union', '', '', 1, 2, '', '2017-09-05', '2017-09-05', 3, 3),
(361, 'Bibi Khiteja', 'Monir Ahmed', '01819622533', '3011447847178', 44, 347, 'Ali Majhir Bari', 'Gopal Union', '', '', 1, 2, '', '2017-09-05', '2017-09-05', 3, 3),
(362, 'Rasheda Akter', 'Md. Anowar Hossain', '01864245063', '19883011447000063', 44, 347, 'Mokbul Ahmed Master Bari', 'Gopal Union', '', '', 1, 2, '', '2017-09-05', '2017-09-05', 3, 3),
(363, 'Md. Mosleh Uddin', 'Late Dr. Kabir Ahmed', '01825215853', '3011447846072', 44, 347, 'Miazi Bari', 'Gopal Union', '', '', 1, 2, '', '2017-09-05', '2017-09-05', 3, 3),
(364, 'Sahera Begum', 'Late Kobir Mia', '01794626090', '3212159122154', 59, 119, 'Hosenpur', 'Bhaboniganj', '', '', 1, 2, '', '2017-09-07', '2017-09-07', 3, 3),
(365, 'Jobaida Khatun', 'Late Monser Ali', '01767265218', '3212159122124', 59, 119, 'Hosenpur', 'Bhaboniganj', '', '', 1, 2, '', '2017-09-07', '2017-09-07', 3, 3),
(366, 'Md. Sakaeit Hossain', 'Late Mojibur Rahman', '01740262870', '0', 59, 119, 'Hosenpur', NULL, '', '', 1, 2, '', '2017-09-07', '2017-09-07', 3, 3),
(367, 'Md. Sheik Sadi', 'Ful Mia', '01721374894', '0', 59, 119, 'Hosenpur', NULL, '', '', 1, 2, '', '2017-09-07', '2017-09-07', 3, 3),
(368, 'Most. Bilkis Begum', 'Moshiur Rahman', '01709783065', '0', 59, 119, 'Hosenpur', NULL, '', '', 1, 2, '', '2017-09-07', '2017-09-07', 3, 3),
(369, 'Md. Anower Mia', 'Late Abdul Jalil', '01793944713', '0', 59, 119, 'Hosenpur', NULL, '', '', 1, 2, '', '2017-09-07', '2017-09-07', 3, 3),
(370, 'Most Shorifa Begum', 'Selim Mia', '01796024320', '0', 59, 119, 'Hosenpur', NULL, '', '', 1, 2, '', '2017-09-07', '2017-09-07', 3, 3),
(371, 'Majrin Begum', 'Shamsul Alam', '01755243433', '0', 59, 119, 'Hosenpur', NULL, '', '', 1, 2, '', '2017-09-07', '2017-09-07', 3, 3),
(372, 'Most. Farida Begum', 'Meher Ali', '01963068751', '0', 59, 119, 'Hosenpur', NULL, '', '', 1, 2, '', '2017-09-07', '2017-09-07', 3, 3),
(373, 'Most. Amrin Begum', 'Majeda Ali', '01749123584', '0', 59, 119, 'Hosenpur', NULL, '', '', 1, 2, '', '2017-09-07', '2017-09-07', 3, 3),
(374, 'Most Nasima Begum', 'Johurul Islam', '01872160384', '0', 59, 119, 'Hosenpur', NULL, '', '', 1, 2, '', '2017-09-07', '2017-09-07', 3, 3),
(375, 'Most Jobiron Begum', 'Late Naim Uddin', '01916036059', '0', 59, 119, 'Hosenpur', NULL, '', '', 1, 2, '', '2017-09-07', '2017-09-07', 3, 3),
(376, 'Most Rahima Begum', 'Nurul Islam', '01750173755', '0', 59, 119, 'Hosenpur', NULL, '', '', 1, 2, '', '2017-09-07', '2017-09-07', 3, 3),
(377, 'Most Rohila Begum', 'Sayed Ali', '01971235485', '0', 59, 119, 'Hosenpur', NULL, '', '', 1, 2, '', '2017-09-07', '2017-09-07', 3, 3),
(378, 'Most Bulbuli', 'Mr. Ali', '01945987873', '0', 59, 119, 'Hosenpur', NULL, '', '', 1, 2, '', '2017-09-07', '2017-09-07', 3, 3),
(379, 'Most Roksana Begum', 'Late Hosen Ali', '01996482838', '0', 59, 119, 'Hosenpur', NULL, '', '', 1, 2, '', '2017-09-07', '2017-09-07', 3, 3),
(380, 'Most. Ajiron Begum', 'Late Fazlu Mia', '01933890896', '0', 59, 119, 'Hosenpur', NULL, '', '', 1, 2, '', '2017-09-07', '2017-09-07', 3, 3),
(381, 'Most. Sahela Begum', 'Late Jalal Hossain', '01746022668', '0', 59, 119, 'Hosenpur', NULL, '', '', 1, 2, '', '2017-09-07', '2017-09-07', 3, 3),
(382, 'Md. Billat Ali', 'Late Jahir Uddin', '01944270125', '0', 59, 119, 'Hosenpur', NULL, '', '', 1, 2, '', '2017-09-07', '2017-09-07', 3, 3),
(383, 'Md. Amjat Hossain', 'Late Bhola Mamun', '01794151260', '0', 59, 119, 'Hosenpur', NULL, '', '', 1, 2, '', '2017-09-07', '2017-09-07', 3, 3),
(384, 'Most Rehena Begum', 'Kawser Ali', '01796086410', '0', 59, 119, 'Hosenpur', NULL, '', '', 1, 2, '', '2017-09-07', '2017-09-07', 3, 3),
(385, 'Most. Saleha Begum', 'Mr. Sofier', '01744386973', '0', 59, 119, 'Hosenpur', NULL, '', '', 1, 2, '', '2017-09-07', '2017-09-07', 3, 3),
(386, 'Md. Shofikul Islam', 'Late Azhar Ali', '01706948663', '0', 59, 119, 'Hosenpur', NULL, '', '', 1, 2, '', '2017-09-07', '2017-09-07', 3, 3),
(387, 'Md. Johurul Haque', 'Sabir Uddin', '01723294494', '0', 59, 119, 'Hosenpur', NULL, '', '', 1, 2, '', '2017-09-07', '2017-09-07', 3, 3),
(388, 'Md Jahurul Islam', 'Fakir Uddin', '0199836424', '0', 59, 119, 'Hosenpur', NULL, '', '', 1, 2, '', '2017-09-07', '2017-09-07', 3, 3),
(389, 'Most Mokutjan', 'Late Enser Ali', '01740125771', '0', 59, 119, 'Hosenpur', NULL, '', '', 1, 2, '', '2017-09-07', '2017-09-07', 3, 3),
(390, 'Most Sahera Begum', 'Kabir Uddin', '01783199105', '0', 59, 119, 'Hosenpur', NULL, '', '', 1, 2, '', '2017-09-07', '2017-09-07', 3, 3),
(391, 'Most. Shilpi Begum', 'Late Rafiq Mia', '01856894510', '0', 59, 119, 'Hosenpur', NULL, '', '', 1, 2, '', '2017-09-07', '2017-09-07', 3, 3),
(392, 'Md. Rafiqul Islam', 'Late khabir Uddin', '01957412043', '0', 59, 119, 'Hosenpur', NULL, '', '', 1, 2, '', '2017-09-07', '2017-09-07', 3, 3),
(393, 'Most. Kobina Begum', 'Late Mintu Mia', '01966408979', '0', 59, 119, 'Hosenpur', NULL, '', '', 1, 2, '', '2017-09-07', '2017-09-07', 3, 3),
(394, 'Md. Momin Mia', 'Late Tara Mia', '01962175045', '0', 59, 119, 'Hosenpur', NULL, '', '', 1, 2, '', '2017-09-07', '2017-09-07', 3, 3),
(395, 'Most Luna Begum', 'Md. Shahanaz Mia', '01726843628', '0', 59, 119, 'Hosenpur', NULL, '', '', 1, 2, '', '2017-09-07', '2017-09-07', 3, 3),
(396, 'Most Nur Jahan Begum', 'Md. Golam Mostofa', '01963195571', '0', 59, 119, 'Hosenpur', NULL, '', '', 1, 2, '', '2017-09-07', '2017-09-07', 3, 3),
(397, 'Most. Morsheda Begum', 'Md. Rafiqul Islam', '01738137121', '0', 59, 119, 'Hosenpur', NULL, '', '', 1, 2, '', '2017-09-07', '2017-09-07', 3, 3),
(398, 'Md. Shafiqul Islam', 'Nayem Uddin', '01752299345', '0', 59, 119, 'Hosenpur', NULL, '', '', 1, 2, '', '2017-09-07', '2017-09-07', 3, 3),
(399, 'Most. Momena Begum', 'Md Yunus Mia', '01744456491', '0', 59, 119, 'Hosenpur', NULL, '', '', 1, 2, '', '2017-09-07', '2017-09-07', 3, 3),
(400, 'Most Momena Khatun', 'Late Mostahab Mia', '01836123646', '0', 59, 119, 'Hosenpur', NULL, '', '', 1, 2, '', '2017-09-07', '2017-09-07', 3, 3),
(401, 'Md. Sekander Mia', 'Late Hedaite Ullah', '01982155725', '0', 59, 119, 'Hosenpur', NULL, '', '', 1, 2, '', '2017-09-07', '2017-09-07', 3, 3),
(402, 'Md. Yakub Ali', 'Khejer Uddin', '01725981180', '0', 59, 119, 'Hosenpur', NULL, '', '', 1, 2, '', '2017-09-07', '2017-09-07', 3, 3),
(403, 'Md. Aminur Islam', 'Late Khoibor  Rahman', '01943204403', '0', 59, 119, 'Hosenpur', NULL, '', '', 1, 2, '', '2017-09-07', '2017-09-07', 3, 3),
(404, 'Most Josna Begum', 'Md Mojibur Rahman', '01956827745', '0', 59, 119, 'Hosenpur', NULL, '', '', 1, 2, '', '2017-09-07', '2017-09-07', 3, 3),
(405, 'Md. Titu Mia', 'Late Monsur Ali', '01793866085', '0', 59, 119, 'Hosenpur', NULL, '', '', 1, 2, '', '2017-09-07', '2017-09-07', 3, 3),
(406, 'Most. Julekha Begum', 'Md. Lal Mia', '01740394423', '0', 59, 119, 'Hosenpur', NULL, '', '', 1, 2, '', '2017-09-07', '2017-09-07', 3, 3),
(407, 'Most Shanu Begum', 'Md. Samiul Mia', '01773209307', '0', 59, 119, 'Hosenpur', NULL, '', '', 1, 2, '', '2017-09-07', '2017-09-07', 3, 3),
(408, 'Md. Moslem Uddin', 'Late Hedait Ullah', '01763140885', '0', 59, 119, 'Hosenpur', NULL, '', '', 1, 2, '', '2017-09-07', '2017-09-07', 3, 3),
(409, 'Most Amicha Begum', 'Md. Nalu Mia', '01725450267', '0', 59, 119, 'Hosenpur', NULL, '', '', 1, 2, '', '2017-09-07', '2017-09-07', 3, 3),
(410, 'Md Raju Mia', 'Late Genda Sheikh', '01729188918', '0', 59, 119, 'Hosenpur', NULL, '', '', 1, 2, '', '2017-09-07', '2017-09-07', 3, 3),
(411, 'Most. Munjila Begum', 'Md. Shahin Mia', '01910079972', '0', 59, 119, 'Hosenpur', NULL, '', '', 1, 2, '', '2017-09-07', '2017-09-07', 3, 3),
(412, 'Most. Sebron Begum', 'Late Babor Ali', '01785167243', '0', 59, 119, 'Hosenpur', NULL, '', '', 1, 2, '', '2017-09-07', '2017-09-07', 3, 3),
(413, 'Most. Moina Begum', 'Late Shaikat Ali Mandal', '01751307878', '0', 59, 119, 'Hosenpur', NULL, '', '', 1, 2, '', '2017-09-07', '2017-09-07', 3, 3),
(414, 'Most Morium Begum', 'Md. Ajad Mia', '01776879720', '0', 59, 119, 'Hosenpur', NULL, '', '', 1, 2, '', '2017-09-07', '2017-09-07', 3, 3),
(415, 'Most. Hasina Begum', 'Md. Osman Goni', '01991593229', '0', 59, 119, 'Hosenpur', NULL, '', '', 1, 2, '', '2017-09-07', '2017-09-07', 3, 3);

-- --------------------------------------------------------

--
-- Table structure for table `ut_mis_donations`
--

CREATE TABLE `ut_mis_donations` (
  `donation_row_id` int(11) NOT NULL,
  `category_row_id` int(11) NOT NULL,
  `is_individual` int(11) NOT NULL COMMENT '1 ~ Organization, 2 ~ Individual',
  `applicant_row_id` int(11) NOT NULL,
  `subject` text NOT NULL,
  `amount` decimal(14,2) NOT NULL,
  `donation_at` date NOT NULL,
  `remarks` text NOT NULL,
  `created_at` date NOT NULL,
  `updated_at` date NOT NULL,
  `created_by` int(11) NOT NULL,
  `updated_by` int(11) NOT NULL
) ENGINE=InnoDB DEFAULT CHARSET=latin1;

--
-- Dumping data for table `ut_mis_donations`
--

INSERT INTO `ut_mis_donations` (`donation_row_id`, `category_row_id`, `is_individual`, `applicant_row_id`, `subject`, `amount`, `donation_at`, `remarks`, `created_at`, `updated_at`, `created_by`, `updated_by`) VALUES
(1, 7, 2, 1, 'daughter marriage', '10000.00', '2017-01-16', '', '2017-07-05', '2017-07-05', 3, 3),
(2, 7, 2, 2, 'daughter marriage', '10000.00', '2017-01-16', '', '2017-07-05', '2017-07-05', 3, 3),
(3, 7, 2, 3, 'daughter marriage', '10000.00', '2017-02-13', '', '2017-07-05', '2017-07-05', 3, 3),
(4, 7, 2, 4, 'daughter marriage', '10000.00', '2017-05-09', '', '2017-07-05', '2017-07-05', 3, 3),
(5, 7, 2, 5, 'daughter marriage', '10000.00', '2017-05-16', '', '2017-07-05', '2017-07-05', 3, 3),
(6, 7, 2, 6, 'daughter marriage', '10000.00', '2017-05-14', '', '2017-07-05', '2017-07-05', 3, 3),
(7, 7, 2, 7, 'daughter marriage', '10000.00', '2017-05-22', '', '2017-07-05', '2017-07-05', 3, 3),
(8, 13, 2, 8, 'For House', '10000.00', '2017-04-09', '', '2017-07-05', '2017-07-05', 3, 3),
(9, 13, 2, 9, 'For House', '10000.00', '2017-04-09', '', '2017-07-05', '2017-07-05', 3, 3),
(10, 13, 2, 10, 'For House', '100000.00', '2017-04-09', '', '2017-07-05', '2017-07-05', 3, 3),
(11, 4, 1, 11, 'For Homio Hospital', '50000.00', '2017-01-08', '', '2017-07-06', '2017-07-06', 3, 3),
(12, 2, 1, 12, 'For Mosque', '200000.00', '2017-01-09', '', '2017-07-06', '2017-07-06', 3, 3),
(13, 2, 1, 13, 'For Mosque', '200000.00', '2017-01-09', '', '2017-07-09', '2017-07-09', 3, 3),
(14, 2, 1, 14, 'For Mosque', '400000.00', '2017-01-09', '', '2017-07-16', '2017-07-16', 3, 3),
(15, 2, 1, 15, 'For Mosque', '300000.00', '2017-01-09', '', '2017-07-16', '2017-07-16', 3, 3),
(16, 2, 1, 16, 'For Mosque', '300000.00', '2017-01-09', '', '2017-07-16', '2017-07-16', 3, 3),
(17, 2, 1, 17, 'For Mosque', '200000.00', '2017-01-09', '', '2017-07-16', '2017-07-16', 3, 3),
(18, 2, 1, 18, 'For Mosque', '400000.00', '2017-01-09', '', '2017-07-16', '2017-07-16', 3, 3),
(19, 2, 1, 19, 'For Mosque', '200000.00', '2017-01-09', '', '2017-07-17', '2017-07-17', 3, 3),
(20, 2, 1, 20, 'For Mosque', '100000.00', '2017-01-09', '', '2017-07-17', '2017-07-17', 3, 3),
(21, 2, 1, 21, 'For Mosque', '200000.00', '2017-01-09', '', '2017-07-17', '2017-07-17', 3, 3),
(22, 2, 1, 22, 'For Mosque', '100000.00', '2017-01-09', '', '2017-07-17', '2017-07-17', 3, 3),
(23, 2, 1, 23, 'For Mosque', '300000.00', '2017-01-09', '', '2017-07-17', '2017-07-17', 3, 3),
(24, 2, 1, 24, 'For Mosque', '100000.00', '2017-01-09', '', '2017-07-17', '2017-07-17', 3, 3),
(25, 2, 1, 25, 'For Mosque', '300000.00', '2017-01-09', '', '2017-07-17', '2017-07-17', 3, 3),
(26, 2, 1, 26, 'For Mosque', '400000.00', '2017-01-09', '', '2017-07-17', '2017-07-17', 3, 3),
(27, 2, 1, 27, 'For Mosque', '100000.00', '2017-01-09', '', '2017-07-17', '2017-07-17', 3, 3),
(28, 2, 1, 28, 'For Mosque', '200000.00', '2017-01-09', '', '2017-07-17', '2017-07-17', 3, 3),
(29, 2, 1, 29, 'For Mosque', '300000.00', '2017-01-09', '', '2017-07-17', '2017-07-17', 3, 3),
(30, 2, 1, 30, 'For Mosque', '200000.00', '2017-01-09', '', '2017-07-17', '2017-07-17', 3, 3),
(31, 2, 1, 31, 'For Mosque', '200000.00', '2017-01-09', '', '2017-07-17', '2017-07-17', 3, 3),
(32, 2, 1, 32, 'For Mosque', '400000.00', '2017-01-09', '', '2017-07-17', '2017-07-17', 3, 3),
(33, 2, 1, 33, 'For Mosque', '300000.00', '2017-01-09', '', '2017-07-17', '2017-07-17', 3, 3),
(34, 2, 1, 34, 'For Mosque', '4000000.00', '2017-01-01', '', '2017-07-17', '2017-07-17', 3, 3),
(35, 2, 1, 35, 'Driver Awareness', '435000.00', '2017-01-01', '', '2017-07-17', '2017-07-17', 3, 3),
(36, 3, 1, 36, 'For Madrasa Development', '2000000.00', '2017-02-02', '', '2017-07-17', '2017-07-17', 3, 3),
(37, 2, 1, 37, 'For Mosque', '300000.00', '2017-02-02', '', '2017-07-17', '2017-07-17', 3, 3),
(38, 2, 1, 38, 'For Mosque', '300000.00', '2017-02-01', '', '2017-07-17', '2017-07-17', 3, 3),
(39, 2, 1, 39, 'For Mosque', '200000.00', '2017-02-01', '', '2017-07-17', '2017-07-17', 3, 3),
(40, 2, 1, 40, 'For Mosque', '200000.00', '2017-02-01', '', '2017-07-17', '2017-07-17', 3, 3),
(41, 2, 1, 41, 'For Mosque', '350000.00', '2017-02-01', '', '2017-07-17', '2017-07-17', 3, 3),
(42, 2, 1, 42, 'For Mosque', '200000.00', '2017-02-01', '', '2017-07-17', '2017-07-17', 3, 3),
(43, 2, 1, 43, 'For Mosque', '300000.00', '2017-02-01', '', '2017-07-17', '2017-07-17', 3, 3),
(44, 2, 1, 44, 'For Mosque', '300000.00', '2017-02-01', '', '2017-07-17', '2017-07-17', 3, 3),
(45, 2, 1, 45, 'For Mosque', '200000.00', '2017-02-01', '', '2017-07-17', '2017-07-17', 3, 3),
(46, 2, 1, 46, 'For Mosque', '200000.00', '2017-02-01', '', '2017-07-17', '2017-07-17', 3, 3),
(47, 14, 1, 35, 'Driver Awareness', '172285.00', '2017-03-14', '', '2017-07-17', '2017-07-17', 3, 3),
(48, 2, 1, 47, 'For Mosque', '200000.00', '2017-03-01', '', '2017-07-17', '2017-07-17', 3, 3),
(49, 2, 1, 48, 'For Mosque', '200000.00', '2017-03-06', '', '2017-07-17', '2017-07-17', 3, 3),
(50, 3, 1, 49, 'For Mosque', '400000.00', '2017-03-06', '', '2017-07-17', '2017-07-17', 3, 3),
(51, 2, 1, 50, 'For Mosque', '200000.00', '2017-03-13', '', '2017-07-17', '2017-07-17', 3, 3),
(52, 2, 1, 51, 'For Mosque', '100000.00', '2017-03-08', '', '2017-07-17', '2017-07-17', 3, 3),
(53, 2, 1, 52, 'For Mosque', '200000.00', '2017-03-15', '', '2017-07-17', '2017-07-17', 3, 3),
(54, 2, 1, 53, 'For Mosque', '100000.00', '2017-03-15', '', '2017-07-17', '2017-07-17', 3, 3),
(55, 2, 1, 54, 'For Mosque', '500000.00', '2017-03-23', '', '2017-07-17', '2017-07-17', 3, 3),
(56, 2, 1, 34, 'For Mosque', '1000000.00', '2017-03-21', '', '2017-07-17', '2017-07-17', 3, 3),
(57, 2, 1, 55, 'For Mosque', '150000.00', '2017-03-14', '', '2017-07-17', '2017-07-17', 3, 3),
(58, 2, 1, 56, 'For Mosque', '250000.00', '2017-04-18', '', '2017-07-17', '2017-07-17', 3, 3),
(59, 2, 1, 57, 'For Mosque', '200000.00', '2017-05-18', '', '2017-07-17', '2017-07-17', 3, 3),
(60, 2, 1, 58, 'For Mosque', '100000.00', '2017-05-18', '', '2017-07-17', '2017-07-17', 3, 3),
(61, 5, 2, 59, 'Scholarship', '2000.00', '2017-01-01', '', '2017-07-18', '2017-07-18', 3, 3),
(62, 5, 2, 60, 'Scholarship', '2000.00', '2017-01-09', '', '2017-07-18', '2017-07-18', 3, 3),
(63, 5, 2, 61, 'Scholarship( Monthly)', '2000.00', '2017-01-09', '', '2017-07-18', '2017-07-18', 3, 3),
(64, 5, 2, 62, 'Scholarship( Monthly)', '2000.00', '2017-01-15', '', '2017-07-18', '2017-07-18', 3, 3),
(65, 5, 2, 63, 'Scholarship( Monthly)', '1500.00', '2017-01-09', '', '2017-07-18', '2017-07-19', 3, 3),
(66, 5, 2, 64, 'Scholarship( Monthly)', '2000.00', '2017-01-09', '', '2017-07-18', '2017-07-18', 3, 3),
(67, 5, 2, 65, 'Scholarship( Monthly)', '1000.00', '2017-01-09', '', '2017-07-18', '2017-07-19', 3, 3),
(68, 5, 2, 66, 'Scholarship( Monthly)', '2000.00', '2017-01-15', '', '2017-07-19', '2017-07-19', 3, 3),
(69, 5, 2, 67, 'Scholarship( Monthly)', '2000.00', '2017-01-09', '', '2017-07-19', '2017-07-19', 3, 3),
(70, 5, 2, 68, 'Scholarship( Monthly)', '2000.00', '2017-01-15', '', '2017-07-19', '2017-07-19', 3, 3),
(71, 5, 2, 69, 'Scholarship( Monthly)', '2000.00', '2017-01-08', '', '2017-07-19', '2017-07-19', 3, 3),
(72, 5, 2, 70, 'Scholarship( Monthly)', '2000.00', '2017-01-08', '', '2017-07-19', '2017-07-19', 3, 3),
(73, 5, 2, 71, 'Scholarship( Monthly)', '2000.00', '2017-01-16', '', '2017-07-19', '2017-07-19', 3, 3),
(74, 5, 2, 72, 'Scholarship( Monthly)', '2000.00', '2017-01-08', '', '2017-07-19', '2017-07-19', 3, 3),
(75, 5, 2, 73, 'Scholarship', '6000.00', '2017-01-08', '', '2017-07-19', '2017-07-19', 3, 3),
(76, 5, 2, 74, 'Scholarship( Monthly)', '2000.00', '2017-01-22', '', '2017-07-19', '2017-07-19', 3, 3),
(77, 5, 2, 75, 'Scholarship( Monthly)', '2000.00', '2017-03-12', '', '2017-07-19', '2017-07-19', 3, 3),
(78, 5, 2, 76, 'Scholarship( Monthly)', '2000.00', '2017-03-14', '', '2017-07-19', '2017-07-19', 3, 3),
(79, 5, 2, 77, 'Scholarship( Monthly)', '1500.00', '2017-03-20', '', '2017-07-19', '2017-07-19', 3, 3),
(80, 5, 2, 78, 'Scholarship( Monthly)', '3000.00', '2017-04-09', '', '2017-07-19', '2017-07-19', 3, 3),
(81, 8, 2, 79, 'Advanced Treatment', '50000.00', '2017-01-16', '', '2017-07-29', '2017-07-29', 3, 3),
(82, 8, 2, 80, 'Advanced Treatment', '200000.00', '2017-01-17', '', '2017-07-29', '2017-07-29', 3, 3),
(83, 8, 2, 81, 'Advanced Treatment', '25000.00', '2017-02-21', '', '2017-07-29', '2017-07-29', 3, 3),
(84, 8, 2, 82, 'Advanced Treatment', '100000.00', '2017-02-06', '', '2017-07-31', '2017-07-31', 3, 3),
(85, 8, 2, 83, 'Advanced Treatment', '60000.00', '2017-02-13', '', '2017-07-31', '2017-07-31', 3, 3),
(86, 8, 2, 84, 'Advanced Treatment', '25000.00', '2017-01-24', '', '2017-07-31', '2017-07-31', 3, 3),
(87, 8, 2, 85, 'Advanced Treatment', '10000.00', '2017-02-19', '', '2017-07-31', '2017-07-31', 3, 3),
(88, 8, 2, 86, 'Advanced Treatment', '100000.00', '2017-02-21', '', '2017-07-31', '2017-07-31', 3, 3),
(89, 8, 2, 87, 'Advanced Treatment', '25000.00', '2017-02-19', '', '2017-07-31', '2017-07-31', 3, 3),
(90, 8, 2, 88, 'Advanced Treatment', '50000.00', '2017-01-23', '', '2017-07-31', '2017-07-31', 3, 3),
(91, 8, 2, 89, 'Advanced Treatment', '100000.00', '2017-02-19', '', '2017-07-31', '2017-07-31', 3, 3),
(92, 8, 2, 90, 'Advanced Treatment', '50000.00', '2017-02-26', '', '2017-07-31', '2017-07-31', 3, 3),
(93, 8, 2, 91, 'Advanced Treatment', '100000.00', '2017-02-12', '', '2017-07-31', '2017-07-31', 3, 3),
(94, 8, 2, 92, 'Advanced Treatment', '25000.00', '2017-02-12', '', '2017-07-31', '2017-07-31', 3, 3),
(95, 8, 2, 93, 'Advanced Treatment', '80000.00', '2017-01-16', '', '2017-07-31', '2017-07-31', 3, 3),
(96, 8, 2, 94, 'Advanced Treatment', '15000.00', '2017-02-19', '', '2017-07-31', '2017-07-31', 3, 3),
(97, 8, 2, 95, 'Advanced Treatment', '25000.00', '2017-02-05', '', '2017-07-31', '2017-07-31', 3, 3),
(98, 8, 2, 96, 'Advanced Treatment', '60000.00', '2017-02-02', '', '2017-07-31', '2017-07-31', 3, 3),
(99, 8, 2, 97, 'Advanced Treatment', '15000.00', '2017-04-16', '', '2017-07-31', '2017-07-31', 3, 3),
(100, 8, 2, 98, 'Advanced Treatment', '25000.00', '2017-04-23', '', '2017-07-31', '2017-07-31', 3, 3),
(101, 8, 2, 99, 'Advanced Treatment', '15000.00', '2017-04-09', '', '2017-07-31', '2017-07-31', 3, 3),
(102, 8, 2, 100, 'Advanced Treatment', '25000.00', '2017-04-16', '', '2017-07-31', '2017-07-31', 3, 3),
(103, 10, 2, 101, 'For Toilet', '12000.00', '2017-01-02', '', '2017-07-31', '2017-07-31', 3, 3),
(104, 10, 2, 102, 'For Toilet', '12000.00', '2017-02-21', '', '2017-07-31', '2017-07-31', 3, 3),
(105, 10, 2, 103, 'For Toilet', '12000.00', '2017-01-23', '', '2017-07-31', '2017-07-31', 3, 3),
(106, 10, 2, 104, 'For Toilet', '12000.00', '2017-05-21', '', '2017-08-07', '2017-08-07', 3, 3),
(107, 10, 2, 105, 'For Toilet', '12000.00', '2017-03-27', '', '2017-08-07', '2017-08-07', 3, 3),
(108, 10, 2, 106, 'For Toilet', '12000.00', '2017-04-10', '', '2017-08-07', '2017-08-07', 3, 3),
(109, 10, 2, 107, 'For Toilet', '12000.00', '2017-06-19', '', '2017-08-07', '2017-08-07', 3, 3),
(110, 10, 2, 108, 'For Toilet', '12000.00', '2017-02-19', '', '2017-08-07', '2017-08-07', 3, 3),
(111, 10, 2, 109, 'For Toilet', '12000.00', '2017-05-28', '', '2017-08-07', '2017-08-07', 3, 3),
(112, 10, 2, 110, 'For Toilet', '12000.00', '2017-03-19', '', '2017-08-07', '2017-08-07', 3, 3),
(113, 10, 2, 111, 'For Toilet', '12000.00', '2017-05-29', '', '2017-08-07', '2017-08-07', 3, 3),
(114, 10, 2, 112, 'For Toilet', '12000.00', '2017-02-28', '', '2017-08-07', '2017-08-07', 3, 3),
(115, 10, 2, 113, 'For Toilet', '12000.00', '2017-05-29', '', '2017-08-07', '2017-08-07', 3, 3),
(116, 10, 2, 114, 'For Toilet', '12000.00', '2017-06-11', '', '2017-08-07', '2017-08-07', 3, 3),
(117, 10, 2, 115, 'For Toilet', '12000.00', '2017-02-27', '', '2017-08-07', '2017-08-07', 3, 3),
(118, 10, 2, 116, 'For Toilet', '12000.00', '2017-05-28', '', '2017-08-07', '2017-08-07', 3, 3),
(119, 10, 2, 117, 'For Toilet', '12000.00', '2017-06-05', '', '2017-08-07', '2017-08-07', 3, 3),
(120, 10, 2, 118, 'For Toilet', '12000.00', '2017-06-01', '', '2017-08-07', '2017-08-07', 3, 3),
(121, 10, 2, 119, 'For Toilet', '12000.00', '2017-06-02', '', '2017-08-07', '2017-08-07', 3, 3),
(122, 10, 2, 120, 'For Toilet', '12000.00', '2017-06-05', '', '2017-08-07', '2017-08-07', 3, 3),
(123, 10, 2, 121, 'For Toilet', '12000.00', '2017-06-13', '', '2017-08-07', '2017-08-07', 3, 3),
(124, 10, 2, 122, 'For Toilet', '12000.00', '2017-06-05', '', '2017-08-07', '2017-08-07', 3, 3),
(125, 10, 2, 123, 'For Toilet', '12000.00', '2017-05-29', '', '2017-08-07', '2017-08-07', 3, 3),
(126, 10, 2, 124, 'For Toilet', '12000.00', '2017-05-29', '', '2017-08-07', '2017-08-07', 3, 3),
(127, 10, 2, 125, 'For Toilet', '12000.00', '2017-06-01', '', '2017-08-07', '2017-08-07', 3, 3),
(128, 10, 2, 126, 'For Toilet', '12000.00', '2017-05-29', '', '2017-08-07', '2017-08-07', 3, 3),
(129, 10, 2, 127, 'For Toilet', '12000.00', '2017-06-26', '', '2017-08-07', '2017-08-07', 3, 3),
(130, 10, 2, 128, 'For Toilet', '12000.00', '2017-05-29', '', '2017-08-07', '2017-08-07', 3, 3),
(131, 10, 2, 129, 'For Toilet', '12000.00', '2017-02-21', '', '2017-08-08', '2017-08-08', 3, 3),
(132, 10, 2, 130, 'For Toilet', '12000.00', '2017-04-10', '', '2017-08-08', '2017-08-08', 3, 3),
(133, 10, 2, 131, 'For Toilet', '12000.00', '2017-04-09', '', '2017-08-08', '2017-08-08', 3, 3),
(134, 10, 2, 132, 'For Toilet', '12000.00', '2017-06-26', '', '2017-08-08', '2017-08-08', 3, 3),
(135, 10, 2, 133, 'For Toilet', '12000.00', '2017-05-29', '', '2017-08-08', '2017-08-08', 3, 3),
(136, 10, 2, 134, 'For Toilet', '12000.00', '2017-06-12', '', '2017-08-08', '2017-08-08', 3, 3),
(137, 10, 2, 135, 'For Toilet', '12000.00', '2017-06-27', '', '2017-08-08', '2017-08-08', 3, 3),
(138, 10, 2, 136, 'For Toilet', '12000.00', '2017-05-29', '', '2017-08-08', '2017-08-08', 3, 3),
(139, 10, 2, 137, 'For Toilet', '12000.00', '2017-06-20', '', '2017-08-08', '2017-08-08', 3, 3),
(140, 10, 2, 138, 'For Toilet', '12000.00', '2017-05-22', '', '2017-08-08', '2017-08-08', 3, 3),
(141, 10, 2, 139, 'For Toilet', '12000.00', '2017-05-28', '', '2017-08-08', '2017-08-08', 3, 3),
(142, 10, 2, 140, 'For Toilet', '12000.00', '2017-05-29', '', '2017-08-08', '2017-08-08', 3, 3),
(143, 10, 2, 141, 'For Toilet', '12000.00', '2017-06-25', '', '2017-08-08', '2017-08-08', 3, 3),
(144, 10, 2, 142, 'For Toilet', '12000.00', '2017-04-25', '', '2017-08-08', '2017-08-08', 3, 3),
(145, 10, 2, 143, 'For Toilet', '12000.00', '2017-06-25', '', '2017-08-08', '2017-08-08', 3, 3),
(146, 10, 2, 144, 'For Toilet', '12000.00', '2017-06-26', '', '2017-08-08', '2017-08-08', 3, 3),
(147, 10, 2, 145, 'For Toilet', '12000.00', '2017-05-29', '', '2017-08-08', '2017-08-08', 3, 3),
(148, 10, 2, 146, 'For Toilet', '12000.00', '2017-05-29', '', '2017-08-08', '2017-08-08', 3, 3),
(149, 10, 2, 147, 'For Toilet', '12000.00', '2017-06-26', '', '2017-08-08', '2017-08-08', 3, 3),
(150, 10, 2, 148, 'For Toilet', '12000.00', '2017-05-29', '', '2017-08-08', '2017-08-08', 3, 3),
(151, 10, 2, 149, 'For Toilet', '12000.00', '2017-05-29', '', '2017-08-08', '2017-08-08', 3, 3),
(152, 10, 2, 150, 'For Toilet', '13000.00', '2017-06-18', '', '2017-08-09', '2017-08-09', 3, 3),
(153, 10, 2, 151, 'For Toilet', '13000.00', '2017-05-22', '', '2017-08-09', '2017-08-09', 3, 3),
(154, 10, 2, 152, 'For Toilet', '13000.00', '2017-05-08', '', '2017-08-09', '2017-08-09', 3, 3),
(155, 10, 2, 153, 'For Toilet', '13000.00', '2017-05-29', '', '2017-08-09', '2017-08-09', 3, 3),
(156, 10, 2, 154, 'For Toilet', '13000.00', '2017-06-26', '', '2017-08-09', '2017-08-09', 3, 3),
(157, 10, 2, 155, 'For Toilet', '13000.00', '2017-05-30', '', '2017-08-09', '2017-08-09', 3, 3),
(158, 10, 2, 156, 'For Toilet', '13000.00', '2017-06-27', '', '2017-08-09', '2017-08-09', 3, 3),
(159, 10, 2, 157, 'For Toilet', '13000.00', '2017-06-27', '', '2017-08-09', '2017-08-09', 3, 3),
(160, 10, 2, 158, 'For Toilet', '13000.00', '2017-06-26', '', '2017-08-09', '2017-08-09', 3, 3),
(161, 10, 2, 159, 'For Toilet', '13000.00', '2017-06-27', '', '2017-08-09', '2017-08-09', 3, 3),
(162, 10, 2, 160, 'For Toilet', '13000.00', '2017-06-27', '', '2017-08-09', '2017-08-09', 3, 3),
(163, 10, 2, 161, 'For Toilet', '13000.00', '2017-05-29', '', '2017-08-09', '2017-08-09', 3, 3),
(164, 10, 2, 162, 'For Toilet', '13000.00', '2017-05-29', '', '2017-08-09', '2017-08-09', 3, 3),
(165, 10, 2, 163, 'For Toilet', '13000.00', '2017-04-21', '', '2017-08-09', '2017-08-09', 3, 3),
(166, 10, 2, 164, 'For Toilet', '13000.00', '2017-06-26', '', '2017-08-09', '2017-08-09', 3, 3),
(167, 10, 2, 165, 'For Toilet', '13000.00', '2017-05-29', '', '2017-08-09', '2017-08-09', 3, 3),
(168, 10, 2, 166, 'For Toilet', '13000.00', '2017-06-27', '', '2017-08-09', '2017-08-09', 3, 3),
(169, 10, 2, 167, 'For Toilet', '13000.00', '2017-07-09', '', '2017-08-09', '2017-08-09', 3, 3),
(170, 10, 2, 168, 'For Toilet', '13000.00', '2017-05-29', '', '2017-08-09', '2017-08-09', 3, 3),
(171, 10, 2, 169, 'For Toilet', '13000.00', '2017-06-26', '', '2017-08-09', '2017-08-09', 3, 3),
(172, 10, 2, 170, 'For Toilet', '13000.00', '2017-05-29', '', '2017-08-09', '2017-08-09', 3, 3),
(173, 10, 2, 171, 'For Toilet', '13000.00', '2017-06-19', '', '2017-08-09', '2017-08-09', 3, 3),
(174, 10, 2, 172, 'For Toilet', '13000.00', '2017-05-16', '', '2017-08-09', '2017-08-09', 3, 3),
(175, 2, 1, 173, 'For Mosque', '300000.00', '2017-05-21', '', '2017-08-20', '2017-08-20', 3, 3),
(176, 2, 1, 174, 'For Mosque', '100000.00', '2017-05-29', '', '2017-08-20', '2017-08-20', 3, 3),
(177, 2, 1, 175, 'For Mosque', '100000.00', '2017-05-21', '', '2017-08-20', '2017-08-20', 3, 3),
(178, 2, 1, 176, 'For Mosque', '100000.00', '2017-05-22', '', '2017-08-20', '2017-08-20', 3, 3),
(179, 2, 1, 177, 'For Mosque', '100000.00', '2017-05-21', '', '2017-08-20', '2017-08-20', 3, 3),
(180, 2, 1, 178, 'For Mosque', '100000.00', '2017-05-29', '', '2017-08-20', '2017-08-20', 3, 3),
(181, 1, 1, 179, 'For Atimkhana', '200000.00', '2017-06-19', '', '2017-08-21', '2017-08-21', 3, 3),
(182, 2, 1, 180, 'For Mosque', '200000.00', '2017-06-27', '', '2017-08-21', '2017-08-21', 3, 3),
(183, 2, 1, 181, 'For Mosque', '100000.00', '2017-06-27', '', '2017-08-21', '2017-08-21', 3, 3),
(184, 2, 1, 182, 'For Mosque', '75000.00', '2017-06-27', '', '2017-08-21', '2017-08-21', 3, 3),
(185, 2, 1, 183, 'For Mosque', '100000.00', '2017-06-27', '', '2017-08-21', '2017-08-21', 3, 3),
(186, 2, 1, 184, 'For Mosque', '100000.00', '2017-06-27', '', '2017-08-21', '2017-08-21', 3, 3),
(187, 4, 1, 185, 'For Development', '50000.00', '2017-06-27', '', '2017-08-21', '2017-08-21', 3, 3),
(188, 3, 1, 186, 'For Madrasha', '50000.00', '2017-06-26', '', '2017-08-21', '2017-08-21', 3, 3),
(189, 2, 1, 187, 'For Mosque', '100000.00', '2017-06-27', '', '2017-08-21', '2017-08-21', 3, 3),
(190, 3, 1, 188, 'For Madrasha', '100000.00', '2017-06-26', '', '2017-08-21', '2017-08-21', 3, 3),
(191, 4, 1, 189, 'For Help', '1460000.00', '2017-06-27', '', '2017-08-21', '2017-08-21', 3, 3),
(192, 2, 1, 190, 'For Mosque', '200000.00', '2017-07-03', '', '2017-08-21', '2017-08-21', 3, 3),
(193, 2, 1, 191, 'For Mosque', '300000.00', '2017-07-16', '', '2017-08-21', '2017-08-21', 3, 3),
(194, 2, 1, 192, 'For Mosque', '250000.00', '2017-07-24', '', '2017-08-21', '2017-08-21', 3, 3),
(195, 2, 1, 193, 'For Mosque', '100000.00', '2017-07-16', '', '2017-08-21', '2017-08-21', 3, 3),
(196, 2, 1, 194, 'For Mosque', '200000.00', '2017-07-18', '', '2017-08-21', '2017-08-21', 3, 3),
(197, 2, 1, 195, 'For Mosque', '250000.00', '2017-07-23', '', '2017-08-21', '2017-08-21', 3, 3),
(198, 2, 1, 196, 'For Mosque', '250000.00', '2017-07-04', '', '2017-08-21', '2017-08-21', 3, 3),
(199, 2, 1, 197, 'For Mosque', '200000.00', '2017-07-17', '', '2017-08-21', '2017-08-21', 3, 3),
(200, 3, 1, 198, 'For Madrasha', '200000.00', '2017-07-24', '', '2017-08-27', '2017-08-27', 3, 3),
(201, 2, 1, 199, 'For Mosque', '200000.00', '2017-07-25', '', '2017-08-27', '2017-08-27', 3, 3),
(202, 2, 1, 200, 'For Mosque', '200000.00', '2017-08-07', '', '2017-08-27', '2017-08-27', 3, 3),
(203, 2, 1, 201, 'For Mosque', '150000.00', '2017-08-06', '', '2017-08-27', '2017-08-27', 3, 3),
(204, 2, 1, 202, 'For Mosque', '300000.00', '2017-08-13', '', '2017-08-27', '2017-08-27', 3, 3),
(205, 2, 1, 203, 'For Mosque', '100000.00', '2017-08-06', '', '2017-08-27', '2017-08-27', 3, 3),
(206, 2, 1, 204, 'For Mosque', '250000.00', '2017-08-06', '', '2017-08-27', '2017-08-27', 3, 3),
(207, 2, 1, 205, 'For Mosque', '700000.00', '2017-08-08', '', '2017-08-27', '2017-08-27', 3, 3),
(208, 2, 1, 206, 'For Mosque', '500000.00', '2017-08-10', '', '2017-08-27', '2017-08-27', 3, 3),
(209, 2, 1, 14, 'For Mosque', '150000.00', '2017-08-08', '', '2017-08-27', '2017-08-27', 3, 3),
(210, 2, 1, 207, 'For Mosque', '200000.00', '2017-08-13', '', '2017-08-27', '2017-08-27', 3, 3),
(211, 2, 1, 208, 'For Mosque', '250000.00', '2017-08-13', '', '2017-08-27', '2017-08-27', 3, 3),
(212, 2, 1, 209, 'For Mosque', '250000.00', '2017-08-20', '', '2017-08-27', '2017-08-27', 3, 3),
(213, 3, 1, 210, 'For Madrasha', '200000.00', '2017-08-13', '', '2017-08-27', '2017-08-27', 3, 3),
(214, 1, 1, 211, 'For Atimkhana', '200000.00', '2017-08-14', '', '2017-08-27', '2017-08-27', 3, 3),
(215, 2, 1, 212, 'For Mosque', '500000.00', '2017-08-15', '', '2017-08-27', '2017-08-27', 3, 3),
(216, 2, 1, 213, 'For Mosque', '200000.00', '2017-08-10', '', '2017-08-27', '2017-08-27', 3, 3),
(217, 3, 1, 214, 'For Madrasha', '200000.00', '2017-08-08', '', '2017-08-27', '2017-08-27', 3, 3),
(218, 2, 1, 215, 'For Mosque', '150000.00', '2017-08-14', '', '2017-08-27', '2017-08-27', 3, 3),
(219, 2, 1, 216, 'For Mosque', '200000.00', '2017-08-20', '', '2017-08-27', '2017-08-27', 3, 3),
(220, 4, 1, 217, 'For Atimkhana', '400000.00', '2017-08-16', '', '2017-08-27', '2017-08-27', 3, 3),
(221, 5, 2, 218, 'For Education', '3500.00', '2017-05-23', '', '2017-08-28', '2017-08-28', 3, 3),
(222, 13, 2, 219, 'Financial Help for grocery shop', '50000.00', '2017-05-24', '', '2017-08-28', '2017-08-28', 3, 3),
(223, 13, 2, 220, 'Financial Help for purchase cow', '20000.00', '2017-05-24', '', '2017-08-28', '2017-08-28', 3, 3),
(224, 8, 2, 221, 'Advanced Treatment', '20000.00', '2017-05-25', '', '2017-08-28', '2017-08-28', 3, 3),
(225, 12, 2, 222, 'For House', '120000.00', '2017-05-23', '', '2017-08-28', '2017-08-28', 3, 3),
(226, 13, 2, 223, 'For Financial Help (Monthly)', '2000.00', '2017-05-25', '', '2017-08-28', '2017-08-28', 3, 3),
(227, 5, 2, 224, 'For Education', '2000.00', '2017-08-03', '', '2017-08-28', '2017-08-28', 3, 3),
(228, 5, 2, 225, 'For Education', '2000.00', '2017-08-02', '', '2017-08-28', '2017-08-28', 3, 3),
(229, 5, 2, 226, 'Scholarship( Monthly)', '2000.00', '2017-08-02', '', '2017-08-28', '2017-08-28', 3, 3),
(230, 5, 2, 227, 'Scholarship( Monthly)', '2000.00', '2017-08-01', '', '2017-08-28', '2017-08-28', 3, 3),
(231, 5, 2, 228, 'Scholarship( Monthly)', '2000.00', '2017-08-03', '', '2017-08-28', '2017-08-28', 3, 3),
(232, 5, 2, 229, 'Scholarship( Monthly)', '2000.00', '2017-08-02', '', '2017-08-28', '2017-08-28', 3, 3),
(233, 5, 2, 230, 'Scholarship( Monthly)', '2000.00', '2017-08-03', '', '2017-08-28', '2017-08-28', 3, 3),
(234, 5, 2, 231, 'Scholarship( Monthly)', '1000.00', '2017-08-03', '', '2017-08-28', '2017-08-28', 3, 3),
(235, 5, 2, 232, 'Scholarship( Monthly)', '2000.00', '2017-08-03', '', '2017-08-28', '2017-08-28', 3, 3),
(236, 5, 2, 233, 'Scholarship( Monthly)', '1000.00', '2017-08-02', '', '2017-08-28', '2017-08-28', 3, 3),
(237, 7, 2, 234, 'daughter marriage', '10000.00', '2017-08-02', '', '2017-08-28', '2017-08-28', 3, 3),
(238, 7, 2, 235, 'daughter marriage', '10000.00', '2017-08-03', '', '2017-08-28', '2017-08-28', 3, 3),
(239, 7, 2, 236, 'daughter marriage', '10000.00', '2017-08-03', '', '2017-08-28', '2017-08-28', 3, 3),
(240, 7, 2, 237, 'daughter marriage', '10000.00', '2017-08-03', '', '2017-08-28', '2017-08-28', 3, 3),
(241, 8, 2, 238, 'Advanced Treatment', '8000.00', '2017-08-02', '', '2017-08-28', '2017-08-28', 3, 3),
(242, 8, 2, 239, 'Advanced Treatment', '25000.00', '2017-08-03', '', '2017-08-28', '2017-08-28', 3, 3),
(243, 8, 2, 240, 'Advanced Treatment', '2000.00', '2017-08-03', '', '2017-08-28', '2017-08-28', 3, 3),
(244, 8, 2, 241, 'Advanced Treatment', '700.00', '2017-08-03', '', '2017-08-28', '2017-08-28', 3, 3),
(245, 10, 2, 242, 'For Toilet', '12000.00', '2017-02-12', '', '2017-08-29', '2017-08-29', 3, 3),
(246, 10, 2, 245, 'For Toilet', '12000.00', '2017-05-07', '', '2017-08-29', '2017-08-29', 3, 3),
(247, 10, 2, 246, 'For Toilet', '12000.00', '2017-05-15', '', '2017-08-29', '2017-08-29', 3, 3),
(248, 10, 2, 247, 'For Toilet', '12000.00', '2017-05-14', '', '2017-08-29', '2017-08-29', 3, 3),
(249, 10, 2, 249, 'For Toilet', '12000.00', '2017-05-14', '', '2017-08-29', '2017-08-29', 3, 3),
(250, 10, 2, 250, 'For Toilet', '12000.00', '2017-05-07', '', '2017-08-29', '2017-08-29', 3, 3),
(251, 10, 2, 251, 'For Toilet', '12000.00', '2017-05-01', '', '2017-08-29', '2017-08-29', 3, 3),
(252, 10, 2, 252, 'For Toilet', '12000.00', '2017-05-14', '', '2017-08-29', '2017-08-29', 3, 3),
(253, 10, 2, 253, 'For Toilet', '12000.00', '2017-05-07', '', '2017-08-29', '2017-08-29', 3, 3),
(254, 10, 2, 254, 'For Toilet', '12000.00', '2017-05-21', '', '2017-08-29', '2017-08-29', 3, 3),
(255, 10, 2, 255, 'For Toilet', '12000.00', '2017-05-07', '', '2017-08-29', '2017-08-29', 3, 3),
(256, 10, 2, 256, 'For Toilet', '12000.00', '2017-05-14', '', '2017-08-29', '2017-08-29', 3, 3),
(257, 10, 2, 262, 'For Toilet', '12000.00', '2017-05-01', '', '2017-08-29', '2017-08-29', 3, 3),
(258, 10, 2, 263, 'For Toilet', '12000.00', '2017-05-07', '', '2017-08-29', '2017-08-29', 3, 3),
(259, 10, 2, 266, 'For Toilet', '12000.00', '2017-05-07', '', '2017-08-29', '2017-08-29', 3, 3),
(260, 10, 2, 267, 'For Toilet', '12000.00', '2017-05-03', '', '2017-08-29', '2017-08-29', 3, 3),
(261, 10, 2, 269, 'For Toilet', '12000.00', '2017-04-30', '', '2017-08-29', '2017-08-29', 3, 3),
(262, 10, 2, 270, 'For Toilet', '12000.00', '2017-05-03', '', '2017-08-29', '2017-08-29', 3, 3),
(263, 10, 2, 271, 'For Toilet', '12000.00', '2017-05-02', '', '2017-08-29', '2017-08-29', 3, 3),
(264, 10, 2, 272, 'For Toilet', '12000.00', '2017-05-02', '', '2017-08-29', '2017-08-29', 3, 3),
(265, 10, 2, 273, 'For Toilet', '12000.00', '2017-05-25', '', '2017-08-29', '2017-08-29', 3, 3),
(266, 10, 2, 274, 'For Toilet', '12000.00', '2017-05-08', '', '2017-08-29', '2017-08-29', 3, 3),
(267, 10, 2, 275, 'For Toilet', '12000.00', '2017-05-15', '', '2017-08-29', '2017-08-29', 3, 3),
(268, 10, 2, 316, 'For Toilet', '12000.00', '2017-02-05', '', '2017-02-05', '2017-02-05', 3, 3),
(269, 10, 2, 315, 'For Toilet', '12000.00', '2017-02-05', '', '2017-02-05', '2017-02-05', 3, 3),
(270, 10, 2, 314, 'For Toilet', '12000.00', '2017-02-05', '', '2017-02-05', '2017-02-05', 3, 3),
(271, 10, 2, 313, 'For Toilet', '12000.00', '2017-02-05', '', '2017-02-05', '2017-02-05', 3, 3),
(272, 10, 2, 312, 'For Toilet', '12000.00', '2017-02-05', '', '2017-02-05', '2017-02-05', 3, 3),
(273, 10, 2, 311, 'For Toilet', '12000.00', '2017-02-05', '', '2017-02-05', '2017-02-05', 3, 3),
(274, 10, 2, 310, 'For Toilet', '12000.00', '2017-02-05', '', '2017-02-05', '2017-02-05', 3, 3),
(275, 10, 2, 309, 'For Toilet', '12000.00', '2017-02-05', '', '2017-02-05', '2017-02-05', 3, 3),
(276, 10, 2, 308, 'For Toilet', '12000.00', '2017-02-05', '', '2017-02-05', '2017-02-05', 3, 3),
(277, 10, 2, 307, 'For Toilet', '12000.00', '2017-02-05', '', '2017-02-05', '2017-02-05', 3, 3),
(278, 10, 2, 306, 'For Toilet', '12000.00', '2017-02-05', '', '2017-02-05', '2017-02-05', 3, 3),
(279, 10, 2, 305, 'For Toilet', '12000.00', '2017-02-05', '', '2017-02-05', '2017-02-05', 3, 3),
(280, 10, 2, 304, 'For Toilet', '12000.00', '2017-02-05', '', '2017-02-05', '2017-02-05', 3, 3),
(281, 10, 2, 303, 'For Toilet', '12000.00', '2017-02-05', '', '2017-02-05', '2017-02-05', 3, 3),
(282, 10, 2, 302, 'For Toilet', '12000.00', '2017-02-05', '', '2017-02-05', '2017-02-05', 3, 3),
(283, 10, 2, 301, 'For Toilet', '12000.00', '2017-02-05', '', '2017-02-05', '2017-02-05', 3, 3),
(284, 10, 2, 300, 'For Toilet', '12000.00', '2017-02-05', '', '2017-02-05', '2017-02-05', 3, 3),
(285, 10, 2, 299, 'For Toilet', '12000.00', '2017-02-05', '', '2017-02-05', '2017-02-05', 3, 3),
(286, 10, 2, 298, 'For Toilet', '12000.00', '2017-02-05', '', '2017-02-05', '2017-02-05', 3, 3),
(287, 10, 2, 297, 'For Toilet', '12000.00', '2017-02-05', '', '2017-02-05', '2017-02-05', 3, 3),
(288, 10, 2, 296, 'For Toilet', '12000.00', '2017-02-05', '', '2017-02-05', '2017-02-05', 3, 3),
(289, 10, 2, 295, 'For Toilet', '12000.00', '2017-02-05', '', '2017-02-05', '2017-02-05', 3, 3),
(290, 10, 2, 294, 'For Toilet', '12000.00', '2017-02-05', '', '2017-02-05', '2017-02-05', 3, 3),
(291, 10, 2, 293, 'For Toilet', '12000.00', '2017-02-05', '', '2017-02-05', '2017-02-05', 3, 3),
(292, 10, 2, 292, 'For Toilet', '12000.00', '2017-02-05', '', '2017-02-05', '2017-02-05', 3, 3),
(293, 10, 2, 291, 'For Toilet', '12000.00', '2017-02-05', '', '2017-02-05', '2017-02-05', 3, 3),
(294, 10, 2, 290, 'For Toilet', '12000.00', '2017-02-05', '', '2017-02-05', '2017-02-05', 3, 3),
(295, 10, 2, 289, 'For Toilet', '12000.00', '2017-02-05', '', '2017-02-05', '2017-02-05', 3, 3),
(296, 10, 2, 288, 'For Toilet', '12000.00', '2017-02-05', '', '2017-02-05', '2017-02-05', 3, 3),
(297, 10, 2, 287, 'For Toilet', '12000.00', '2017-02-05', '', '2017-02-05', '2017-02-05', 3, 3),
(298, 10, 2, 286, 'For Toilet', '12000.00', '2017-02-05', '', '2017-02-05', '2017-02-05', 3, 3),
(299, 10, 2, 285, 'For Toilet', '12000.00', '2017-02-05', '', '2017-02-05', '2017-02-05', 3, 3),
(300, 10, 2, 284, 'For Toilet', '12000.00', '2017-02-05', '', '2017-02-05', '2017-02-05', 3, 3),
(301, 10, 2, 283, 'For Toilet', '12000.00', '2017-02-05', '', '2017-02-05', '2017-02-05', 3, 3),
(302, 10, 2, 282, 'For Toilet', '12000.00', '2017-02-05', '', '2017-02-05', '2017-02-05', 3, 3),
(303, 10, 2, 281, 'For Toilet', '12000.00', '2017-02-05', '', '2017-02-05', '2017-02-05', 3, 3),
(304, 10, 2, 280, 'For Toilet', '12000.00', '2017-02-05', '', '2017-02-05', '2017-02-05', 3, 3),
(305, 10, 2, 279, 'For Toilet', '12000.00', '2017-02-05', '', '2017-02-05', '2017-02-05', 3, 3),
(306, 10, 2, 278, 'For Toilet', '12000.00', '2017-02-05', '', '2017-02-05', '2017-02-05', 3, 3),
(307, 10, 2, 277, 'For Toilet', '12000.00', '2017-02-05', '', '2017-02-05', '2017-02-05', 3, 3),
(308, 10, 2, 276, 'For Toilet', '12000.00', '2017-02-05', '', '2017-02-05', '2017-02-05', 3, 3),
(309, 10, 2, 268, 'For Toilet', '12000.00', '2017-02-05', '', '2017-02-05', '2017-02-05', 3, 3),
(310, 10, 2, 265, 'For Toilet', '12000.00', '2017-02-05', '', '2017-02-05', '2017-02-05', 3, 3),
(311, 10, 2, 264, 'For Toilet', '12000.00', '2017-02-05', '', '2017-02-05', '2017-02-05', 3, 3),
(312, 10, 2, 261, 'For Toilet', '12000.00', '2017-02-05', '', '2017-02-05', '2017-02-05', 3, 3),
(313, 10, 2, 260, 'For Toilet', '12000.00', '2017-02-05', '', '2017-02-05', '2017-02-05', 3, 3),
(314, 10, 2, 259, 'For Toilet', '12000.00', '2017-02-05', '', '2017-02-05', '2017-02-05', 3, 3),
(315, 10, 2, 258, 'For Toilet', '12000.00', '2017-02-05', '', '2017-02-05', '2017-02-05', 3, 3),
(316, 10, 2, 257, 'For Toilet', '12000.00', '2017-02-05', '', '2017-02-05', '2017-02-05', 3, 3),
(317, 12, 2, 317, 'For House', '120000.00', '2017-08-14', '', '2017-08-31', '2017-08-31', 3, 3),
(318, 12, 2, 318, 'For House', '120000.00', '2017-08-14', '', '2017-08-31', '2017-08-31', 3, 3),
(319, 12, 2, 319, 'For House', '120000.00', '2017-08-14', '', '2017-08-31', '2017-08-31', 3, 3),
(320, 12, 2, 320, 'For House', '120000.00', '2017-08-14', '', '2017-08-31', '2017-08-31', 3, 3),
(321, 12, 2, 321, 'For House', '120000.00', '2017-08-14', '', '2017-08-31', '2017-08-31', 3, 3),
(322, 12, 2, 322, 'For House', '120000.00', '2017-08-14', '', '2017-08-31', '2017-08-31', 3, 3),
(323, 12, 2, 323, 'For House', '120000.00', '2017-08-14', '', '2017-08-31', '2017-08-31', 3, 3),
(324, 12, 2, 324, 'For House', '120000.00', '2017-08-14', '', '2017-08-31', '2017-08-31', 3, 3),
(325, 12, 2, 325, 'For House', '120000.00', '2017-08-14', '', '2017-08-31', '2017-08-31', 3, 3),
(326, 10, 2, 326, 'For Toilet', '13000.00', '2017-08-27', '', '2017-08-31', '2017-08-31', 3, 3),
(327, 10, 2, 327, 'For Toilet', '13000.00', '2017-08-27', '', '2017-08-31', '2017-08-31', 3, 3),
(328, 10, 2, 328, 'For Toilet', '13000.00', '2017-08-27', '', '2017-08-31', '2017-08-31', 3, 3),
(329, 10, 2, 329, 'For Toilet', '12000.00', '2017-08-27', '', '2017-08-31', '2017-08-31', 3, 3),
(330, 10, 2, 330, 'For Toilet', '13000.00', '2017-08-27', '', '2017-08-31', '2017-08-31', 3, 3),
(331, 10, 2, 331, 'For Toilet', '13000.00', '2017-08-27', '', '2017-08-31', '2017-08-31', 3, 3),
(332, 10, 2, 332, 'For Toilet', '13000.00', '2017-08-27', '', '2017-08-31', '2017-08-31', 3, 3),
(333, 10, 2, 333, 'For Toilet', '13000.00', '2017-08-29', '', '2017-08-31', '2017-08-31', 3, 3),
(334, 10, 2, 334, 'For Toilet', '13000.00', '2017-08-29', '', '2017-08-31', '2017-08-31', 3, 3),
(335, 10, 2, 335, 'For Toilet', '13000.00', '2017-08-27', '', '2017-08-31', '2017-08-31', 3, 3),
(336, 10, 2, 336, 'For Toilet', '13000.00', '2017-08-27', '', '2017-08-31', '2017-08-31', 3, 3),
(337, 10, 2, 337, 'For Toilet', '13000.00', '2017-08-27', '', '2017-08-31', '2017-08-31', 3, 3),
(338, 10, 2, 338, 'For Toilet', '13000.00', '2017-08-27', '', '2017-08-31', '2017-08-31', 3, 3),
(339, 10, 2, 339, 'For Toilet', '13000.00', '2017-08-27', '', '2017-08-31', '2017-08-31', 3, 3),
(340, 10, 2, 340, 'For Toilet', '13000.00', '2017-08-27', '', '2017-08-31', '2017-08-31', 3, 3),
(341, 10, 2, 341, 'For Toilet', '13000.00', '2017-08-27', '', '2017-08-31', '2017-08-31', 3, 3),
(342, 10, 2, 342, 'For Toilet', '13000.00', '2017-08-27', '', '2017-08-31', '2017-08-31', 3, 3),
(343, 10, 2, 343, 'For Toilet', '13000.00', '2017-08-27', '', '2017-08-31', '2017-08-31', 3, 3),
(344, 10, 2, 344, 'For Toilet', '13000.00', '2017-08-27', '', '2017-09-05', '2017-09-05', 3, 3),
(345, 10, 2, 345, 'For Toilet', '13000.00', '2017-08-27', '', '2017-09-05', '2017-09-05', 3, 3),
(346, 10, 2, 346, 'For Toilet', '13000.00', '2017-08-27', '', '2017-09-05', '2017-09-05', 3, 3),
(347, 10, 2, 347, 'For Toilet', '13000.00', '2017-08-27', '', '2017-09-05', '2017-09-05', 3, 3),
(348, 10, 2, 348, 'For Toilet', '13000.00', '2017-08-27', '', '2017-09-05', '2017-09-05', 3, 3),
(349, 10, 2, 349, 'For Toilet', '13000.00', '2017-08-27', '', '2017-09-05', '2017-09-05', 3, 3),
(350, 10, 2, 350, 'For Toilet', '13000.00', '2017-08-27', '', '2017-09-05', '2017-09-05', 3, 3),
(351, 10, 2, 351, 'For Toilet', '13000.00', '2017-08-27', '', '2017-09-05', '2017-09-05', 3, 3),
(352, 10, 2, 352, 'For Toilet', '13000.00', '2017-08-27', '', '2017-09-05', '2017-09-05', 3, 3),
(353, 10, 2, 353, 'For Toilet', '13000.00', '2017-08-27', '', '2017-09-05', '2017-09-05', 3, 3),
(354, 10, 2, 354, 'For Toilet', '13000.00', '2017-08-27', '', '2017-09-05', '2017-09-05', 3, 3),
(355, 10, 2, 355, 'For Toilet', '13000.00', '2017-08-27', '', '2017-09-05', '2017-09-05', 3, 3),
(356, 10, 2, 356, 'For Toilet', '13000.00', '2017-08-27', '', '2017-09-05', '2017-09-05', 3, 3),
(357, 10, 2, 357, 'For Toilet', '13000.00', '2017-08-27', '', '2017-09-05', '2017-09-05', 3, 3),
(358, 10, 2, 358, 'For Toilet', '13000.00', '2017-08-27', '', '2017-09-05', '2017-09-05', 3, 3),
(359, 10, 2, 359, 'For Toilet', '13000.00', '2017-08-27', '', '2017-09-05', '2017-09-05', 3, 3),
(360, 10, 2, 360, 'For Toilet', '13000.00', '2017-08-27', '', '2017-09-05', '2017-09-05', 3, 3),
(361, 10, 2, 361, 'For Toilet', '13000.00', '2017-08-27', '', '2017-09-05', '2017-09-05', 3, 3),
(362, 10, 2, 362, 'For Toilet', '13000.00', '2017-08-27', '', '2017-09-05', '2017-09-05', 3, 3),
(363, 10, 2, 363, 'For Toilet', '13000.00', '2017-08-27', '', '2017-09-05', '2017-09-05', 3, 3),
(364, 12, 2, 364, 'For House', '120000.00', '2017-04-29', '', '2017-09-07', '2017-09-07', 3, 3),
(365, 12, 2, 365, 'For House', '120000.00', '2017-04-29', '', '2017-09-07', '2017-09-07', 3, 3),
(366, 10, 2, 366, 'For Toilet', '12000.00', '2017-07-14', '', '2017-09-07', '2017-09-07', 3, 3),
(367, 10, 2, 367, 'For Toilet', '12000.00', '2017-07-17', '', '2017-09-07', '2017-09-07', 3, 3),
(368, 10, 2, 368, 'For Toilet', '12000.00', '2017-07-14', '', '2017-09-07', '2017-09-07', 3, 3),
(369, 10, 2, 369, 'For Toilet', '12000.00', '2017-07-17', '', '2017-09-07', '2017-09-07', 3, 3),
(370, 10, 2, 370, 'For Toilet', '12000.00', '2017-07-14', '', '2017-09-07', '2017-09-07', 3, 3),
(371, 10, 2, 371, 'For Toilet', '12000.00', '2017-07-14', '', '2017-09-07', '2017-09-07', 3, 3),
(372, 10, 2, 372, 'For Toilet', '12000.00', '2017-07-14', '', '2017-09-07', '2017-09-07', 3, 3),
(373, 10, 2, 373, 'For Toilet', '12000.00', '2017-07-14', '', '2017-09-07', '2017-09-07', 3, 3),
(374, 10, 2, 374, 'For Toilet', '12000.00', '2017-07-14', '', '2017-09-07', '2017-09-07', 3, 3),
(375, 10, 2, 375, 'For Toilet', '12000.00', '2017-07-14', '', '2017-09-07', '2017-09-07', 3, 3),
(376, 10, 2, 376, 'For Toilet', '12000.00', '2017-07-14', '', '2017-09-07', '2017-09-07', 3, 3),
(377, 10, 2, 377, 'For Toilet', '12000.00', '2017-07-14', '', '2017-09-07', '2017-09-07', 3, 3),
(378, 10, 2, 378, 'For Toilet', '12000.00', '2017-07-14', '', '2017-09-07', '2017-09-07', 3, 3),
(379, 10, 2, 379, 'For Toilet', '12000.00', '2017-07-14', '', '2017-09-07', '2017-09-07', 3, 3),
(380, 10, 2, 380, 'For Toilet', '12000.00', '2017-07-14', '', '2017-09-07', '2017-09-07', 3, 3),
(381, 10, 2, 381, 'For Toilet', '12000.00', '2017-07-14', '', '2017-09-07', '2017-09-07', 3, 3),
(382, 10, 2, 382, 'For Toilet', '12000.00', '2017-07-14', '', '2017-09-07', '2017-09-07', 3, 3),
(383, 10, 2, 383, 'For Toilet', '12000.00', '2017-07-14', '', '2017-09-07', '2017-09-07', 3, 3),
(384, 10, 2, 384, 'For Toilet', '12000.00', '2017-07-14', '', '2017-09-07', '2017-09-07', 3, 3),
(385, 10, 2, 385, 'For Toilet', '12000.00', '2017-07-14', '', '2017-09-07', '2017-09-07', 3, 3),
(386, 10, 2, 386, 'For Toilet', '12000.00', '2017-07-14', '', '2017-09-07', '2017-09-07', 3, 3),
(387, 10, 2, 387, 'For Toilet', '12000.00', '2017-07-14', '', '2017-09-07', '2017-09-07', 3, 3),
(388, 10, 2, 388, 'For Toilet', '12000.00', '2017-07-14', '', '2017-09-07', '2017-09-07', 3, 3),
(389, 10, 2, 389, 'For Toilet', '12000.00', '2017-07-14', '', '2017-09-07', '2017-09-07', 3, 3),
(390, 10, 2, 390, 'For Toilet', '12000.00', '2017-07-14', '', '2017-09-07', '2017-09-07', 3, 3),
(391, 10, 2, 365, 'For Toilet', '12000.00', '2017-07-14', '', '2017-09-07', '2017-09-07', 3, 3),
(392, 10, 2, 391, 'For Toilet', '12000.00', '2017-07-14', '', '2017-09-07', '2017-09-07', 3, 3),
(393, 10, 2, 392, 'For Toilet', '12000.00', '2017-07-14', '', '2017-09-07', '2017-09-07', 3, 3),
(394, 10, 2, 393, 'For Toilet', '12000.00', '2017-07-14', '', '2017-09-07', '2017-09-07', 3, 3),
(395, 10, 2, 394, 'For Toilet', '12000.00', '2017-09-07', '', '2017-09-07', '2017-09-07', 3, 3),
(396, 10, 2, 395, 'For Toilet', '12000.00', '2017-09-07', '', '2017-09-07', '2017-09-07', 3, 3),
(397, 10, 2, 396, 'For Toilet', '12000.00', '2017-09-07', '', '2017-09-07', '2017-09-07', 3, 3),
(398, 10, 2, 397, 'For Toilet', '12000.00', '2017-09-07', '', '2017-09-07', '2017-09-07', 3, 3),
(399, 10, 2, 398, 'For Toilet', '12000.00', '2017-09-07', '', '2017-09-07', '2017-09-07', 3, 3),
(400, 10, 2, 399, 'For Toilet', '12000.00', '2017-09-07', '', '2017-09-07', '2017-09-07', 3, 3),
(401, 10, 2, 400, 'For Toilet', '12000.00', '2017-09-07', '', '2017-09-07', '2017-09-07', 3, 3),
(402, 10, 2, 401, 'For Toilet', '12000.00', '2017-09-07', '', '2017-09-07', '2017-09-07', 3, 3),
(403, 10, 2, 402, 'For Toilet', '12000.00', '2017-09-07', '', '2017-09-07', '2017-09-07', 3, 3),
(404, 10, 2, 403, 'For Toilet', '12000.00', '2017-09-07', '', '2017-09-07', '2017-09-07', 3, 3),
(405, 10, 2, 404, 'For Toilet', '12000.00', '2017-09-07', '', '2017-09-07', '2017-09-07', 3, 3),
(406, 10, 2, 405, 'For Toilet', '12000.00', '2017-09-07', '', '2017-09-07', '2017-09-07', 3, 3),
(407, 10, 2, 406, 'For Toilet', '12000.00', '2017-09-07', '', '2017-09-07', '2017-09-07', 3, 3),
(408, 10, 2, 407, 'For Toilet', '12000.00', '2017-09-07', '', '2017-09-07', '2017-09-07', 3, 3),
(409, 10, 2, 408, 'For Toilet', '12000.00', '2017-09-07', '', '2017-09-07', '2017-09-07', 3, 3),
(410, 10, 2, 409, 'For Toilet', '12000.00', '2017-09-07', '', '2017-09-07', '2017-09-07', 3, 3),
(411, 10, 2, 410, 'For Toilet', '12000.00', '2017-09-07', '', '2017-09-07', '2017-09-07', 3, 3),
(412, 10, 2, 411, 'For Toilet', '12000.00', '2017-09-07', '', '2017-09-07', '2017-09-07', 3, 3),
(413, 10, 2, 412, 'For Toilet', '12000.00', '2017-09-07', '', '2017-09-07', '2017-09-07', 3, 3),
(414, 10, 2, 413, 'For Toilet', '12000.00', '2017-09-07', '', '2017-09-07', '2017-09-07', 3, 3),
(415, 10, 2, 414, 'For Toilet', '12000.00', '2017-09-07', '', '2017-09-07', '2017-09-07', 3, 3),
(416, 10, 2, 415, 'For Toilet', '12000.00', '2017-09-07', '', '2017-09-07', '2017-09-07', 3, 3);

-- --------------------------------------------------------

--
-- Table structure for table `ut_mis_education_areas`
--

CREATE TABLE `ut_mis_education_areas` (
  `education_area_row_id` int(11) NOT NULL,
  `title` varchar(255) NOT NULL,
  `sort_order` int(11) NOT NULL DEFAULT '0',
  `status` int(3) NOT NULL DEFAULT '1',
  `created_by` int(11) NOT NULL,
  `updated_by` int(11) NOT NULL,
  `created_at` datetime NOT NULL DEFAULT CURRENT_TIMESTAMP ON UPDATE CURRENT_TIMESTAMP,
  `updated_at` datetime NOT NULL DEFAULT CURRENT_TIMESTAMP ON UPDATE CURRENT_TIMESTAMP
) ENGINE=InnoDB DEFAULT CHARSET=latin1 ROW_FORMAT=DYNAMIC;

--
-- Dumping data for table `ut_mis_education_areas`
--

INSERT INTO `ut_mis_education_areas` (`education_area_row_id`, `title`, `sort_order`, `status`, `created_by`, `updated_by`, `created_at`, `updated_at`) VALUES
(1, 'Jamalpur', 1, 1, 2, 2, '2017-07-20 12:46:53', '2017-07-20 06:46:53'),
(2, 'Feni', 3, 1, 2, 2, '2017-07-11 12:06:59', '2017-07-11 06:06:59'),
(3, 'Kishorgonj', 2, 1, 2, 2, '2017-07-11 12:07:45', '2017-07-11 06:07:45');

-- --------------------------------------------------------

--
-- Table structure for table `ut_mis_education_exams`
--

CREATE TABLE `ut_mis_education_exams` (
  `education_exam_row_id` int(11) NOT NULL,
  `exam_full_name` varchar(255) NOT NULL,
  `exam_short_name` varchar(255) NOT NULL COMMENT 'this code use in data table view',
  `sort_order` int(11) NOT NULL,
  `status` int(2) NOT NULL DEFAULT '1' COMMENT '1 ~ Active, 0 ~ Inactive',
  `created_by` int(11) NOT NULL,
  `updated_by` int(11) NOT NULL,
  `created_at` date NOT NULL,
  `updated_at` date NOT NULL
) ENGINE=InnoDB DEFAULT CHARSET=latin1;

--
-- Dumping data for table `ut_mis_education_exams`
--

INSERT INTO `ut_mis_education_exams` (`education_exam_row_id`, `exam_full_name`, `exam_short_name`, `sort_order`, `status`, `created_by`, `updated_by`, `created_at`, `updated_at`) VALUES
(1, 'Primary School Certificate', 'PSC', 1, 1, 2, 2, '2017-07-11', '2017-07-11'),
(2, 'Junior School Certificate', 'JSC', 2, 1, 2, 2, '2017-07-11', '2017-07-11'),
(3, 'Secondary School Certificate', 'SSC', 3, 1, 2, 2, '2017-07-11', '2017-07-11'),
(4, 'Higher Secondary  Certificate', 'HSC', 4, 1, 3, 3, '2017-08-05', '2017-08-05');

-- --------------------------------------------------------

--
-- Table structure for table `ut_mis_education_grades`
--

CREATE TABLE `ut_mis_education_grades` (
  `education_grade_row_id` int(11) NOT NULL,
  `grade_name` varchar(255) NOT NULL,
  `sort_order` int(11) NOT NULL DEFAULT '0',
  `status` int(3) NOT NULL DEFAULT '1',
  `created_by` int(11) NOT NULL,
  `updated_by` int(11) NOT NULL,
  `created_at` datetime NOT NULL DEFAULT CURRENT_TIMESTAMP ON UPDATE CURRENT_TIMESTAMP,
  `updated_at` datetime NOT NULL DEFAULT CURRENT_TIMESTAMP ON UPDATE CURRENT_TIMESTAMP
) ENGINE=InnoDB DEFAULT CHARSET=latin1 ROW_FORMAT=DYNAMIC;

--
-- Dumping data for table `ut_mis_education_grades`
--

INSERT INTO `ut_mis_education_grades` (`education_grade_row_id`, `grade_name`, `sort_order`, `status`, `created_by`, `updated_by`, `created_at`, `updated_at`) VALUES
(1, 'A+', 1, 1, 2, 2, '2017-07-13 09:55:15', '2017-07-13 09:55:15'),
(2, 'A', 2, 1, 2, 2, '2017-07-11 16:54:45', '2017-07-11 16:54:45'),
(3, 'B', 4, 1, 2, 2, '2017-07-11 17:20:24', '2017-07-11 11:20:24'),
(4, 'A-', 3, 1, 2, 2, '2017-07-11 17:20:16', '2017-07-11 11:20:16'),
(5, 'B-', 5, 1, 2, 2, '2017-07-11 17:19:04', '2017-07-11 17:19:04'),
(6, 'C', 6, 1, 2, 2, '2017-07-11 17:19:24', '2017-07-11 17:19:24'),
(7, 'D', 7, 1, 2, 2, '2017-07-11 17:19:49', '2017-07-11 17:19:49'),
(8, 'F', 8, 1, 2, 2, '2017-07-11 17:19:59', '2017-07-11 17:19:59');

-- --------------------------------------------------------

--
-- Table structure for table `ut_mis_education_institutes`
--

CREATE TABLE `ut_mis_education_institutes` (
  `education_institute_row_id` int(11) NOT NULL,
  `institute_name` varchar(255) NOT NULL,
  `education_area_row_id` int(11) NOT NULL,
  `eiin_id` varchar(50) DEFAULT NULL,
  `establishment_at` date DEFAULT NULL,
  `address` text,
  `sort_order` int(11) NOT NULL DEFAULT '0',
  `status` int(3) NOT NULL DEFAULT '1',
  `created_by` int(11) NOT NULL,
  `updated_by` int(11) NOT NULL,
  `created_at` datetime NOT NULL DEFAULT CURRENT_TIMESTAMP ON UPDATE CURRENT_TIMESTAMP,
  `updated_at` datetime NOT NULL DEFAULT CURRENT_TIMESTAMP ON UPDATE CURRENT_TIMESTAMP
) ENGINE=InnoDB DEFAULT CHARSET=latin1 ROW_FORMAT=DYNAMIC;

--
-- Dumping data for table `ut_mis_education_institutes`
--

INSERT INTO `ut_mis_education_institutes` (`education_institute_row_id`, `institute_name`, `education_area_row_id`, `eiin_id`, `establishment_at`, `address`, `sort_order`, `status`, `created_by`, `updated_by`, `created_at`, `updated_at`) VALUES
(1, 'Asiya Bari Adorsha School', 3, '132678908', '1958-01-01', 'Motkhola,Pakundia,Kishorgonj', 1, 1, 2, 3, '2017-08-06 12:53:56', '2017-08-06 06:53:56'),
(2, 'Al-Amin Jamiria Kamil Madrasha', 1, '', NULL, '', 1, 1, 2, 2, '2017-07-15 11:46:11', '2017-07-15 11:46:11'),
(3, 'Al-Amin Jamiria Mohila Fazil Madrasha', 1, '', NULL, '', 2, 1, 2, 2, '2017-07-15 11:47:56', '2017-07-15 11:47:56'),
(4, 'Maloncha Govt Primary School', 1, '', NULL, '', 3, 1, 2, 2, '2017-07-15 11:54:54', '2017-07-15 11:54:54'),
(5, 'Baluata Govt Primary School', 1, '', NULL, '', 4, 1, 2, 2, '2017-07-15 11:56:25', '2017-07-15 11:56:25'),
(6, 'Nizkunjora Govt Primary School', 2, '', NULL, '', 2, 1, 2, 3, '2017-08-06 12:55:28', '2017-08-06 06:55:28'),
(7, 'Nizkunjora Alim Madrasha', 2, '', NULL, '', 3, 1, 2, 3, '2017-08-06 12:55:38', '2017-08-06 06:55:38'),
(8, 'Nizkunjora KG School', 2, '', NULL, '', 5, 1, 2, 3, '2017-08-06 12:55:58', '2017-08-06 06:55:58'),
(9, 'Nizkunjora Academy', 2, '', NULL, '', 4, 1, 2, 3, '2017-08-06 12:55:51', '2017-08-06 06:55:51'),
(10, 'Maloncha M A Gafur High School', 1, '', NULL, 'Maloncha, Melandah, Jamalpur', 5, 1, 3, 3, '2017-08-06 12:53:35', '2017-08-06 06:53:35'),
(11, 'Haji Jafar Ali Collage', 3, '', '2017-08-05', 'Mothkhola, Pakundia, Kishoreganj', 2, 1, 3, 3, '2017-08-06 12:54:09', '2017-08-06 06:54:09'),
(12, 'Baluata M A Rashid High School', 1, '', NULL, 'Melandah, Jamalpur', 6, 1, 3, 3, '2017-08-06 12:53:46', '2017-08-06 06:53:46'),
(13, 'Nizkunjara High School', 2, '', NULL, 'Nizkunjara, Feni', 1, 1, 3, 3, '2017-08-06 12:55:15', '2017-08-06 12:55:15');

-- --------------------------------------------------------

--
-- Table structure for table `ut_mis_education_results`
--

CREATE TABLE `ut_mis_education_results` (
  `education_result_row_id` int(11) NOT NULL,
  `education_institute_row_id` int(11) NOT NULL,
  `education_exam_row_id` int(11) NOT NULL,
  `education_grade_row_id` int(11) NOT NULL,
  `amount` int(11) NOT NULL,
  `result_year` year(4) NOT NULL,
  `created_by` int(11) NOT NULL,
  `updated_by` int(11) NOT NULL,
  `created_at` date NOT NULL,
  `updated_at` date NOT NULL
) ENGINE=InnoDB DEFAULT CHARSET=latin1;

--
-- Dumping data for table `ut_mis_education_results`
--

INSERT INTO `ut_mis_education_results` (`education_result_row_id`, `education_institute_row_id`, `education_exam_row_id`, `education_grade_row_id`, `amount`, `result_year`, `created_by`, `updated_by`, `created_at`, `updated_at`) VALUES
(1, 10, 3, 1, 14, 2017, 3, 3, '2017-08-06', '2017-08-06'),
(2, 10, 3, 2, 49, 2017, 3, 3, '2017-08-06', '2017-08-06'),
(3, 10, 3, 4, 1, 2017, 3, 3, '2017-08-06', '2017-08-06'),
(4, 10, 3, 3, 0, 2017, 3, 3, '2017-08-06', '2017-08-06'),
(5, 10, 3, 5, 0, 2017, 3, 3, '2017-08-06', '2017-08-06'),
(6, 10, 3, 6, 0, 2017, 3, 3, '2017-08-06', '2017-08-06'),
(7, 10, 3, 7, 0, 2017, 3, 3, '2017-08-06', '2017-08-06'),
(8, 10, 3, 8, 4, 2017, 3, 3, '2017-08-06', '2017-08-06'),
(9, 10, 2, 1, 19, 2016, 3, 3, '2017-08-06', '2017-08-06'),
(10, 10, 2, 2, 67, 2016, 3, 3, '2017-08-06', '2017-08-06'),
(11, 10, 2, 4, 1, 2016, 3, 3, '2017-08-06', '2017-08-06'),
(12, 10, 2, 3, 0, 2016, 3, 3, '2017-08-06', '2017-08-06'),
(13, 10, 2, 5, 0, 2016, 3, 3, '2017-08-06', '2017-08-06'),
(14, 10, 2, 6, 0, 2016, 3, 3, '2017-08-06', '2017-08-06'),
(15, 10, 2, 7, 0, 2016, 3, 3, '2017-08-06', '2017-08-06'),
(16, 10, 2, 8, 0, 2016, 3, 3, '2017-08-06', '2017-08-06'),
(17, 10, 3, 1, 9, 2016, 3, 3, '2017-08-06', '2017-08-06'),
(18, 10, 3, 2, 45, 2016, 3, 3, '2017-08-06', '2017-08-06'),
(19, 10, 3, 4, 9, 2016, 3, 3, '2017-08-06', '2017-08-06'),
(20, 10, 3, 3, 1, 2016, 3, 3, '2017-08-06', '2017-08-06'),
(21, 10, 3, 5, 0, 2016, 3, 3, '2017-08-06', '2017-08-06'),
(22, 10, 3, 6, 0, 2016, 3, 3, '2017-08-06', '2017-08-06'),
(23, 10, 3, 7, 0, 2016, 3, 3, '2017-08-06', '2017-08-06'),
(24, 10, 3, 8, 0, 2016, 3, 3, '2017-08-06', '2017-08-06'),
(25, 10, 2, 1, 19, 2015, 3, 3, '2017-08-06', '2017-08-06'),
(26, 10, 2, 2, 67, 2015, 3, 3, '2017-08-06', '2017-08-06'),
(27, 10, 2, 4, 1, 2015, 3, 3, '2017-08-06', '2017-08-06'),
(28, 10, 2, 3, 0, 2015, 3, 3, '2017-08-06', '2017-08-06'),
(29, 10, 2, 5, 0, 2015, 3, 3, '2017-08-06', '2017-08-06'),
(30, 10, 2, 6, 0, 2015, 3, 3, '2017-08-06', '2017-08-06'),
(31, 10, 2, 7, 0, 2015, 3, 3, '2017-08-06', '2017-08-06'),
(32, 10, 2, 8, 1, 2015, 3, 3, '2017-08-06', '2017-08-06'),
(33, 10, 3, 1, 4, 2015, 3, 3, '2017-08-06', '2017-08-06'),
(34, 10, 3, 2, 51, 2015, 3, 3, '2017-08-06', '2017-08-06'),
(35, 10, 3, 4, 17, 2015, 3, 3, '2017-08-06', '2017-08-06'),
(36, 10, 3, 3, 1, 2015, 3, 3, '2017-08-06', '2017-08-06'),
(37, 10, 3, 5, 0, 2015, 3, 3, '2017-08-06', '2017-08-06'),
(38, 10, 3, 6, 1, 2015, 3, 3, '2017-08-06', '2017-08-06'),
(39, 10, 3, 7, 0, 2015, 3, 3, '2017-08-06', '2017-08-06'),
(40, 10, 3, 8, 2, 2015, 3, 3, '2017-08-06', '2017-08-06'),
(41, 10, 2, 1, 12, 2014, 3, 3, '2017-08-06', '2017-08-06'),
(42, 10, 2, 2, 50, 2014, 3, 3, '2017-08-06', '2017-08-06'),
(43, 10, 2, 4, 0, 2014, 3, 3, '2017-08-06', '2017-08-06'),
(44, 10, 2, 3, 0, 2014, 3, 3, '2017-08-06', '2017-08-06'),
(45, 10, 2, 5, 0, 2014, 3, 3, '2017-08-06', '2017-08-06'),
(46, 10, 2, 6, 0, 2014, 3, 3, '2017-08-06', '2017-08-06'),
(47, 10, 2, 7, 0, 2014, 3, 3, '2017-08-06', '2017-08-06'),
(48, 10, 2, 8, 0, 2014, 3, 3, '2017-08-06', '2017-08-06'),
(49, 10, 3, 1, 43, 2014, 3, 3, '2017-08-06', '2017-08-06'),
(50, 10, 3, 2, 30, 2014, 3, 3, '2017-08-06', '2017-08-06'),
(51, 10, 3, 4, 3, 2014, 3, 3, '2017-08-06', '2017-08-06'),
(52, 10, 3, 3, 0, 2014, 3, 3, '2017-08-06', '2017-08-06'),
(53, 10, 3, 5, 0, 2014, 3, 3, '2017-08-06', '2017-08-06'),
(54, 10, 3, 6, 0, 2014, 3, 3, '2017-08-06', '2017-08-06'),
(55, 10, 3, 7, 0, 2014, 3, 3, '2017-08-06', '2017-08-06'),
(56, 10, 3, 8, 0, 2014, 3, 3, '2017-08-06', '2017-08-06'),
(57, 10, 2, 1, 46, 2013, 3, 3, '2017-08-06', '2017-08-06'),
(58, 10, 2, 2, 24, 2013, 3, 3, '2017-08-06', '2017-08-06'),
(59, 10, 2, 4, 1, 2013, 3, 3, '2017-08-06', '2017-08-06'),
(60, 10, 2, 3, 0, 2013, 3, 3, '2017-08-06', '2017-08-06'),
(61, 10, 2, 5, 0, 2013, 3, 3, '2017-08-06', '2017-08-06'),
(62, 10, 2, 6, 0, 2013, 3, 3, '2017-08-06', '2017-08-06'),
(63, 10, 2, 7, 0, 2013, 3, 3, '2017-08-06', '2017-08-06'),
(64, 10, 2, 8, 0, 2013, 3, 3, '2017-08-06', '2017-08-06'),
(65, 10, 3, 1, 6, 2013, 3, 3, '2017-08-06', '2017-08-06'),
(66, 10, 3, 2, 28, 2013, 3, 3, '2017-08-06', '2017-08-06'),
(67, 10, 3, 4, 9, 2013, 3, 3, '2017-08-06', '2017-08-06'),
(68, 10, 3, 3, 6, 2013, 3, 3, '2017-08-06', '2017-08-06'),
(69, 10, 3, 5, 0, 2013, 3, 3, '2017-08-06', '2017-08-06'),
(70, 10, 3, 6, 0, 2013, 3, 3, '2017-08-06', '2017-08-06'),
(71, 10, 3, 7, 0, 2013, 3, 3, '2017-08-06', '2017-08-06'),
(72, 10, 3, 8, 1, 2013, 3, 3, '2017-08-06', '2017-08-06'),
(73, 10, 2, 1, 1, 2012, 3, 3, '2017-08-06', '2017-08-06'),
(74, 10, 2, 2, 27, 2012, 3, 3, '2017-08-06', '2017-08-06'),
(75, 10, 2, 4, 37, 2012, 3, 3, '2017-08-06', '2017-08-06'),
(76, 10, 2, 3, 17, 2012, 3, 3, '2017-08-06', '2017-08-06'),
(77, 10, 2, 5, 2, 2012, 3, 3, '2017-08-06', '2017-08-06'),
(78, 10, 2, 6, 0, 2012, 3, 3, '2017-08-06', '2017-08-06'),
(79, 10, 2, 7, 0, 2012, 3, 3, '2017-08-06', '2017-08-06'),
(80, 10, 2, 8, 1, 2012, 3, 3, '2017-08-06', '2017-08-06'),
(81, 10, 3, 1, 9, 2012, 3, 3, '2017-08-06', '2017-08-06'),
(82, 10, 3, 2, 19, 2012, 3, 3, '2017-08-06', '2017-08-06'),
(83, 10, 3, 4, 24, 2012, 3, 3, '2017-08-06', '2017-08-06'),
(84, 10, 3, 3, 7, 2012, 3, 3, '2017-08-06', '2017-08-06'),
(85, 10, 3, 5, 2, 2012, 3, 3, '2017-08-06', '2017-08-06'),
(86, 10, 3, 6, 0, 2012, 3, 3, '2017-08-06', '2017-08-06'),
(87, 10, 3, 7, 0, 2012, 3, 3, '2017-08-06', '2017-08-06'),
(88, 10, 3, 8, 1, 2012, 3, 3, '2017-08-06', '2017-08-06'),
(89, 10, 2, 1, 0, 2011, 3, 3, '2017-08-06', '2017-08-06'),
(90, 10, 2, 2, 22, 2011, 3, 3, '2017-08-06', '2017-08-06'),
(91, 10, 2, 4, 23, 2011, 3, 3, '2017-08-06', '2017-08-06'),
(92, 10, 2, 3, 23, 2011, 3, 3, '2017-08-06', '2017-08-06'),
(93, 10, 2, 5, 16, 2011, 3, 3, '2017-08-06', '2017-08-06'),
(94, 10, 2, 6, 0, 2011, 3, 3, '2017-08-06', '2017-08-06'),
(95, 10, 2, 7, 0, 2011, 3, 3, '2017-08-06', '2017-08-06'),
(96, 10, 2, 8, 4, 2011, 3, 3, '2017-08-06', '2017-08-06'),
(97, 10, 3, 1, 4, 2011, 3, 3, '2017-08-06', '2017-08-06'),
(98, 10, 3, 2, 34, 2011, 3, 3, '2017-08-06', '2017-08-06'),
(99, 10, 3, 4, 7, 2011, 3, 3, '2017-08-06', '2017-08-06'),
(100, 10, 3, 3, 0, 2011, 3, 3, '2017-08-06', '2017-08-06'),
(101, 10, 3, 5, 0, 2011, 3, 3, '2017-08-06', '2017-08-06'),
(102, 10, 3, 6, 0, 2011, 3, 3, '2017-08-06', '2017-08-06'),
(103, 10, 3, 7, 0, 2011, 3, 3, '2017-08-06', '2017-08-06'),
(104, 10, 3, 8, 0, 2011, 3, 3, '2017-08-06', '2017-08-06'),
(105, 10, 2, 1, 0, 2010, 3, 3, '2017-08-06', '2017-08-06'),
(106, 10, 2, 2, 7, 2010, 3, 3, '2017-08-06', '2017-08-06'),
(107, 10, 2, 4, 9, 2010, 3, 3, '2017-08-06', '2017-08-06'),
(108, 10, 2, 3, 24, 2010, 3, 3, '2017-08-06', '2017-08-06'),
(109, 10, 2, 5, 0, 2010, 3, 3, '2017-08-06', '2017-08-06'),
(110, 10, 2, 6, 35, 2010, 3, 3, '2017-08-06', '2017-08-06'),
(111, 10, 2, 7, 1, 2010, 3, 3, '2017-08-06', '2017-08-06'),
(112, 10, 2, 8, 4, 2010, 3, 3, '2017-08-06', '2017-08-06'),
(121, 10, 3, 1, 6, 2010, 3, 3, '2017-08-06', '2017-08-06'),
(122, 10, 3, 2, 24, 2010, 3, 3, '2017-08-06', '2017-08-06'),
(123, 10, 3, 4, 17, 2010, 3, 3, '2017-08-06', '2017-08-06'),
(124, 10, 3, 3, 3, 2010, 3, 3, '2017-08-06', '2017-08-06'),
(125, 10, 3, 5, 0, 2010, 3, 3, '2017-08-06', '2017-08-06'),
(126, 10, 3, 6, 0, 2010, 3, 3, '2017-08-06', '2017-08-06'),
(127, 10, 3, 7, 0, 2010, 3, 3, '2017-08-06', '2017-08-06'),
(128, 10, 3, 8, 2, 2010, 3, 3, '2017-08-06', '2017-08-06'),
(129, 12, 3, 1, 39, 2017, 3, 3, '2017-08-06', '2017-08-06'),
(130, 12, 3, 2, 5, 2017, 3, 3, '2017-08-06', '2017-08-06'),
(131, 12, 3, 4, 21, 2017, 3, 3, '2017-08-06', '2017-08-06'),
(132, 12, 3, 3, 11, 2017, 3, 3, '2017-08-06', '2017-08-06'),
(133, 12, 3, 5, 1, 2017, 3, 3, '2017-08-06', '2017-08-06'),
(134, 12, 3, 6, 0, 2017, 3, 3, '2017-08-06', '2017-08-06'),
(135, 12, 3, 7, 0, 2017, 3, 3, '2017-08-06', '2017-08-06'),
(136, 12, 3, 8, 1, 2017, 3, 3, '2017-08-06', '2017-08-06'),
(137, 12, 3, 1, 15, 2016, 3, 3, '2017-08-06', '2017-08-06'),
(138, 12, 3, 2, 16, 2016, 3, 3, '2017-08-06', '2017-08-06'),
(139, 12, 3, 4, 0, 2016, 3, 3, '2017-08-06', '2017-08-06'),
(140, 12, 3, 3, 0, 2016, 3, 3, '2017-08-06', '2017-08-06'),
(141, 12, 3, 5, 0, 2016, 3, 3, '2017-08-06', '2017-08-06'),
(142, 12, 3, 6, 0, 2016, 3, 3, '2017-08-06', '2017-08-06'),
(143, 12, 3, 7, 0, 2016, 3, 3, '2017-08-06', '2017-08-06'),
(144, 12, 3, 8, 0, 2016, 3, 3, '2017-08-06', '2017-08-06'),
(145, 12, 2, 1, 32, 2016, 3, 3, '2017-08-06', '2017-08-06'),
(146, 12, 2, 2, 8, 2016, 3, 3, '2017-08-06', '2017-08-06'),
(147, 12, 2, 4, 0, 2016, 3, 3, '2017-08-06', '2017-08-06'),
(148, 12, 2, 3, 0, 2016, 3, 3, '2017-08-06', '2017-08-06'),
(149, 12, 2, 5, 0, 2016, 3, 3, '2017-08-06', '2017-08-06'),
(150, 12, 2, 6, 0, 2016, 3, 3, '2017-08-06', '2017-08-06'),
(151, 12, 2, 7, 0, 2016, 3, 3, '2017-08-06', '2017-08-06'),
(152, 12, 2, 8, 0, 2016, 3, 3, '2017-08-06', '2017-08-06'),
(153, 12, 2, 1, 32, 2015, 3, 3, '2017-08-06', '2017-08-06'),
(154, 12, 2, 2, 8, 2015, 3, 3, '2017-08-06', '2017-08-06'),
(155, 12, 2, 4, 0, 2015, 3, 3, '2017-08-06', '2017-08-06'),
(156, 12, 2, 3, 0, 2015, 3, 3, '2017-08-06', '2017-08-06'),
(157, 12, 2, 5, 0, 2015, 3, 3, '2017-08-06', '2017-08-06'),
(158, 12, 2, 6, 0, 2015, 3, 3, '2017-08-06', '2017-08-06'),
(159, 12, 2, 7, 0, 2015, 3, 3, '2017-08-06', '2017-08-06'),
(160, 12, 2, 8, 0, 2015, 3, 3, '2017-08-06', '2017-08-06'),
(161, 12, 3, 1, 3, 2015, 3, 3, '2017-08-06', '2017-08-06'),
(162, 12, 3, 2, 41, 2015, 3, 3, '2017-08-06', '2017-08-06'),
(163, 12, 3, 4, 3, 2015, 3, 3, '2017-08-06', '2017-08-06'),
(164, 12, 3, 3, 0, 2015, 3, 3, '2017-08-06', '2017-08-06'),
(165, 12, 3, 5, 0, 2015, 3, 3, '2017-08-06', '2017-08-06'),
(166, 12, 3, 6, 0, 2015, 3, 3, '2017-08-06', '2017-08-06'),
(167, 12, 3, 7, 0, 2015, 3, 3, '2017-08-06', '2017-08-06'),
(168, 12, 3, 8, 0, 2015, 3, 3, '2017-08-06', '2017-08-06'),
(169, 12, 3, 1, 1, 2014, 3, 3, '2017-08-06', '2017-08-06'),
(170, 12, 3, 2, 26, 2014, 3, 3, '2017-08-06', '2017-08-06'),
(171, 12, 3, 4, 0, 2014, 3, 3, '2017-08-06', '2017-08-06'),
(172, 12, 3, 3, 0, 2014, 3, 3, '2017-08-06', '2017-08-06'),
(173, 12, 3, 5, 0, 2014, 3, 3, '2017-08-06', '2017-08-06'),
(174, 12, 3, 6, 0, 2014, 3, 3, '2017-08-06', '2017-08-06'),
(175, 12, 3, 7, 0, 2014, 3, 3, '2017-08-06', '2017-08-06'),
(176, 12, 3, 8, 0, 2014, 3, 3, '2017-08-06', '2017-08-06'),
(177, 12, 2, 1, 12, 2014, 3, 3, '2017-08-06', '2017-08-06'),
(178, 12, 2, 2, 27, 2014, 3, 3, '2017-08-06', '2017-08-06'),
(179, 12, 2, 4, 1, 2014, 3, 3, '2017-08-06', '2017-08-06'),
(180, 12, 2, 3, 0, 2014, 3, 3, '2017-08-06', '2017-08-06'),
(181, 12, 2, 5, 0, 2014, 3, 3, '2017-08-06', '2017-08-06'),
(182, 12, 2, 6, 0, 2014, 3, 3, '2017-08-06', '2017-08-06'),
(183, 12, 2, 7, 0, 2014, 3, 3, '2017-08-06', '2017-08-06'),
(184, 12, 2, 8, 0, 2014, 3, 3, '2017-08-06', '2017-08-06'),
(185, 12, 3, 1, 0, 2013, 3, 3, '2017-08-06', '2017-08-06'),
(186, 12, 3, 2, 12, 2013, 3, 3, '2017-08-06', '2017-08-06'),
(187, 12, 3, 4, 7, 2013, 3, 3, '2017-08-06', '2017-08-06'),
(188, 12, 3, 3, 3, 2013, 3, 3, '2017-08-06', '2017-08-06'),
(189, 12, 3, 5, 0, 2013, 3, 3, '2017-08-06', '2017-08-06'),
(190, 12, 3, 6, 1, 2013, 3, 3, '2017-08-06', '2017-08-06'),
(191, 12, 3, 7, 0, 2013, 3, 3, '2017-08-06', '2017-08-06'),
(192, 12, 3, 8, 0, 2013, 3, 3, '2017-08-06', '2017-08-06'),
(193, 12, 2, 1, 7, 2013, 3, 3, '2017-08-06', '2017-08-06'),
(194, 12, 2, 2, 27, 2013, 3, 3, '2017-08-06', '2017-08-06'),
(195, 12, 2, 4, 1, 2013, 3, 3, '2017-08-06', '2017-08-06'),
(196, 12, 2, 3, 0, 2013, 3, 3, '2017-08-06', '2017-08-06'),
(197, 12, 2, 5, 0, 2013, 3, 3, '2017-08-06', '2017-08-06'),
(198, 12, 2, 6, 0, 2013, 3, 3, '2017-08-06', '2017-08-06'),
(199, 12, 2, 7, 0, 2013, 3, 3, '2017-08-06', '2017-08-06'),
(200, 12, 2, 8, 0, 2013, 3, 3, '2017-08-06', '2017-08-06'),
(201, 12, 3, 1, 0, 2012, 3, 3, '2017-08-06', '2017-08-06'),
(202, 12, 3, 2, 13, 2012, 3, 3, '2017-08-06', '2017-08-06'),
(203, 12, 3, 4, 7, 2012, 3, 3, '2017-08-06', '2017-08-06'),
(204, 12, 3, 3, 8, 2012, 3, 3, '2017-08-06', '2017-08-06'),
(205, 12, 3, 5, 0, 2012, 3, 3, '2017-08-06', '2017-08-06'),
(206, 12, 3, 6, 0, 2012, 3, 3, '2017-08-06', '2017-08-06'),
(207, 12, 3, 7, 0, 2012, 3, 3, '2017-08-06', '2017-08-06'),
(208, 12, 3, 8, 1, 2012, 3, 3, '2017-08-06', '2017-08-06'),
(209, 12, 2, 1, 0, 2012, 3, 3, '2017-08-06', '2017-08-06'),
(210, 12, 2, 2, 15, 2012, 3, 3, '2017-08-06', '2017-08-06'),
(211, 12, 2, 4, 27, 2012, 3, 3, '2017-08-06', '2017-08-06'),
(212, 12, 2, 3, 17, 2012, 3, 3, '2017-08-06', '2017-08-06'),
(213, 12, 2, 5, 0, 2012, 3, 3, '2017-08-06', '2017-08-06'),
(214, 12, 2, 6, 6, 2012, 3, 3, '2017-08-06', '2017-08-06'),
(215, 12, 2, 7, 0, 2012, 3, 3, '2017-08-06', '2017-08-06'),
(216, 12, 2, 8, 0, 2012, 3, 3, '2017-08-06', '2017-08-06'),
(217, 12, 3, 1, 0, 2011, 3, 3, '2017-08-06', '2017-08-06'),
(218, 12, 3, 2, 11, 2011, 3, 3, '2017-08-06', '2017-08-06'),
(219, 12, 3, 4, 3, 2011, 3, 3, '2017-08-06', '2017-08-06'),
(220, 12, 3, 3, 2, 2011, 3, 3, '2017-08-06', '2017-08-06'),
(221, 12, 3, 5, 0, 2011, 3, 3, '2017-08-06', '2017-08-06'),
(222, 12, 3, 6, 0, 2011, 3, 3, '2017-08-06', '2017-08-06'),
(223, 12, 3, 7, 0, 2011, 3, 3, '2017-08-06', '2017-08-06'),
(224, 12, 3, 8, 1, 2011, 3, 3, '2017-08-06', '2017-08-06'),
(225, 12, 2, 1, 0, 2011, 3, 3, '2017-08-06', '2017-08-06'),
(226, 12, 2, 2, 1, 2011, 3, 3, '2017-08-06', '2017-08-06'),
(227, 12, 2, 4, 20, 2011, 3, 3, '2017-08-06', '2017-08-06'),
(228, 12, 2, 3, 14, 2011, 3, 3, '2017-08-06', '2017-08-06'),
(229, 12, 2, 5, 0, 2011, 3, 3, '2017-08-06', '2017-08-06'),
(230, 12, 2, 6, 0, 2011, 3, 3, '2017-08-06', '2017-08-06'),
(231, 12, 2, 7, 0, 2011, 3, 3, '2017-08-06', '2017-08-06'),
(232, 12, 2, 8, 0, 2011, 3, 3, '2017-08-06', '2017-08-06'),
(233, 12, 3, 1, 0, 2010, 3, 3, '2017-08-06', '2017-08-06'),
(234, 12, 3, 2, 2, 2010, 3, 3, '2017-08-06', '2017-08-06'),
(235, 12, 3, 4, 5, 2010, 3, 3, '2017-08-06', '2017-08-06'),
(236, 12, 3, 3, 4, 2010, 3, 3, '2017-08-06', '2017-08-06'),
(237, 12, 3, 5, 0, 2010, 3, 3, '2017-08-06', '2017-08-06'),
(238, 12, 3, 6, 3, 2010, 3, 3, '2017-08-06', '2017-08-06'),
(239, 12, 3, 7, 0, 2010, 3, 3, '2017-08-06', '2017-08-06'),
(240, 12, 3, 8, 1, 2010, 3, 3, '2017-08-06', '2017-08-06'),
(241, 12, 2, 1, 0, 2010, 3, 3, '2017-08-06', '2017-08-06'),
(242, 12, 2, 2, 2, 2010, 3, 3, '2017-08-06', '2017-08-06'),
(243, 12, 2, 4, 5, 2010, 3, 3, '2017-08-06', '2017-08-06'),
(244, 12, 2, 3, 6, 2010, 3, 3, '2017-08-06', '2017-08-06'),
(245, 12, 2, 5, 0, 2010, 3, 3, '2017-08-06', '2017-08-06'),
(246, 12, 2, 6, 19, 2010, 3, 3, '2017-08-06', '2017-08-06'),
(247, 12, 2, 7, 0, 2010, 3, 3, '2017-08-06', '2017-08-06'),
(248, 12, 2, 8, 0, 2010, 3, 3, '2017-08-06', '2017-08-06'),
(249, 2, 3, 1, 0, 2017, 3, 3, '2017-08-06', '2017-08-06'),
(250, 2, 3, 2, 19, 2017, 3, 3, '2017-08-06', '2017-08-06'),
(251, 2, 3, 4, 0, 2017, 3, 3, '2017-08-06', '2017-08-06'),
(252, 2, 3, 3, 0, 2017, 3, 3, '2017-08-06', '2017-08-06'),
(253, 2, 3, 5, 0, 2017, 3, 3, '2017-08-06', '2017-08-06'),
(254, 2, 3, 6, 0, 2017, 3, 3, '2017-08-06', '2017-08-06'),
(255, 2, 3, 7, 0, 2017, 3, 3, '2017-08-06', '2017-08-06'),
(256, 2, 3, 8, 0, 2017, 3, 3, '2017-08-06', '2017-08-06'),
(257, 2, 3, 1, 5, 2016, 3, 3, '2017-08-06', '2017-08-06'),
(258, 2, 3, 2, 13, 2016, 3, 3, '2017-08-06', '2017-08-06'),
(259, 2, 3, 4, 1, 2016, 3, 3, '2017-08-06', '2017-08-06'),
(260, 2, 3, 3, 0, 2016, 3, 3, '2017-08-06', '2017-08-06'),
(261, 2, 3, 5, 0, 2016, 3, 3, '2017-08-06', '2017-08-06'),
(262, 2, 3, 6, 0, 2016, 3, 3, '2017-08-06', '2017-08-06'),
(263, 2, 3, 7, 0, 2016, 3, 3, '2017-08-06', '2017-08-06'),
(264, 2, 3, 8, 2, 2016, 3, 3, '2017-08-06', '2017-08-06'),
(265, 2, 2, 1, 4, 2016, 3, 3, '2017-08-06', '2017-08-06'),
(266, 2, 2, 2, 16, 2016, 3, 3, '2017-08-06', '2017-08-06'),
(267, 2, 2, 4, 1, 2016, 3, 3, '2017-08-06', '2017-08-06'),
(268, 2, 2, 3, 0, 2016, 3, 3, '2017-08-06', '2017-08-06'),
(269, 2, 2, 5, 0, 2016, 3, 3, '2017-08-06', '2017-08-06'),
(270, 2, 2, 6, 0, 2016, 3, 3, '2017-08-06', '2017-08-06'),
(271, 2, 2, 7, 0, 2016, 3, 3, '2017-08-06', '2017-08-06'),
(272, 2, 2, 8, 0, 2016, 3, 3, '2017-08-06', '2017-08-06'),
(273, 2, 1, 1, 0, 2016, 3, 3, '2017-08-06', '2017-08-06'),
(274, 2, 1, 2, 9, 2016, 3, 3, '2017-08-06', '2017-08-06'),
(275, 2, 1, 4, 1, 2016, 3, 3, '2017-08-06', '2017-08-06'),
(276, 2, 1, 3, 1, 2016, 3, 3, '2017-08-06', '2017-08-06'),
(277, 2, 1, 5, 0, 2016, 3, 3, '2017-08-06', '2017-08-06'),
(278, 2, 1, 6, 1, 2016, 3, 3, '2017-08-06', '2017-08-06'),
(279, 2, 1, 7, 0, 2016, 3, 3, '2017-08-06', '2017-08-06'),
(280, 2, 1, 8, 0, 2016, 3, 3, '2017-08-06', '2017-08-06'),
(281, 2, 3, 1, 12, 2015, 3, 3, '2017-09-05', '2017-09-05'),
(282, 2, 3, 2, 13, 2015, 3, 3, '2017-09-05', '2017-09-05'),
(283, 2, 3, 4, 0, 2015, 3, 3, '2017-09-05', '2017-09-05'),
(284, 2, 3, 3, 0, 2015, 3, 3, '2017-09-05', '2017-09-05'),
(285, 2, 3, 5, 0, 2015, 3, 3, '2017-09-05', '2017-09-05'),
(286, 2, 3, 6, 0, 2015, 3, 3, '2017-09-05', '2017-09-05'),
(287, 2, 3, 7, 0, 2015, 3, 3, '2017-09-05', '2017-09-05'),
(288, 2, 3, 8, 1, 2015, 3, 3, '2017-09-05', '2017-09-05'),
(289, 2, 2, 1, 4, 2015, 3, 3, '2017-09-05', '2017-09-05'),
(290, 2, 2, 2, 51, 2015, 3, 3, '2017-09-05', '2017-09-05'),
(291, 2, 2, 4, 17, 2015, 3, 3, '2017-09-05', '2017-09-05'),
(292, 2, 2, 3, 1, 2015, 3, 3, '2017-09-05', '2017-09-05'),
(293, 2, 2, 5, 1, 2015, 3, 3, '2017-09-05', '2017-09-05'),
(294, 2, 2, 6, 1, 2015, 3, 3, '2017-09-05', '2017-09-05'),
(295, 2, 2, 7, 0, 2015, 3, 3, '2017-09-05', '2017-09-05'),
(296, 2, 2, 8, 2, 2015, 3, 3, '2017-09-05', '2017-09-05'),
(297, 2, 1, 1, 0, 2015, 3, 3, '2017-09-05', '2017-09-05'),
(298, 2, 1, 2, 9, 2015, 3, 3, '2017-09-05', '2017-09-05'),
(299, 2, 1, 4, 1, 2015, 3, 3, '2017-09-05', '2017-09-05'),
(300, 2, 1, 3, 1, 2015, 3, 3, '2017-09-05', '2017-09-05'),
(301, 2, 1, 5, 0, 2015, 3, 3, '2017-09-05', '2017-09-05'),
(302, 2, 1, 6, 1, 2015, 3, 3, '2017-09-05', '2017-09-05'),
(303, 2, 1, 7, 0, 2015, 3, 3, '2017-09-05', '2017-09-05'),
(304, 2, 1, 8, 0, 2015, 3, 3, '2017-09-05', '2017-09-05'),
(305, 2, 3, 1, 9, 2014, 3, 3, '2017-09-05', '2017-09-05'),
(306, 2, 3, 2, 12, 2014, 3, 3, '2017-09-05', '2017-09-05'),
(307, 2, 3, 4, 0, 2014, 3, 3, '2017-09-05', '2017-09-05'),
(308, 2, 3, 3, 0, 2014, 3, 3, '2017-09-05', '2017-09-05'),
(309, 2, 3, 5, 0, 2014, 3, 3, '2017-09-05', '2017-09-05'),
(310, 2, 3, 6, 0, 2014, 3, 3, '2017-09-05', '2017-09-05'),
(311, 2, 3, 7, 0, 2014, 3, 3, '2017-09-05', '2017-09-05'),
(312, 2, 3, 8, 0, 2014, 3, 3, '2017-09-05', '2017-09-05'),
(313, 2, 2, 1, 4, 2014, 3, 3, '2017-09-05', '2017-09-05'),
(314, 2, 2, 2, 8, 2014, 3, 3, '2017-09-05', '2017-09-05'),
(315, 2, 2, 4, 0, 2014, 3, 3, '2017-09-05', '2017-09-05'),
(316, 2, 2, 3, 1, 2014, 3, 3, '2017-09-05', '2017-09-05'),
(317, 2, 2, 5, 0, 2014, 3, 3, '2017-09-05', '2017-09-05'),
(318, 2, 2, 6, 0, 2014, 3, 3, '2017-09-05', '2017-09-05'),
(319, 2, 2, 7, 0, 2014, 3, 3, '2017-09-05', '2017-09-05'),
(320, 2, 2, 8, 0, 2014, 3, 3, '2017-09-05', '2017-09-05'),
(321, 2, 1, 1, 1, 2014, 3, 3, '2017-09-05', '2017-09-05'),
(322, 2, 1, 2, 14, 2014, 3, 3, '2017-09-05', '2017-09-05'),
(323, 2, 1, 4, 1, 2014, 3, 3, '2017-09-05', '2017-09-05'),
(324, 2, 1, 3, 1, 2014, 3, 3, '2017-09-05', '2017-09-05'),
(325, 2, 1, 5, 0, 2014, 3, 3, '2017-09-05', '2017-09-05'),
(326, 2, 1, 6, 0, 2014, 3, 3, '2017-09-05', '2017-09-05'),
(327, 2, 1, 7, 0, 2014, 3, 3, '2017-09-05', '2017-09-05'),
(328, 2, 1, 8, 0, 2014, 3, 3, '2017-09-05', '2017-09-05'),
(329, 2, 3, 1, 3, 2013, 3, 3, '2017-09-06', '2017-09-06'),
(330, 2, 3, 2, 19, 2013, 3, 3, '2017-09-06', '2017-09-06'),
(331, 2, 3, 4, 1, 2013, 3, 3, '2017-09-06', '2017-09-06'),
(332, 2, 3, 3, 0, 2013, 3, 3, '2017-09-06', '2017-09-06'),
(333, 2, 3, 5, 0, 2013, 3, 3, '2017-09-06', '2017-09-06'),
(334, 2, 3, 6, 0, 2013, 3, 3, '2017-09-06', '2017-09-06'),
(335, 2, 3, 7, 0, 2013, 3, 3, '2017-09-06', '2017-09-06'),
(336, 2, 3, 8, 0, 2013, 3, 3, '2017-09-06', '2017-09-06'),
(337, 2, 2, 1, 10, 2013, 3, 3, '2017-09-06', '2017-09-06'),
(338, 2, 2, 2, 11, 2013, 3, 3, '2017-09-06', '2017-09-06'),
(339, 2, 2, 4, 0, 2013, 3, 3, '2017-09-06', '2017-09-06'),
(340, 2, 2, 3, 0, 2013, 3, 3, '2017-09-06', '2017-09-06'),
(341, 2, 2, 5, 0, 2013, 3, 3, '2017-09-06', '2017-09-06'),
(342, 2, 2, 6, 0, 2013, 3, 3, '2017-09-06', '2017-09-06'),
(343, 2, 2, 7, 0, 2013, 3, 3, '2017-09-06', '2017-09-06'),
(344, 2, 2, 8, 0, 2013, 3, 3, '2017-09-06', '2017-09-06'),
(345, 2, 1, 1, 4, 2013, 3, 3, '2017-09-06', '2017-09-06'),
(346, 2, 1, 2, 10, 2013, 3, 3, '2017-09-06', '2017-09-06'),
(347, 2, 1, 4, 0, 2013, 3, 3, '2017-09-06', '2017-09-06'),
(348, 2, 1, 3, 0, 2013, 3, 3, '2017-09-06', '2017-09-06'),
(349, 2, 1, 5, 0, 2013, 3, 3, '2017-09-06', '2017-09-06'),
(350, 2, 1, 6, 0, 2013, 3, 3, '2017-09-06', '2017-09-06'),
(351, 2, 1, 7, 0, 2013, 3, 3, '2017-09-06', '2017-09-06'),
(352, 2, 1, 8, 0, 2013, 3, 3, '2017-09-06', '2017-09-06'),
(353, 2, 3, 1, 7, 2012, 3, 3, '2017-09-06', '2017-09-06'),
(354, 2, 3, 2, 18, 2012, 3, 3, '2017-09-06', '2017-09-06'),
(355, 2, 3, 4, 5, 2012, 3, 3, '2017-09-06', '2017-09-06'),
(356, 2, 3, 3, 1, 2012, 3, 3, '2017-09-06', '2017-09-06'),
(357, 2, 3, 5, 0, 2012, 3, 3, '2017-09-06', '2017-09-06'),
(358, 2, 3, 6, 0, 2012, 3, 3, '2017-09-06', '2017-09-06'),
(359, 2, 3, 7, 0, 2012, 3, 3, '2017-09-06', '2017-09-06'),
(360, 2, 3, 8, 0, 2012, 3, 3, '2017-09-06', '2017-09-06'),
(361, 2, 2, 1, 2, 2012, 3, 3, '2017-09-06', '2017-09-06'),
(362, 2, 2, 2, 20, 2012, 3, 3, '2017-09-06', '2017-09-06'),
(363, 2, 2, 4, 6, 2012, 3, 3, '2017-09-06', '2017-09-06'),
(364, 2, 2, 3, 0, 2012, 3, 3, '2017-09-06', '2017-09-06'),
(365, 2, 2, 5, 0, 2012, 3, 3, '2017-09-06', '2017-09-06'),
(366, 2, 2, 6, 0, 2012, 3, 3, '2017-09-06', '2017-09-06'),
(367, 2, 2, 7, 0, 2012, 3, 3, '2017-09-06', '2017-09-06'),
(368, 2, 2, 8, 0, 2012, 3, 3, '2017-09-06', '2017-09-06'),
(369, 2, 1, 1, 6, 2012, 3, 3, '2017-09-06', '2017-09-06'),
(370, 2, 1, 2, 9, 2012, 3, 3, '2017-09-06', '2017-09-06'),
(371, 2, 1, 4, 1, 2012, 3, 3, '2017-09-06', '2017-09-06'),
(372, 2, 1, 3, 0, 2012, 3, 3, '2017-09-06', '2017-09-06'),
(373, 2, 1, 5, 0, 2012, 3, 3, '2017-09-06', '2017-09-06'),
(374, 2, 1, 6, 0, 2012, 3, 3, '2017-09-06', '2017-09-06'),
(375, 2, 1, 7, 0, 2012, 3, 3, '2017-09-06', '2017-09-06'),
(376, 2, 1, 8, 0, 2012, 3, 3, '2017-09-06', '2017-09-06'),
(377, 2, 3, 1, 17, 2011, 3, 3, '2017-09-06', '2017-09-06'),
(378, 2, 3, 2, 15, 2011, 3, 3, '2017-09-06', '2017-09-06'),
(379, 2, 3, 4, 2, 2011, 3, 3, '2017-09-06', '2017-09-06'),
(380, 2, 3, 3, 2, 2011, 3, 3, '2017-09-06', '2017-09-06'),
(381, 2, 3, 5, 0, 2011, 3, 3, '2017-09-06', '2017-09-06'),
(382, 2, 3, 6, 0, 2011, 3, 3, '2017-09-06', '2017-09-06'),
(383, 2, 3, 7, 0, 2011, 3, 3, '2017-09-06', '2017-09-06'),
(384, 2, 3, 8, 1, 2011, 3, 3, '2017-09-06', '2017-09-06'),
(385, 2, 2, 1, 0, 2011, 3, 3, '2017-09-06', '2017-09-06'),
(386, 2, 2, 2, 8, 2011, 3, 3, '2017-09-06', '2017-09-06'),
(387, 2, 2, 4, 4, 2011, 3, 3, '2017-09-06', '2017-09-06'),
(388, 2, 2, 3, 4, 2011, 3, 3, '2017-09-06', '2017-09-06'),
(389, 2, 2, 5, 0, 2011, 3, 3, '2017-09-06', '2017-09-06'),
(390, 2, 2, 6, 6, 2011, 3, 3, '2017-09-06', '2017-09-06'),
(391, 2, 2, 7, 0, 2011, 3, 3, '2017-09-06', '2017-09-06'),
(392, 2, 2, 8, 0, 2011, 3, 3, '2017-09-06', '2017-09-06'),
(393, 2, 1, 1, 7, 2011, 3, 3, '2017-09-06', '2017-09-06'),
(394, 2, 1, 2, 0, 2011, 3, 3, '2017-09-06', '2017-09-06'),
(395, 2, 1, 4, 0, 2011, 3, 3, '2017-09-06', '2017-09-06'),
(396, 2, 1, 3, 6, 2011, 3, 3, '2017-09-06', '2017-09-06'),
(397, 2, 1, 5, 0, 2011, 3, 3, '2017-09-06', '2017-09-06'),
(398, 2, 1, 6, 1, 2011, 3, 3, '2017-09-06', '2017-09-06'),
(399, 2, 1, 7, 0, 2011, 3, 3, '2017-09-06', '2017-09-06'),
(400, 2, 1, 8, 1, 2011, 3, 3, '2017-09-06', '2017-09-06'),
(401, 2, 3, 1, 10, 2010, 3, 3, '2017-09-06', '2017-09-06'),
(402, 2, 3, 2, 16, 2010, 3, 3, '2017-09-06', '2017-09-06'),
(403, 2, 3, 4, 3, 2010, 3, 3, '2017-09-06', '2017-09-06'),
(404, 2, 3, 3, 0, 2010, 3, 3, '2017-09-06', '2017-09-06'),
(405, 2, 3, 5, 0, 2010, 3, 3, '2017-09-06', '2017-09-06'),
(406, 2, 3, 6, 0, 2010, 3, 3, '2017-09-06', '2017-09-06'),
(407, 2, 3, 7, 0, 2010, 3, 3, '2017-09-06', '2017-09-06'),
(408, 2, 3, 8, 0, 2010, 3, 3, '2017-09-06', '2017-09-06'),
(409, 2, 2, 1, 0, 2010, 3, 3, '2017-09-06', '2017-09-06'),
(410, 2, 2, 2, 12, 2010, 3, 3, '2017-09-06', '2017-09-06'),
(411, 2, 2, 4, 5, 2010, 3, 3, '2017-09-06', '2017-09-06'),
(412, 2, 2, 3, 6, 2010, 3, 3, '2017-09-06', '2017-09-06'),
(413, 2, 2, 5, 0, 2010, 3, 3, '2017-09-06', '2017-09-06'),
(414, 2, 2, 6, 3, 2010, 3, 3, '2017-09-06', '2017-09-06'),
(415, 2, 2, 7, 0, 2010, 3, 3, '2017-09-06', '2017-09-06'),
(416, 2, 2, 8, 0, 2010, 3, 3, '2017-09-06', '2017-09-06'),
(417, 2, 1, 1, 7, 2010, 3, 3, '2017-09-06', '2017-09-06'),
(418, 2, 1, 2, 15, 2010, 3, 3, '2017-09-06', '2017-09-06'),
(419, 2, 1, 4, 5, 2010, 3, 3, '2017-09-06', '2017-09-06'),
(420, 2, 1, 3, 0, 2010, 3, 3, '2017-09-06', '2017-09-06'),
(421, 2, 1, 5, 0, 2010, 3, 3, '2017-09-06', '2017-09-06'),
(422, 2, 1, 6, 0, 2010, 3, 3, '2017-09-06', '2017-09-06'),
(423, 2, 1, 7, 0, 2010, 3, 3, '2017-09-06', '2017-09-06'),
(424, 2, 1, 8, 3, 2010, 3, 3, '2017-09-06', '2017-09-06'),
(425, 3, 3, 1, 5, 2017, 3, 3, '2017-09-06', '2017-09-06'),
(426, 3, 3, 2, 21, 2017, 3, 3, '2017-09-06', '2017-09-06'),
(427, 3, 3, 4, 1, 2017, 3, 3, '2017-09-06', '2017-09-06'),
(428, 3, 3, 3, 0, 2017, 3, 3, '2017-09-06', '2017-09-06'),
(429, 3, 3, 5, 0, 2017, 3, 3, '2017-09-06', '2017-09-06'),
(430, 3, 3, 6, 0, 2017, 3, 3, '2017-09-06', '2017-09-06'),
(431, 3, 3, 7, 0, 2017, 3, 3, '2017-09-06', '2017-09-06'),
(432, 3, 3, 8, 0, 2017, 3, 3, '2017-09-06', '2017-09-06'),
(433, 3, 3, 1, 11, 2016, 3, 3, '2017-09-06', '2017-09-06'),
(434, 3, 3, 2, 23, 2016, 3, 3, '2017-09-06', '2017-09-06'),
(435, 3, 3, 4, 2, 2016, 3, 3, '2017-09-06', '2017-09-06'),
(436, 3, 3, 3, 0, 2016, 3, 3, '2017-09-06', '2017-09-06'),
(437, 3, 3, 5, 0, 2016, 3, 3, '2017-09-06', '2017-09-06'),
(438, 3, 3, 6, 0, 2016, 3, 3, '2017-09-06', '2017-09-06'),
(439, 3, 3, 7, 0, 2016, 3, 3, '2017-09-06', '2017-09-06'),
(440, 3, 3, 8, 0, 2016, 3, 3, '2017-09-06', '2017-09-06'),
(441, 3, 2, 1, 5, 2016, 3, 3, '2017-09-06', '2017-09-06'),
(442, 3, 2, 2, 26, 2016, 3, 3, '2017-09-06', '2017-09-06'),
(443, 3, 2, 4, 5, 2016, 3, 3, '2017-09-06', '2017-09-06'),
(444, 3, 2, 3, 0, 2016, 3, 3, '2017-09-06', '2017-09-06'),
(445, 3, 2, 5, 0, 2016, 3, 3, '2017-09-06', '2017-09-06'),
(446, 3, 2, 6, 0, 2016, 3, 3, '2017-09-06', '2017-09-06'),
(447, 3, 2, 7, 0, 2016, 3, 3, '2017-09-06', '2017-09-06'),
(448, 3, 2, 8, 0, 2016, 3, 3, '2017-09-06', '2017-09-06'),
(449, 3, 1, 1, 1, 2016, 3, 3, '2017-09-06', '2017-09-06'),
(450, 3, 1, 2, 28, 2016, 3, 3, '2017-09-06', '2017-09-06'),
(451, 3, 1, 4, 4, 2016, 3, 3, '2017-09-06', '2017-09-06'),
(452, 3, 1, 3, 2, 2016, 3, 3, '2017-09-06', '2017-09-06'),
(453, 3, 1, 5, 0, 2016, 3, 3, '2017-09-06', '2017-09-06'),
(454, 3, 1, 6, 1, 2016, 3, 3, '2017-09-06', '2017-09-06'),
(455, 3, 1, 7, 0, 2016, 3, 3, '2017-09-06', '2017-09-06'),
(456, 3, 1, 8, 0, 2016, 3, 3, '2017-09-06', '2017-09-06'),
(457, 3, 3, 1, 6, 2015, 3, 3, '2017-09-06', '2017-09-06'),
(458, 3, 3, 2, 26, 2015, 3, 3, '2017-09-06', '2017-09-06'),
(459, 3, 3, 4, 1, 2015, 3, 3, '2017-09-06', '2017-09-06'),
(460, 3, 3, 3, 0, 2015, 3, 3, '2017-09-06', '2017-09-06'),
(461, 3, 3, 5, 0, 2015, 3, 3, '2017-09-06', '2017-09-06'),
(462, 3, 3, 6, 0, 2015, 3, 3, '2017-09-06', '2017-09-06'),
(463, 3, 3, 7, 0, 2015, 3, 3, '2017-09-06', '2017-09-06'),
(464, 3, 3, 8, 2, 2015, 3, 3, '2017-09-06', '2017-09-06'),
(465, 3, 2, 1, 5, 2015, 3, 3, '2017-09-06', '2017-09-06'),
(466, 3, 2, 2, 26, 2015, 3, 3, '2017-09-06', '2017-09-06'),
(467, 3, 2, 4, 5, 2015, 3, 3, '2017-09-06', '2017-09-06'),
(468, 3, 2, 3, 0, 2015, 3, 3, '2017-09-06', '2017-09-06'),
(469, 3, 2, 5, 0, 2015, 3, 3, '2017-09-06', '2017-09-06'),
(470, 3, 2, 6, 0, 2015, 3, 3, '2017-09-06', '2017-09-06'),
(471, 3, 2, 7, 0, 2015, 3, 3, '2017-09-06', '2017-09-06'),
(472, 3, 2, 8, 0, 2015, 3, 3, '2017-09-06', '2017-09-06'),
(473, 3, 1, 1, 1, 2015, 3, 3, '2017-09-06', '2017-09-06'),
(474, 3, 1, 2, 28, 2015, 3, 3, '2017-09-06', '2017-09-06'),
(475, 3, 1, 4, 4, 2015, 3, 3, '2017-09-06', '2017-09-06'),
(476, 3, 1, 3, 2, 2015, 3, 3, '2017-09-06', '2017-09-06'),
(477, 3, 1, 5, 1, 2015, 3, 3, '2017-09-06', '2017-09-06'),
(478, 3, 1, 6, 0, 2015, 3, 3, '2017-09-06', '2017-09-06'),
(479, 3, 1, 7, 0, 2015, 3, 3, '2017-09-06', '2017-09-06'),
(480, 3, 1, 8, 0, 2015, 3, 3, '2017-09-06', '2017-09-06'),
(481, 3, 3, 1, 19, 2014, 3, 3, '2017-09-06', '2017-09-06'),
(482, 3, 3, 2, 20, 2014, 3, 3, '2017-09-06', '2017-09-06'),
(483, 3, 3, 4, 1, 2014, 3, 3, '2017-09-06', '2017-09-06'),
(484, 3, 3, 3, 0, 2014, 3, 3, '2017-09-06', '2017-09-06'),
(485, 3, 3, 5, 0, 2014, 3, 3, '2017-09-06', '2017-09-06'),
(486, 3, 3, 6, 0, 2014, 3, 3, '2017-09-06', '2017-09-06'),
(487, 3, 3, 7, 0, 2014, 3, 3, '2017-09-06', '2017-09-06'),
(488, 3, 3, 8, 0, 2014, 3, 3, '2017-09-06', '2017-09-06'),
(489, 3, 2, 1, 12, 2014, 3, 3, '2017-09-06', '2017-09-06'),
(490, 3, 2, 2, 17, 2014, 3, 3, '2017-09-06', '2017-09-06'),
(491, 3, 2, 4, 0, 2014, 3, 3, '2017-09-06', '2017-09-06'),
(492, 3, 2, 3, 0, 2014, 3, 3, '2017-09-06', '2017-09-06'),
(493, 3, 2, 5, 0, 2014, 3, 3, '2017-09-06', '2017-09-06'),
(494, 3, 2, 6, 0, 2014, 3, 3, '2017-09-06', '2017-09-06'),
(495, 3, 2, 7, 0, 2014, 3, 3, '2017-09-06', '2017-09-06'),
(496, 3, 2, 8, 0, 2014, 3, 3, '2017-09-06', '2017-09-06'),
(497, 3, 1, 1, 2, 2014, 3, 3, '2017-09-06', '2017-09-06'),
(498, 3, 1, 2, 25, 2014, 3, 3, '2017-09-06', '2017-09-06'),
(499, 3, 1, 4, 4, 2014, 3, 3, '2017-09-06', '2017-09-06'),
(500, 3, 1, 3, 0, 2014, 3, 3, '2017-09-06', '2017-09-06'),
(501, 3, 1, 5, 0, 2014, 3, 3, '2017-09-06', '2017-09-06'),
(502, 3, 1, 6, 0, 2014, 3, 3, '2017-09-06', '2017-09-06'),
(503, 3, 1, 7, 0, 2014, 3, 3, '2017-09-06', '2017-09-06'),
(504, 3, 1, 8, 0, 2014, 3, 3, '2017-09-06', '2017-09-06'),
(505, 3, 3, 1, 2, 2013, 3, 3, '2017-09-06', '2017-09-06'),
(506, 3, 3, 2, 6, 2013, 3, 3, '2017-09-06', '2017-09-06'),
(507, 3, 3, 4, 16, 2013, 3, 3, '2017-09-06', '2017-09-06'),
(508, 3, 3, 3, 6, 2013, 3, 3, '2017-09-06', '2017-09-06'),
(509, 3, 3, 5, 2, 2013, 3, 3, '2017-09-06', '2017-09-06'),
(510, 3, 3, 6, 0, 2013, 3, 3, '2017-09-06', '2017-09-06'),
(511, 3, 3, 7, 0, 2013, 3, 3, '2017-09-06', '2017-09-06'),
(512, 3, 3, 8, 0, 2013, 3, 3, '2017-09-06', '2017-09-06'),
(513, 3, 2, 1, 29, 2013, 3, 3, '2017-09-06', '2017-09-06'),
(514, 3, 2, 2, 13, 2013, 3, 3, '2017-09-06', '2017-09-06'),
(515, 3, 2, 4, 0, 2013, 3, 3, '2017-09-06', '2017-09-06'),
(516, 3, 2, 3, 0, 2013, 3, 3, '2017-09-06', '2017-09-06'),
(517, 3, 2, 5, 0, 2013, 3, 3, '2017-09-06', '2017-09-06'),
(518, 3, 2, 6, 0, 2013, 3, 3, '2017-09-06', '2017-09-06'),
(519, 3, 2, 7, 0, 2013, 3, 3, '2017-09-06', '2017-09-06'),
(520, 3, 2, 8, 0, 2013, 3, 3, '2017-09-06', '2017-09-06'),
(521, 3, 1, 1, 1, 2013, 3, 3, '2017-09-06', '2017-09-06'),
(522, 3, 1, 2, 10, 2013, 3, 3, '2017-09-06', '2017-09-06'),
(523, 3, 1, 4, 12, 2013, 3, 3, '2017-09-06', '2017-09-06'),
(524, 3, 1, 3, 2, 2013, 3, 3, '2017-09-06', '2017-09-06'),
(525, 3, 1, 5, 6, 2013, 3, 3, '2017-09-06', '2017-09-06'),
(526, 3, 1, 6, 1, 2013, 3, 3, '2017-09-06', '2017-09-06'),
(527, 3, 1, 7, 0, 2013, 3, 3, '2017-09-06', '2017-09-06'),
(528, 3, 1, 8, 0, 2013, 3, 3, '2017-09-06', '2017-09-06'),
(529, 3, 3, 1, 10, 2012, 3, 3, '2017-09-06', '2017-09-06'),
(530, 3, 3, 2, 9, 2012, 3, 3, '2017-09-06', '2017-09-06'),
(531, 3, 3, 4, 6, 2012, 3, 3, '2017-09-06', '2017-09-06'),
(532, 3, 3, 3, 1, 2012, 3, 3, '2017-09-06', '2017-09-06'),
(533, 3, 3, 5, 0, 2012, 3, 3, '2017-09-06', '2017-09-06'),
(534, 3, 3, 6, 0, 2012, 3, 3, '2017-09-06', '2017-09-06'),
(535, 3, 3, 7, 0, 2012, 3, 3, '2017-09-06', '2017-09-06'),
(536, 3, 3, 8, 0, 2012, 3, 3, '2017-09-06', '2017-09-06'),
(537, 3, 2, 1, 0, 2012, 3, 3, '2017-09-06', '2017-09-06'),
(538, 3, 2, 2, 24, 2012, 3, 3, '2017-09-06', '2017-09-06'),
(539, 3, 2, 4, 6, 2012, 3, 3, '2017-09-06', '2017-09-06'),
(540, 3, 2, 3, 1, 2012, 3, 3, '2017-09-06', '2017-09-06'),
(541, 3, 2, 5, 0, 2012, 3, 3, '2017-09-06', '2017-09-06'),
(542, 3, 2, 6, 2, 2012, 3, 3, '2017-09-06', '2017-09-06'),
(543, 3, 2, 7, 0, 2012, 3, 3, '2017-09-06', '2017-09-06'),
(544, 3, 2, 8, 0, 2012, 3, 3, '2017-09-06', '2017-09-06'),
(545, 3, 1, 1, 1, 2012, 3, 3, '2017-09-06', '2017-09-06'),
(546, 3, 1, 2, 10, 2012, 3, 3, '2017-09-06', '2017-09-06'),
(547, 3, 1, 4, 12, 2012, 3, 3, '2017-09-06', '2017-09-06'),
(548, 3, 1, 3, 2, 2012, 3, 3, '2017-09-06', '2017-09-06'),
(549, 3, 1, 5, 6, 2012, 3, 3, '2017-09-06', '2017-09-06'),
(550, 3, 1, 6, 1, 2012, 3, 3, '2017-09-06', '2017-09-06'),
(551, 3, 1, 7, 0, 2012, 3, 3, '2017-09-06', '2017-09-06'),
(552, 3, 1, 8, 0, 2012, 3, 3, '2017-09-06', '2017-09-06'),
(553, 3, 3, 1, 12, 2011, 3, 3, '2017-09-06', '2017-09-06'),
(554, 3, 3, 2, 13, 2011, 3, 3, '2017-09-06', '2017-09-06'),
(555, 3, 3, 4, 1, 2011, 3, 3, '2017-09-06', '2017-09-06'),
(556, 3, 3, 3, 1, 2011, 3, 3, '2017-09-06', '2017-09-06'),
(557, 3, 3, 5, 0, 2011, 3, 3, '2017-09-06', '2017-09-06'),
(558, 3, 3, 6, 0, 2011, 3, 3, '2017-09-06', '2017-09-06'),
(559, 3, 3, 7, 0, 2011, 3, 3, '2017-09-06', '2017-09-06'),
(560, 3, 3, 8, 0, 2011, 3, 3, '2017-09-06', '2017-09-06'),
(561, 3, 2, 1, 1, 2011, 3, 3, '2017-09-06', '2017-09-06'),
(562, 3, 2, 2, 30, 2011, 3, 3, '2017-09-06', '2017-09-06'),
(563, 3, 2, 4, 6, 2011, 3, 3, '2017-09-06', '2017-09-06'),
(564, 3, 2, 3, 3, 2011, 3, 3, '2017-09-06', '2017-09-06'),
(565, 3, 2, 5, 0, 2011, 3, 3, '2017-09-06', '2017-09-06'),
(566, 3, 2, 6, 2, 2011, 3, 3, '2017-09-06', '2017-09-06'),
(567, 3, 2, 7, 0, 2011, 3, 3, '2017-09-06', '2017-09-06'),
(568, 3, 2, 8, 0, 2011, 3, 3, '2017-09-06', '2017-09-06'),
(569, 3, 1, 1, 0, 2011, 3, 3, '2017-09-06', '2017-09-06'),
(570, 3, 1, 2, 0, 2011, 3, 3, '2017-09-06', '2017-09-06'),
(571, 3, 1, 4, 3, 2011, 3, 3, '2017-09-06', '2017-09-06'),
(572, 3, 1, 3, 11, 2011, 3, 3, '2017-09-06', '2017-09-06'),
(573, 3, 1, 5, 8, 2011, 3, 3, '2017-09-06', '2017-09-06'),
(574, 3, 1, 6, 0, 2011, 3, 3, '2017-09-06', '2017-09-06'),
(575, 3, 1, 7, 0, 2011, 3, 3, '2017-09-06', '2017-09-06'),
(576, 3, 1, 8, 0, 2011, 3, 3, '2017-09-06', '2017-09-06'),
(577, 3, 3, 1, 3, 2010, 3, 3, '2017-09-06', '2017-09-06'),
(578, 3, 3, 2, 7, 2010, 3, 3, '2017-09-06', '2017-09-06'),
(579, 3, 3, 4, 3, 2010, 3, 3, '2017-09-06', '2017-09-06'),
(580, 3, 3, 3, 2, 2010, 3, 3, '2017-09-06', '2017-09-06'),
(581, 3, 3, 5, 0, 2010, 3, 3, '2017-09-06', '2017-09-06'),
(582, 3, 3, 6, 0, 2010, 3, 3, '2017-09-06', '2017-09-06'),
(583, 3, 3, 7, 0, 2010, 3, 3, '2017-09-06', '2017-09-06'),
(584, 3, 3, 8, 1, 2010, 3, 3, '2017-09-06', '2017-09-06'),
(585, 3, 2, 1, 1, 2010, 3, 3, '2017-09-06', '2017-09-06'),
(586, 3, 2, 2, 11, 2010, 3, 3, '2017-09-06', '2017-09-06'),
(587, 3, 2, 4, 5, 2010, 3, 3, '2017-09-06', '2017-09-06'),
(588, 3, 2, 3, 9, 2010, 3, 3, '2017-09-06', '2017-09-06'),
(589, 3, 2, 5, 0, 2010, 3, 3, '2017-09-06', '2017-09-06'),
(590, 3, 2, 6, 3, 2010, 3, 3, '2017-09-06', '2017-09-06'),
(591, 3, 2, 7, 1, 2010, 3, 3, '2017-09-06', '2017-09-06'),
(592, 3, 2, 8, 3, 2010, 3, 3, '2017-09-06', '2017-09-06'),
(593, 3, 1, 1, 10, 2010, 3, 3, '2017-09-06', '2017-09-06'),
(594, 3, 1, 2, 26, 2010, 3, 3, '2017-09-06', '2017-09-06'),
(595, 3, 1, 4, 10, 2010, 3, 3, '2017-09-06', '2017-09-06'),
(596, 3, 1, 3, 0, 2010, 3, 3, '2017-09-06', '2017-09-06'),
(597, 3, 1, 5, 0, 2010, 3, 3, '2017-09-06', '2017-09-06'),
(598, 3, 1, 6, 0, 2010, 3, 3, '2017-09-06', '2017-09-06'),
(599, 3, 1, 7, 0, 2010, 3, 3, '2017-09-06', '2017-09-06'),
(600, 3, 1, 8, 4, 2010, 3, 3, '2017-09-06', '2017-09-06'),
(601, 1, 3, 1, 24, 2017, 3, 3, '2017-09-06', '2017-09-06'),
(602, 1, 3, 2, 15, 2017, 3, 3, '2017-09-06', '2017-09-06'),
(603, 1, 3, 4, 0, 2017, 3, 3, '2017-09-06', '2017-09-06'),
(604, 1, 3, 3, 0, 2017, 3, 3, '2017-09-06', '2017-09-06'),
(605, 1, 3, 5, 0, 2017, 3, 3, '2017-09-06', '2017-09-06'),
(606, 1, 3, 6, 0, 2017, 3, 3, '2017-09-06', '2017-09-06'),
(607, 1, 3, 7, 0, 2017, 3, 3, '2017-09-06', '2017-09-06'),
(608, 1, 3, 8, 0, 2017, 3, 3, '2017-09-06', '2017-09-06'),
(609, 1, 3, 1, 7, 2016, 3, 3, '2017-09-06', '2017-09-06'),
(610, 1, 3, 2, 21, 2016, 3, 3, '2017-09-06', '2017-09-06'),
(611, 1, 3, 4, 2, 2016, 3, 3, '2017-09-06', '2017-09-06'),
(612, 1, 3, 3, 0, 2016, 3, 3, '2017-09-06', '2017-09-06'),
(613, 1, 3, 5, 0, 2016, 3, 3, '2017-09-06', '2017-09-06'),
(614, 1, 3, 6, 0, 2016, 3, 3, '2017-09-06', '2017-09-06'),
(615, 1, 3, 7, 0, 2016, 3, 3, '2017-09-06', '2017-09-06'),
(616, 1, 3, 8, 0, 2016, 3, 3, '2017-09-06', '2017-09-06'),
(617, 1, 3, 1, 15, 2015, 3, 3, '2017-09-06', '2017-09-06'),
(618, 1, 3, 2, 7, 2015, 3, 3, '2017-09-06', '2017-09-06'),
(619, 1, 3, 4, 9, 2015, 3, 3, '2017-09-06', '2017-09-06'),
(620, 1, 3, 3, 1, 2015, 3, 3, '2017-09-06', '2017-09-06'),
(621, 1, 3, 5, 0, 2015, 3, 3, '2017-09-06', '2017-09-06'),
(622, 1, 3, 6, 0, 2015, 3, 3, '2017-09-06', '2017-09-06'),
(623, 1, 3, 7, 0, 2015, 3, 3, '2017-09-06', '2017-09-06'),
(624, 1, 3, 8, 0, 2015, 3, 3, '2017-09-06', '2017-09-06'),
(625, 1, 2, 1, 29, 2015, 3, 3, '2017-09-06', '2017-09-06'),
(626, 1, 2, 2, 19, 2015, 3, 3, '2017-09-06', '2017-09-06'),
(627, 1, 2, 4, 1, 2015, 3, 3, '2017-09-06', '2017-09-06'),
(628, 1, 2, 3, 0, 2015, 3, 3, '2017-09-06', '2017-09-06'),
(629, 1, 2, 5, 0, 2015, 3, 3, '2017-09-06', '2017-09-06'),
(630, 1, 2, 6, 0, 2015, 3, 3, '2017-09-06', '2017-09-06'),
(631, 1, 2, 7, 0, 2015, 3, 3, '2017-09-06', '2017-09-06'),
(632, 1, 2, 8, 0, 2015, 3, 3, '2017-09-06', '2017-09-06'),
(633, 1, 1, 1, 6, 2015, 3, 3, '2017-09-06', '2017-09-06'),
(634, 1, 1, 2, 21, 2015, 3, 3, '2017-09-06', '2017-09-06'),
(635, 1, 1, 4, 1, 2015, 3, 3, '2017-09-06', '2017-09-06'),
(636, 1, 1, 3, 0, 2015, 3, 3, '2017-09-06', '2017-09-06'),
(637, 1, 1, 5, 0, 2015, 3, 3, '2017-09-06', '2017-09-06'),
(638, 1, 1, 6, 0, 2015, 3, 3, '2017-09-06', '2017-09-06'),
(639, 1, 1, 7, 0, 2015, 3, 3, '2017-09-06', '2017-09-06'),
(640, 1, 1, 8, 0, 2015, 3, 3, '2017-09-06', '2017-09-06'),
(641, 1, 3, 1, 11, 2014, 3, 3, '2017-09-06', '2017-09-06'),
(642, 1, 3, 2, 17, 2014, 3, 3, '2017-09-06', '2017-09-06'),
(643, 1, 3, 4, 0, 2014, 3, 3, '2017-09-06', '2017-09-06'),
(644, 1, 3, 3, 0, 2014, 3, 3, '2017-09-06', '2017-09-06'),
(645, 1, 3, 5, 0, 2014, 3, 3, '2017-09-06', '2017-09-06'),
(646, 1, 3, 6, 0, 2014, 3, 3, '2017-09-06', '2017-09-06'),
(647, 1, 3, 7, 0, 2014, 3, 3, '2017-09-06', '2017-09-06'),
(648, 1, 3, 8, 0, 2014, 3, 3, '2017-09-06', '2017-09-06'),
(649, 1, 2, 1, 23, 2014, 3, 3, '2017-09-06', '2017-09-06'),
(650, 1, 2, 2, 16, 2014, 3, 3, '2017-09-06', '2017-09-06'),
(651, 1, 2, 4, 0, 2014, 3, 3, '2017-09-06', '2017-09-06'),
(652, 1, 2, 3, 0, 2014, 3, 3, '2017-09-06', '2017-09-06'),
(653, 1, 2, 5, 0, 2014, 3, 3, '2017-09-06', '2017-09-06'),
(654, 1, 2, 6, 0, 2014, 3, 3, '2017-09-06', '2017-09-06'),
(655, 1, 2, 7, 0, 2014, 3, 3, '2017-09-06', '2017-09-06'),
(656, 1, 2, 8, 0, 2014, 3, 3, '2017-09-06', '2017-09-06'),
(657, 1, 3, 1, 1, 2013, 3, 3, '2017-09-06', '2017-09-06'),
(658, 1, 3, 2, 11, 2013, 3, 3, '2017-09-06', '2017-09-06'),
(659, 1, 3, 4, 4, 2013, 3, 3, '2017-09-06', '2017-09-06'),
(660, 1, 3, 3, 1, 2013, 3, 3, '2017-09-06', '2017-09-06'),
(661, 1, 3, 5, 0, 2013, 3, 3, '2017-09-06', '2017-09-06'),
(662, 1, 3, 6, 0, 2013, 3, 3, '2017-09-06', '2017-09-06'),
(663, 1, 3, 7, 0, 2013, 3, 3, '2017-09-06', '2017-09-06'),
(664, 1, 3, 8, 0, 2013, 3, 3, '2017-09-06', '2017-09-06'),
(665, 1, 2, 1, 25, 2013, 3, 3, '2017-09-06', '2017-09-06'),
(666, 1, 2, 2, 10, 2013, 3, 3, '2017-09-06', '2017-09-06'),
(667, 1, 2, 4, 0, 2013, 3, 3, '2017-09-06', '2017-09-06'),
(668, 1, 2, 3, 0, 2013, 3, 3, '2017-09-06', '2017-09-06'),
(669, 1, 2, 5, 0, 2013, 3, 3, '2017-09-06', '2017-09-06'),
(670, 1, 2, 6, 0, 2013, 3, 3, '2017-09-06', '2017-09-06'),
(671, 1, 2, 7, 0, 2013, 3, 3, '2017-09-06', '2017-09-06'),
(672, 1, 2, 8, 0, 2013, 3, 3, '2017-09-06', '2017-09-06'),
(673, 1, 1, 1, 13, 2013, 3, 3, '2017-09-06', '2017-09-06'),
(674, 1, 1, 2, 15, 2013, 3, 3, '2017-09-06', '2017-09-06'),
(675, 1, 1, 4, 1, 2013, 3, 3, '2017-09-06', '2017-09-06'),
(676, 1, 1, 3, 0, 2013, 3, 3, '2017-09-06', '2017-09-06'),
(677, 1, 1, 5, 0, 2013, 3, 3, '2017-09-06', '2017-09-06'),
(678, 1, 1, 6, 0, 2013, 3, 3, '2017-09-06', '2017-09-06'),
(679, 1, 1, 7, 0, 2013, 3, 3, '2017-09-06', '2017-09-06'),
(680, 1, 1, 8, 0, 2013, 3, 3, '2017-09-06', '2017-09-06'),
(681, 1, 2, 1, 0, 2012, 3, 3, '2017-09-06', '2017-09-06'),
(682, 1, 2, 2, 24, 2012, 3, 3, '2017-09-06', '2017-09-06'),
(683, 1, 2, 4, 9, 2012, 3, 3, '2017-09-06', '2017-09-06'),
(684, 1, 2, 3, 3, 2012, 3, 3, '2017-09-06', '2017-09-06'),
(685, 1, 2, 5, 1, 2012, 3, 3, '2017-09-06', '2017-09-06'),
(686, 1, 2, 6, 0, 2012, 3, 3, '2017-09-06', '2017-09-06'),
(687, 1, 2, 7, 0, 2012, 3, 3, '2017-09-06', '2017-09-06'),
(688, 1, 2, 8, 0, 2012, 3, 3, '2017-09-06', '2017-09-06'),
(689, 1, 1, 1, 14, 2012, 3, 3, '2017-09-06', '2017-09-06'),
(690, 1, 1, 2, 22, 2012, 3, 3, '2017-09-06', '2017-09-06'),
(691, 1, 1, 4, 0, 2012, 3, 3, '2017-09-06', '2017-09-06'),
(692, 1, 1, 3, 0, 2012, 3, 3, '2017-09-06', '2017-09-06'),
(693, 1, 1, 5, 0, 2012, 3, 3, '2017-09-06', '2017-09-06'),
(694, 1, 1, 6, 0, 2012, 3, 3, '2017-09-06', '2017-09-06'),
(695, 1, 1, 7, 0, 2012, 3, 3, '2017-09-06', '2017-09-06'),
(696, 1, 1, 8, 0, 2012, 3, 3, '2017-09-06', '2017-09-06'),
(697, 1, 2, 1, 0, 2011, 3, 3, '2017-09-06', '2017-09-06'),
(698, 1, 2, 2, 15, 2011, 3, 3, '2017-09-06', '2017-09-06'),
(699, 1, 2, 4, 0, 2011, 3, 3, '2017-09-06', '2017-09-06'),
(700, 1, 2, 3, 8, 2011, 3, 3, '2017-09-06', '2017-09-06'),
(701, 1, 2, 5, 6, 2011, 3, 3, '2017-09-06', '2017-09-06'),
(702, 1, 2, 6, 0, 2011, 3, 3, '2017-09-06', '2017-09-06'),
(703, 1, 2, 7, 0, 2011, 3, 3, '2017-09-06', '2017-09-06'),
(704, 1, 2, 8, 0, 2011, 3, 3, '2017-09-06', '2017-09-06'),
(705, 1, 1, 1, 18, 2011, 3, 3, '2017-09-06', '2017-09-06'),
(706, 1, 1, 2, 16, 2011, 3, 3, '2017-09-06', '2017-09-06'),
(707, 1, 1, 4, 0, 2011, 3, 3, '2017-09-06', '2017-09-06'),
(708, 1, 1, 3, 0, 2011, 3, 3, '2017-09-06', '2017-09-06'),
(709, 1, 1, 5, 0, 2011, 3, 3, '2017-09-06', '2017-09-06'),
(710, 1, 1, 6, 0, 2011, 3, 3, '2017-09-06', '2017-09-06'),
(711, 1, 1, 7, 0, 2011, 3, 3, '2017-09-06', '2017-09-06'),
(712, 1, 1, 8, 0, 2011, 3, 3, '2017-09-06', '2017-09-06'),
(713, 7, 3, 1, 0, 2016, 3, 3, '2017-09-06', '2017-09-06'),
(714, 7, 3, 2, 14, 2016, 3, 3, '2017-09-06', '2017-09-06'),
(715, 7, 3, 4, 23, 2016, 3, 3, '2017-09-06', '2017-09-06'),
(716, 7, 3, 3, 15, 2016, 3, 3, '2017-09-06', '2017-09-06'),
(717, 7, 3, 5, 0, 2016, 3, 3, '2017-09-06', '2017-09-06'),
(718, 7, 3, 6, 6, 2016, 3, 3, '2017-09-06', '2017-09-06'),
(719, 7, 3, 7, 0, 2016, 3, 3, '2017-09-06', '2017-09-06'),
(720, 7, 3, 8, 5, 2016, 3, 3, '2017-09-06', '2017-09-06'),
(721, 7, 2, 1, 0, 2016, 3, 3, '2017-09-06', '2017-09-06'),
(722, 7, 2, 2, 8, 2016, 3, 3, '2017-09-06', '2017-09-06'),
(723, 7, 2, 4, 19, 2016, 3, 3, '2017-09-06', '2017-09-06'),
(724, 7, 2, 3, 19, 2016, 3, 3, '2017-09-06', '2017-09-06'),
(725, 7, 2, 5, 0, 2016, 3, 3, '2017-09-06', '2017-09-06'),
(726, 7, 2, 6, 20, 2016, 3, 3, '2017-09-06', '2017-09-06'),
(727, 7, 2, 7, 1, 2016, 3, 3, '2017-09-06', '2017-09-06'),
(728, 7, 2, 8, 3, 2016, 3, 3, '2017-09-06', '2017-09-06'),
(729, 7, 3, 1, 0, 2015, 3, 3, '2017-09-06', '2017-09-06'),
(730, 7, 3, 2, 8, 2015, 3, 3, '2017-09-06', '2017-09-06'),
(731, 7, 3, 4, 19, 2015, 3, 3, '2017-09-06', '2017-09-06'),
(732, 7, 3, 3, 19, 2015, 3, 3, '2017-09-06', '2017-09-06'),
(733, 7, 3, 5, 0, 2015, 3, 3, '2017-09-06', '2017-09-06'),
(734, 7, 3, 6, 20, 2015, 3, 3, '2017-09-06', '2017-09-06'),
(735, 7, 3, 7, 1, 2015, 3, 3, '2017-09-06', '2017-09-06'),
(736, 7, 3, 8, 3, 2015, 3, 3, '2017-09-06', '2017-09-06'),
(737, 7, 2, 1, 3, 2015, 3, 3, '2017-09-06', '2017-09-06'),
(738, 7, 2, 2, 18, 2015, 3, 3, '2017-09-06', '2017-09-06'),
(739, 7, 2, 4, 13, 2015, 3, 3, '2017-09-06', '2017-09-06'),
(740, 7, 2, 3, 8, 2015, 3, 3, '2017-09-06', '2017-09-06'),
(741, 7, 2, 5, 0, 2015, 3, 3, '2017-09-06', '2017-09-06'),
(742, 7, 2, 6, 0, 2015, 3, 3, '2017-09-06', '2017-09-06'),
(743, 7, 2, 7, 0, 2015, 3, 3, '2017-09-06', '2017-09-06'),
(744, 7, 2, 8, 1, 2015, 3, 3, '2017-09-06', '2017-09-06'),
(745, 7, 1, 1, 1, 2015, 3, 3, '2017-09-06', '2017-09-06'),
(746, 7, 1, 2, 35, 2015, 3, 3, '2017-09-06', '2017-09-06'),
(747, 7, 1, 4, 15, 2015, 3, 3, '2017-09-06', '2017-09-06'),
(748, 7, 1, 3, 10, 2015, 3, 3, '2017-09-06', '2017-09-06'),
(749, 7, 1, 5, 0, 2015, 3, 3, '2017-09-06', '2017-09-06'),
(750, 7, 1, 6, 11, 2015, 3, 3, '2017-09-06', '2017-09-06'),
(751, 7, 1, 7, 0, 2015, 3, 3, '2017-09-06', '2017-09-06'),
(752, 7, 1, 8, 2, 2015, 3, 3, '2017-09-06', '2017-09-06'),
(753, 7, 2, 1, 2, 2014, 3, 3, '2017-09-06', '2017-09-06'),
(754, 7, 2, 2, 33, 2014, 3, 3, '2017-09-06', '2017-09-06'),
(755, 7, 2, 4, 6, 2014, 3, 3, '2017-09-06', '2017-09-06'),
(756, 7, 2, 3, 3, 2014, 3, 3, '2017-09-06', '2017-09-06'),
(757, 7, 2, 5, 0, 2014, 3, 3, '2017-09-06', '2017-09-06'),
(758, 7, 2, 6, 0, 2014, 3, 3, '2017-09-06', '2017-09-06'),
(759, 7, 2, 7, 0, 2014, 3, 3, '2017-09-06', '2017-09-06'),
(760, 7, 2, 8, 2, 2014, 3, 3, '2017-09-06', '2017-09-06'),
(761, 7, 1, 1, 0, 2014, 3, 3, '2017-09-06', '2017-09-06'),
(762, 7, 1, 2, 16, 2014, 3, 3, '2017-09-06', '2017-09-06'),
(763, 7, 1, 4, 22, 2014, 3, 3, '2017-09-06', '2017-09-06'),
(764, 7, 1, 3, 13, 2014, 3, 3, '2017-09-06', '2017-09-06'),
(765, 7, 1, 5, 0, 2014, 3, 3, '2017-09-06', '2017-09-06'),
(766, 7, 1, 6, 9, 2014, 3, 3, '2017-09-06', '2017-09-06'),
(767, 7, 1, 7, 2, 2014, 3, 3, '2017-09-06', '2017-09-06'),
(768, 7, 1, 8, 9, 2014, 3, 3, '2017-09-06', '2017-09-06'),
(769, 7, 3, 1, 2, 2013, 3, 3, '2017-09-06', '2017-09-06'),
(770, 7, 3, 2, 25, 2013, 3, 3, '2017-09-06', '2017-09-06'),
(771, 7, 3, 4, 16, 2013, 3, 3, '2017-09-06', '2017-09-06'),
(772, 7, 3, 3, 6, 2013, 3, 3, '2017-09-06', '2017-09-06'),
(773, 7, 3, 5, 0, 2013, 3, 3, '2017-09-06', '2017-09-06'),
(774, 7, 3, 6, 0, 2013, 3, 3, '2017-09-06', '2017-09-06'),
(775, 7, 3, 7, 0, 2013, 3, 3, '2017-09-06', '2017-09-06'),
(776, 7, 3, 8, 1, 2013, 3, 3, '2017-09-06', '2017-09-06'),
(777, 7, 2, 1, 0, 2013, 3, 3, '2017-09-06', '2017-09-06'),
(778, 7, 2, 2, 25, 2013, 3, 3, '2017-09-06', '2017-09-06'),
(779, 7, 2, 4, 24, 2013, 3, 3, '2017-09-06', '2017-09-06'),
(780, 7, 2, 3, 11, 2013, 3, 3, '2017-09-06', '2017-09-06'),
(781, 7, 2, 5, 0, 2013, 3, 3, '2017-09-06', '2017-09-06'),
(782, 7, 2, 6, 5, 2013, 3, 3, '2017-09-06', '2017-09-06'),
(783, 7, 2, 7, 0, 2013, 3, 3, '2017-09-06', '2017-09-06'),
(784, 7, 2, 8, 0, 2013, 3, 3, '2017-09-06', '2017-09-06'),
(785, 7, 1, 1, 0, 2013, 3, 3, '2017-09-06', '2017-09-06'),
(786, 7, 1, 2, 9, 2013, 3, 3, '2017-09-06', '2017-09-06'),
(787, 7, 1, 4, 10, 2013, 3, 3, '2017-09-06', '2017-09-06'),
(788, 7, 1, 3, 17, 2013, 3, 3, '2017-09-06', '2017-09-06'),
(789, 7, 1, 5, 0, 2013, 3, 3, '2017-09-06', '2017-09-06'),
(790, 7, 1, 6, 17, 2013, 3, 3, '2017-09-06', '2017-09-06'),
(791, 7, 1, 7, 2, 2013, 3, 3, '2017-09-06', '2017-09-06'),
(792, 7, 1, 8, 7, 2013, 3, 3, '2017-09-06', '2017-09-06'),
(793, 7, 3, 1, 3, 2012, 3, 3, '2017-09-06', '2017-09-06'),
(794, 7, 3, 2, 20, 2012, 3, 3, '2017-09-06', '2017-09-06'),
(795, 7, 3, 4, 12, 2012, 3, 3, '2017-09-06', '2017-09-06'),
(796, 7, 3, 3, 3, 2012, 3, 3, '2017-09-06', '2017-09-06'),
(797, 7, 3, 5, 0, 2012, 3, 3, '2017-09-06', '2017-09-06'),
(798, 7, 3, 6, 0, 2012, 3, 3, '2017-09-06', '2017-09-06'),
(799, 7, 3, 7, 0, 2012, 3, 3, '2017-09-06', '2017-09-06'),
(800, 7, 3, 8, 3, 2012, 3, 3, '2017-09-06', '2017-09-06'),
(801, 7, 2, 1, 0, 2012, 3, 3, '2017-09-06', '2017-09-06'),
(802, 7, 2, 2, 11, 2012, 3, 3, '2017-09-06', '2017-09-06'),
(803, 7, 2, 4, 28, 2012, 3, 3, '2017-09-06', '2017-09-06'),
(804, 7, 2, 3, 13, 2012, 3, 3, '2017-09-06', '2017-09-06'),
(805, 7, 2, 5, 0, 2012, 3, 3, '2017-09-06', '2017-09-06'),
(806, 7, 2, 6, 4, 2012, 3, 3, '2017-09-06', '2017-09-06'),
(807, 7, 2, 7, 1, 2012, 3, 3, '2017-09-06', '2017-09-06'),
(808, 7, 2, 8, 3, 2012, 3, 3, '2017-09-06', '2017-09-06'),
(809, 7, 1, 1, 0, 2012, 3, 3, '2017-09-06', '2017-09-06'),
(810, 7, 1, 2, 3, 2012, 3, 3, '2017-09-06', '2017-09-06'),
(811, 7, 1, 4, 16, 2012, 3, 3, '2017-09-06', '2017-09-06'),
(812, 7, 1, 3, 13, 2012, 3, 3, '2017-09-06', '2017-09-06'),
(813, 7, 1, 5, 0, 2012, 3, 3, '2017-09-06', '2017-09-06'),
(814, 7, 1, 6, 27, 2012, 3, 3, '2017-09-06', '2017-09-06'),
(815, 7, 1, 7, 1, 2012, 3, 3, '2017-09-06', '2017-09-06'),
(816, 7, 1, 8, 2, 2012, 3, 3, '2017-09-06', '2017-09-06'),
(817, 7, 2, 1, 4, 2011, 3, 3, '2017-09-06', '2017-09-06'),
(818, 7, 2, 2, 2, 2011, 3, 3, '2017-09-06', '2017-09-06'),
(819, 7, 2, 4, 8, 2011, 3, 3, '2017-09-06', '2017-09-06'),
(820, 7, 2, 3, 7, 2011, 3, 3, '2017-09-06', '2017-09-06'),
(821, 7, 2, 5, 0, 2011, 3, 3, '2017-09-06', '2017-09-06'),
(822, 7, 2, 6, 1, 2011, 3, 3, '2017-09-06', '2017-09-06'),
(823, 7, 2, 7, 0, 2011, 3, 3, '2017-09-06', '2017-09-06'),
(824, 7, 2, 8, 0, 2011, 3, 3, '2017-09-06', '2017-09-06'),
(825, 7, 1, 1, 0, 2011, 3, 3, '2017-09-06', '2017-09-06'),
(826, 7, 1, 2, 2, 2011, 3, 3, '2017-09-06', '2017-09-06'),
(827, 7, 1, 4, 9, 2011, 3, 3, '2017-09-06', '2017-09-06'),
(828, 7, 1, 3, 18, 2011, 3, 3, '2017-09-06', '2017-09-06'),
(829, 7, 1, 5, 25, 2011, 3, 3, '2017-09-06', '2017-09-06'),
(830, 7, 1, 6, 0, 2011, 3, 3, '2017-09-06', '2017-09-06'),
(831, 7, 1, 7, 0, 2011, 3, 3, '2017-09-06', '2017-09-06'),
(832, 7, 1, 8, 0, 2011, 3, 3, '2017-09-06', '2017-09-06'),
(833, 7, 3, 1, 4, 2010, 3, 3, '2017-09-06', '2017-09-06'),
(834, 7, 3, 2, 12, 2010, 3, 3, '2017-09-06', '2017-09-06'),
(835, 7, 3, 4, 2, 2010, 3, 3, '2017-09-06', '2017-09-06'),
(836, 7, 3, 3, 2, 2010, 3, 3, '2017-09-06', '2017-09-06'),
(837, 7, 3, 5, 0, 2010, 3, 3, '2017-09-06', '2017-09-06'),
(838, 7, 3, 6, 1, 2010, 3, 3, '2017-09-06', '2017-09-06'),
(839, 7, 3, 7, 0, 2010, 3, 3, '2017-09-06', '2017-09-06'),
(840, 7, 3, 8, 0, 2010, 3, 3, '2017-09-06', '2017-09-06'),
(841, 13, 2, 1, 0, 2017, 3, 3, '2017-09-06', '2017-09-06'),
(842, 13, 2, 2, 15, 2017, 3, 3, '2017-09-06', '2017-09-06'),
(843, 13, 2, 4, 18, 2017, 3, 3, '2017-09-06', '2017-09-06'),
(844, 13, 2, 3, 13, 2017, 3, 3, '2017-09-06', '2017-09-06'),
(845, 13, 2, 5, 0, 2017, 3, 3, '2017-09-06', '2017-09-06'),
(846, 13, 2, 6, 17, 2017, 3, 3, '2017-09-06', '2017-09-06'),
(847, 13, 2, 7, 0, 2017, 3, 3, '2017-09-06', '2017-09-06'),
(848, 13, 2, 8, 36, 2017, 3, 3, '2017-09-06', '2017-09-06'),
(849, 13, 3, 1, 9, 2016, 3, 3, '2017-09-06', '2017-09-06'),
(850, 13, 3, 2, 98, 2016, 3, 3, '2017-09-06', '2017-09-06'),
(851, 13, 3, 4, 9, 2016, 3, 3, '2017-09-06', '2017-09-06'),
(852, 13, 3, 3, 1, 2016, 3, 3, '2017-09-06', '2017-09-06'),
(853, 13, 3, 5, 0, 2016, 3, 3, '2017-09-06', '2017-09-06'),
(854, 13, 3, 6, 0, 2016, 3, 3, '2017-09-06', '2017-09-06'),
(855, 13, 3, 7, 0, 2016, 3, 3, '2017-09-06', '2017-09-06'),
(856, 13, 3, 8, 0, 2016, 3, 3, '2017-09-06', '2017-09-06'),
(857, 13, 2, 1, 17, 2016, 3, 3, '2017-09-06', '2017-09-06'),
(858, 13, 2, 2, 74, 2016, 3, 3, '2017-09-06', '2017-09-06'),
(859, 13, 2, 4, 18, 2016, 3, 3, '2017-09-06', '2017-09-06'),
(860, 13, 2, 3, 4, 2016, 3, 3, '2017-09-06', '2017-09-06'),
(861, 13, 2, 5, 0, 2016, 3, 3, '2017-09-06', '2017-09-06'),
(862, 13, 2, 6, 1, 2016, 3, 3, '2017-09-06', '2017-09-06'),
(863, 13, 2, 7, 0, 2016, 3, 3, '2017-09-06', '2017-09-06'),
(864, 13, 2, 8, 0, 2016, 3, 3, '2017-09-06', '2017-09-06'),
(865, 13, 3, 1, 6, 2015, 3, 3, '2017-09-06', '2017-09-06'),
(866, 13, 3, 2, 50, 2015, 3, 3, '2017-09-06', '2017-09-06'),
(867, 13, 3, 4, 34, 2015, 3, 3, '2017-09-06', '2017-09-06'),
(868, 13, 3, 3, 11, 2015, 3, 3, '2017-09-06', '2017-09-06'),
(869, 13, 3, 5, 0, 2015, 3, 3, '2017-09-06', '2017-09-06'),
(870, 13, 3, 6, 6, 2015, 3, 3, '2017-09-06', '2017-09-06'),
(871, 13, 3, 7, 1, 2015, 3, 3, '2017-09-06', '2017-09-06'),
(872, 13, 3, 8, 1, 2015, 3, 3, '2017-09-06', '2017-09-06'),
(873, 13, 2, 1, 17, 2015, 3, 3, '2017-09-06', '2017-09-06'),
(874, 13, 2, 2, 74, 2015, 3, 3, '2017-09-06', '2017-09-06'),
(875, 13, 2, 4, 18, 2015, 3, 3, '2017-09-06', '2017-09-06');
INSERT INTO `ut_mis_education_results` (`education_result_row_id`, `education_institute_row_id`, `education_exam_row_id`, `education_grade_row_id`, `amount`, `result_year`, `created_by`, `updated_by`, `created_at`, `updated_at`) VALUES
(876, 13, 2, 3, 4, 2015, 3, 3, '2017-09-06', '2017-09-06'),
(877, 13, 2, 5, 0, 2015, 3, 3, '2017-09-06', '2017-09-06'),
(878, 13, 2, 6, 1, 2015, 3, 3, '2017-09-06', '2017-09-06'),
(879, 13, 2, 7, 0, 2015, 3, 3, '2017-09-06', '2017-09-06'),
(880, 13, 2, 8, 0, 2015, 3, 3, '2017-09-06', '2017-09-06'),
(881, 13, 3, 1, 2, 2014, 3, 3, '2017-09-06', '2017-09-06'),
(882, 13, 3, 2, 34, 2014, 3, 3, '2017-09-06', '2017-09-06'),
(883, 13, 3, 4, 20, 2014, 3, 3, '2017-09-06', '2017-09-06'),
(884, 13, 3, 3, 13, 2014, 3, 3, '2017-09-06', '2017-09-06'),
(885, 13, 3, 5, 0, 2014, 3, 3, '2017-09-06', '2017-09-06'),
(886, 13, 3, 6, 20, 2014, 3, 3, '2017-09-06', '2017-09-06'),
(887, 13, 3, 7, 1, 2014, 3, 3, '2017-09-06', '2017-09-06'),
(888, 13, 3, 8, 7, 2014, 3, 3, '2017-09-06', '2017-09-06'),
(889, 13, 2, 1, 4, 2014, 3, 3, '2017-09-06', '2017-09-06'),
(890, 13, 2, 2, 65, 2014, 3, 3, '2017-09-06', '2017-09-06'),
(891, 13, 2, 4, 35, 2014, 3, 3, '2017-09-06', '2017-09-06'),
(892, 13, 2, 3, 11, 2014, 3, 3, '2017-09-06', '2017-09-06'),
(893, 13, 2, 5, 0, 2014, 3, 3, '2017-09-06', '2017-09-06'),
(894, 13, 2, 6, 2, 2014, 3, 3, '2017-09-06', '2017-09-06'),
(895, 13, 2, 7, 0, 2014, 3, 3, '2017-09-06', '2017-09-06'),
(896, 13, 2, 8, 1, 2014, 3, 3, '2017-09-06', '2017-09-06'),
(897, 13, 3, 1, 9, 2013, 3, 3, '2017-09-06', '2017-09-06'),
(898, 13, 3, 2, 27, 2013, 3, 3, '2017-09-06', '2017-09-06'),
(899, 13, 3, 4, 19, 2013, 3, 3, '2017-09-06', '2017-09-06'),
(900, 13, 3, 3, 15, 2013, 3, 3, '2017-09-06', '2017-09-06'),
(901, 13, 3, 5, 0, 2013, 3, 3, '2017-09-06', '2017-09-06'),
(902, 13, 3, 6, 24, 2013, 3, 3, '2017-09-06', '2017-09-06'),
(903, 13, 3, 7, 2, 2013, 3, 3, '2017-09-06', '2017-09-06'),
(904, 13, 3, 8, 7, 2013, 3, 3, '2017-09-06', '2017-09-06'),
(905, 13, 2, 1, 5, 2013, 3, 3, '2017-09-06', '2017-09-06'),
(906, 13, 2, 2, 69, 2013, 3, 3, '2017-09-06', '2017-09-06'),
(907, 13, 2, 4, 40, 2013, 3, 3, '2017-09-06', '2017-09-06'),
(908, 13, 2, 3, 17, 2013, 3, 3, '2017-09-06', '2017-09-06'),
(909, 13, 2, 5, 0, 2013, 3, 3, '2017-09-06', '2017-09-06'),
(910, 13, 2, 6, 6, 2013, 3, 3, '2017-09-06', '2017-09-06'),
(911, 13, 2, 7, 0, 2013, 3, 3, '2017-09-06', '2017-09-06'),
(912, 13, 2, 8, 4, 2013, 3, 3, '2017-09-06', '2017-09-06'),
(913, 13, 3, 1, 1, 2012, 3, 3, '2017-09-06', '2017-09-06'),
(914, 13, 3, 2, 28, 2012, 3, 3, '2017-09-06', '2017-09-06'),
(915, 13, 3, 4, 9, 2012, 3, 3, '2017-09-06', '2017-09-06'),
(916, 13, 3, 3, 24, 2012, 3, 3, '2017-09-06', '2017-09-06'),
(917, 13, 3, 5, 0, 2012, 3, 3, '2017-09-06', '2017-09-06'),
(918, 13, 3, 6, 12, 2012, 3, 3, '2017-09-06', '2017-09-06'),
(919, 13, 3, 7, 2, 2012, 3, 3, '2017-09-06', '2017-09-06'),
(920, 13, 3, 8, 6, 2012, 3, 3, '2017-09-06', '2017-09-06'),
(921, 13, 2, 1, 3, 2012, 3, 3, '2017-09-06', '2017-09-06'),
(922, 13, 2, 2, 23, 2012, 3, 3, '2017-09-06', '2017-09-06'),
(923, 13, 2, 4, 17, 2012, 3, 3, '2017-09-06', '2017-09-06'),
(924, 13, 2, 3, 24, 2012, 3, 3, '2017-09-06', '2017-09-06'),
(925, 13, 2, 5, 0, 2012, 3, 3, '2017-09-06', '2017-09-06'),
(926, 13, 2, 6, 40, 2012, 3, 3, '2017-09-06', '2017-09-06'),
(927, 13, 2, 7, 2, 2012, 3, 3, '2017-09-06', '2017-09-06'),
(928, 13, 2, 8, 2, 2012, 3, 3, '2017-09-06', '2017-09-06'),
(929, 13, 3, 1, 4, 2011, 3, 3, '2017-09-06', '2017-09-06'),
(930, 13, 3, 2, 20, 2011, 3, 3, '2017-09-06', '2017-09-06'),
(931, 13, 3, 4, 7, 2011, 3, 3, '2017-09-06', '2017-09-06'),
(932, 13, 3, 3, 11, 2011, 3, 3, '2017-09-06', '2017-09-06'),
(933, 13, 3, 5, 0, 2011, 3, 3, '2017-09-06', '2017-09-06'),
(934, 13, 3, 6, 12, 2011, 3, 3, '2017-09-06', '2017-09-06'),
(935, 13, 3, 7, 1, 2011, 3, 3, '2017-09-06', '2017-09-06'),
(936, 13, 3, 8, 5, 2011, 3, 3, '2017-09-06', '2017-09-06'),
(937, 13, 2, 1, 0, 2011, 3, 3, '2017-09-06', '2017-09-06'),
(938, 13, 2, 2, 15, 2011, 3, 3, '2017-09-06', '2017-09-06'),
(939, 13, 2, 4, 26, 2011, 3, 3, '2017-09-06', '2017-09-06'),
(940, 13, 2, 3, 36, 2011, 3, 3, '2017-09-06', '2017-09-06'),
(941, 13, 2, 5, 0, 2011, 3, 3, '2017-09-06', '2017-09-06'),
(942, 13, 2, 6, 38, 2011, 3, 3, '2017-09-06', '2017-09-06'),
(943, 13, 2, 7, 22, 2011, 3, 3, '2017-09-06', '2017-09-06'),
(944, 13, 2, 8, 0, 2011, 3, 3, '2017-09-06', '2017-09-06'),
(945, 13, 3, 1, 0, 2010, 3, 3, '2017-09-06', '2017-09-06'),
(946, 13, 3, 2, 14, 2010, 3, 3, '2017-09-06', '2017-09-06'),
(947, 13, 3, 4, 15, 2010, 3, 3, '2017-09-06', '2017-09-06'),
(948, 13, 3, 3, 10, 2010, 3, 3, '2017-09-06', '2017-09-06'),
(949, 13, 3, 5, 0, 2010, 3, 3, '2017-09-06', '2017-09-06'),
(950, 13, 3, 6, 8, 2010, 3, 3, '2017-09-06', '2017-09-06'),
(951, 13, 3, 7, 0, 2010, 3, 3, '2017-09-06', '2017-09-06'),
(952, 13, 3, 8, 3, 2010, 3, 3, '2017-09-06', '2017-09-06'),
(953, 13, 2, 1, 2, 2010, 3, 3, '2017-09-06', '2017-09-06'),
(954, 13, 2, 2, 5, 2010, 3, 3, '2017-09-06', '2017-09-06'),
(955, 13, 2, 4, 2, 2010, 3, 3, '2017-09-06', '2017-09-06'),
(956, 13, 2, 3, 7, 2010, 3, 3, '2017-09-06', '2017-09-06'),
(957, 13, 2, 5, 0, 2010, 3, 3, '2017-09-06', '2017-09-06'),
(958, 13, 2, 6, 25, 2010, 3, 3, '2017-09-06', '2017-09-06'),
(959, 13, 2, 7, 10, 2010, 3, 3, '2017-09-06', '2017-09-06'),
(960, 13, 2, 8, 56, 2010, 3, 3, '2017-09-06', '2017-09-06'),
(961, 9, 1, 1, 3, 2015, 3, 3, '2017-09-06', '2017-09-06'),
(962, 9, 1, 2, 14, 2015, 3, 3, '2017-09-06', '2017-09-06'),
(963, 9, 1, 4, 11, 2015, 3, 3, '2017-09-06', '2017-09-06'),
(964, 9, 1, 3, 2, 2015, 3, 3, '2017-09-06', '2017-09-06'),
(965, 9, 1, 5, 0, 2015, 3, 3, '2017-09-06', '2017-09-06'),
(966, 9, 1, 6, 0, 2015, 3, 3, '2017-09-06', '2017-09-06'),
(967, 9, 1, 7, 0, 2015, 3, 3, '2017-09-06', '2017-09-06'),
(968, 9, 1, 8, 0, 2015, 3, 3, '2017-09-06', '2017-09-06'),
(969, 9, 1, 1, 5, 2014, 3, 3, '2017-09-06', '2017-09-06'),
(970, 9, 1, 2, 9, 2014, 3, 3, '2017-09-06', '2017-09-06'),
(971, 9, 1, 4, 6, 2014, 3, 3, '2017-09-06', '2017-09-06'),
(972, 9, 1, 3, 5, 2014, 3, 3, '2017-09-06', '2017-09-06'),
(973, 9, 1, 5, 0, 2014, 3, 3, '2017-09-06', '2017-09-06'),
(974, 9, 1, 6, 1, 2014, 3, 3, '2017-09-06', '2017-09-06'),
(975, 9, 1, 7, 0, 2014, 3, 3, '2017-09-06', '2017-09-06'),
(976, 9, 1, 8, 0, 2014, 3, 3, '2017-09-06', '2017-09-06'),
(977, 9, 1, 1, 0, 2013, 3, 3, '2017-09-06', '2017-09-06'),
(978, 9, 1, 2, 5, 2013, 3, 3, '2017-09-06', '2017-09-06'),
(979, 9, 1, 4, 2, 2013, 3, 3, '2017-09-06', '2017-09-06'),
(980, 9, 1, 3, 2, 2013, 3, 3, '2017-09-06', '2017-09-06'),
(981, 9, 1, 5, 0, 2013, 3, 3, '2017-09-06', '2017-09-06'),
(982, 9, 1, 6, 0, 2013, 3, 3, '2017-09-06', '2017-09-06'),
(983, 9, 1, 7, 0, 2013, 3, 3, '2017-09-06', '2017-09-06'),
(984, 9, 1, 8, 0, 2013, 3, 3, '2017-09-06', '2017-09-06'),
(985, 9, 1, 1, 0, 2012, 3, 3, '2017-09-06', '2017-09-06'),
(986, 9, 1, 2, 0, 2012, 3, 3, '2017-09-06', '2017-09-06'),
(987, 9, 1, 4, 3, 2012, 3, 3, '2017-09-06', '2017-09-06'),
(988, 9, 1, 3, 3, 2012, 3, 3, '2017-09-06', '2017-09-06'),
(989, 9, 1, 5, 0, 2012, 3, 3, '2017-09-06', '2017-09-06'),
(990, 9, 1, 6, 0, 2012, 3, 3, '2017-09-06', '2017-09-06'),
(991, 9, 1, 7, 0, 2012, 3, 3, '2017-09-06', '2017-09-06'),
(992, 9, 1, 8, 0, 2012, 3, 3, '2017-09-06', '2017-09-06'),
(993, 9, 1, 1, 0, 2011, 3, 3, '2017-09-06', '2017-09-06'),
(994, 9, 1, 2, 0, 2011, 3, 3, '2017-09-06', '2017-09-06'),
(995, 9, 1, 4, 2, 2011, 3, 3, '2017-09-06', '2017-09-06'),
(996, 9, 1, 3, 1, 2011, 3, 3, '2017-09-06', '2017-09-06'),
(997, 9, 1, 5, 0, 2011, 3, 3, '2017-09-06', '2017-09-06'),
(998, 9, 1, 6, 0, 2011, 3, 3, '2017-09-06', '2017-09-06'),
(999, 9, 1, 7, 0, 2011, 3, 3, '2017-09-06', '2017-09-06'),
(1000, 9, 1, 8, 0, 2011, 3, 3, '2017-09-06', '2017-09-06'),
(1001, 6, 1, 1, 13, 2015, 3, 3, '2017-09-06', '2017-09-06'),
(1002, 6, 1, 2, 13, 2015, 3, 3, '2017-09-06', '2017-09-06'),
(1003, 6, 1, 4, 19, 2015, 3, 3, '2017-09-06', '2017-09-06'),
(1004, 6, 1, 3, 6, 2015, 3, 3, '2017-09-06', '2017-09-06'),
(1005, 6, 1, 5, 0, 2015, 3, 3, '2017-09-06', '2017-09-06'),
(1006, 6, 1, 6, 4, 2015, 3, 3, '2017-09-06', '2017-09-06'),
(1007, 6, 1, 7, 0, 2015, 3, 3, '2017-09-06', '2017-09-06'),
(1008, 6, 1, 8, 0, 2015, 3, 3, '2017-09-06', '2017-09-06'),
(1009, 6, 1, 1, 14, 2014, 3, 3, '2017-09-06', '2017-09-06'),
(1010, 6, 1, 2, 31, 2014, 3, 3, '2017-09-06', '2017-09-06'),
(1011, 6, 1, 4, 14, 2014, 3, 3, '2017-09-06', '2017-09-06'),
(1012, 6, 1, 3, 7, 2014, 3, 3, '2017-09-06', '2017-09-06'),
(1013, 6, 1, 5, 0, 2014, 3, 3, '2017-09-06', '2017-09-06'),
(1014, 6, 1, 6, 2, 2014, 3, 3, '2017-09-06', '2017-09-06'),
(1015, 6, 1, 7, 0, 2014, 3, 3, '2017-09-06', '2017-09-06'),
(1016, 6, 1, 8, 0, 2014, 3, 3, '2017-09-06', '2017-09-06'),
(1017, 6, 1, 1, 7, 2013, 3, 3, '2017-09-06', '2017-09-06'),
(1018, 6, 1, 2, 32, 2013, 3, 3, '2017-09-06', '2017-09-06'),
(1019, 6, 1, 4, 13, 2013, 3, 3, '2017-09-06', '2017-09-06'),
(1020, 6, 1, 3, 3, 2013, 3, 3, '2017-09-06', '2017-09-06'),
(1021, 6, 1, 5, 0, 2013, 3, 3, '2017-09-06', '2017-09-06'),
(1022, 6, 1, 6, 0, 2013, 3, 3, '2017-09-06', '2017-09-06'),
(1023, 6, 1, 7, 0, 2013, 3, 3, '2017-09-06', '2017-09-06'),
(1024, 6, 1, 8, 0, 2013, 3, 3, '2017-09-06', '2017-09-06'),
(1025, 6, 1, 1, 4, 2012, 3, 3, '2017-09-06', '2017-09-06'),
(1026, 6, 1, 2, 18, 2012, 3, 3, '2017-09-06', '2017-09-06'),
(1027, 6, 1, 4, 15, 2012, 3, 3, '2017-09-06', '2017-09-06'),
(1028, 6, 1, 3, 16, 2012, 3, 3, '2017-09-06', '2017-09-06'),
(1029, 6, 1, 5, 0, 2012, 3, 3, '2017-09-06', '2017-09-06'),
(1030, 6, 1, 6, 10, 2012, 3, 3, '2017-09-06', '2017-09-06'),
(1031, 6, 1, 7, 0, 2012, 3, 3, '2017-09-06', '2017-09-06'),
(1032, 6, 1, 8, 0, 2012, 3, 3, '2017-09-06', '2017-09-06'),
(1033, 6, 1, 1, 2, 2011, 3, 3, '2017-09-06', '2017-09-06'),
(1034, 6, 1, 2, 13, 2011, 3, 3, '2017-09-06', '2017-09-06'),
(1035, 6, 1, 4, 11, 2011, 3, 3, '2017-09-06', '2017-09-06'),
(1036, 6, 1, 3, 13, 2011, 3, 3, '2017-09-06', '2017-09-06'),
(1037, 6, 1, 5, 0, 2011, 3, 3, '2017-09-06', '2017-09-06'),
(1038, 6, 1, 6, 0, 2011, 3, 3, '2017-09-06', '2017-09-06'),
(1039, 6, 1, 7, 0, 2011, 3, 3, '2017-09-06', '2017-09-06'),
(1040, 6, 1, 8, 0, 2011, 3, 3, '2017-09-06', '2017-09-06'),
(1041, 8, 1, 1, 8, 2015, 3, 3, '2017-09-06', '2017-09-06'),
(1042, 8, 1, 2, 24, 2015, 3, 3, '2017-09-06', '2017-09-06'),
(1043, 8, 1, 4, 3, 2015, 3, 3, '2017-09-06', '2017-09-06'),
(1044, 8, 1, 3, 0, 2015, 3, 3, '2017-09-06', '2017-09-06'),
(1045, 8, 1, 5, 0, 2015, 3, 3, '2017-09-06', '2017-09-06'),
(1046, 8, 1, 6, 0, 2015, 3, 3, '2017-09-06', '2017-09-06'),
(1047, 8, 1, 7, 0, 2015, 3, 3, '2017-09-06', '2017-09-06'),
(1048, 8, 1, 8, 0, 2015, 3, 3, '2017-09-06', '2017-09-06'),
(1049, 8, 1, 1, 5, 2014, 3, 3, '2017-09-06', '2017-09-06'),
(1050, 8, 1, 2, 27, 2014, 3, 3, '2017-09-06', '2017-09-06'),
(1051, 8, 1, 4, 4, 2014, 3, 3, '2017-09-06', '2017-09-06'),
(1052, 8, 1, 3, 0, 2014, 3, 3, '2017-09-06', '2017-09-06'),
(1053, 8, 1, 5, 0, 2014, 3, 3, '2017-09-06', '2017-09-06'),
(1054, 8, 1, 6, 0, 2014, 3, 3, '2017-09-06', '2017-09-06'),
(1055, 8, 1, 7, 0, 2014, 3, 3, '2017-09-06', '2017-09-06'),
(1056, 8, 1, 8, 0, 2014, 3, 3, '2017-09-06', '2017-09-06'),
(1057, 8, 1, 1, 5, 2013, 3, 3, '2017-09-06', '2017-09-06'),
(1058, 8, 1, 2, 11, 2013, 3, 3, '2017-09-06', '2017-09-06'),
(1059, 8, 1, 4, 11, 2013, 3, 3, '2017-09-06', '2017-09-06'),
(1060, 8, 1, 3, 5, 2013, 3, 3, '2017-09-06', '2017-09-06'),
(1061, 8, 1, 5, 0, 2013, 3, 3, '2017-09-06', '2017-09-06'),
(1062, 8, 1, 6, 5, 2013, 3, 3, '2017-09-06', '2017-09-06'),
(1063, 8, 1, 7, 0, 2013, 3, 3, '2017-09-06', '2017-09-06'),
(1064, 8, 1, 8, 0, 2013, 3, 3, '2017-09-06', '2017-09-06'),
(1065, 8, 1, 1, 5, 2012, 3, 3, '2017-09-06', '2017-09-06'),
(1066, 8, 1, 2, 20, 2012, 3, 3, '2017-09-06', '2017-09-06'),
(1067, 8, 1, 4, 9, 2012, 3, 3, '2017-09-06', '2017-09-06'),
(1068, 8, 1, 3, 5, 2012, 3, 3, '2017-09-06', '2017-09-06'),
(1069, 8, 1, 5, 0, 2012, 3, 3, '2017-09-06', '2017-09-06'),
(1070, 8, 1, 6, 2, 2012, 3, 3, '2017-09-06', '2017-09-06'),
(1071, 8, 1, 7, 0, 2012, 3, 3, '2017-09-06', '2017-09-06'),
(1072, 8, 1, 8, 1, 2012, 3, 3, '2017-09-06', '2017-09-06'),
(1073, 8, 1, 1, 5, 2011, 3, 3, '2017-09-06', '2017-09-06'),
(1074, 8, 1, 2, 16, 2011, 3, 3, '2017-09-06', '2017-09-06'),
(1075, 8, 1, 4, 12, 2011, 3, 3, '2017-09-06', '2017-09-06'),
(1076, 8, 1, 3, 5, 2011, 3, 3, '2017-09-06', '2017-09-06'),
(1077, 8, 1, 5, 0, 2011, 3, 3, '2017-09-06', '2017-09-06'),
(1078, 8, 1, 6, 0, 2011, 3, 3, '2017-09-06', '2017-09-06'),
(1079, 8, 1, 7, 0, 2011, 3, 3, '2017-09-06', '2017-09-06'),
(1080, 8, 1, 8, 0, 2011, 3, 3, '2017-09-06', '2017-09-06');

-- --------------------------------------------------------

--
-- Table structure for table `ut_mis_expense_items`
--

CREATE TABLE `ut_mis_expense_items` (
  `expense_item_row_id` int(11) NOT NULL,
  `title` varchar(255) NOT NULL,
  `sort_order` int(11) NOT NULL,
  `status` tinyint(1) NOT NULL DEFAULT '1' COMMENT ' 1 ~ means active, 0 ~ means Inactive',
  `created_by` int(11) NOT NULL,
  `updated_by` int(11) NOT NULL,
  `created_at` date NOT NULL,
  `updated_at` date NOT NULL
) ENGINE=InnoDB DEFAULT CHARSET=latin1;

--
-- Dumping data for table `ut_mis_expense_items`
--

INSERT INTO `ut_mis_expense_items` (`expense_item_row_id`, `title`, `sort_order`, `status`, `created_by`, `updated_by`, `created_at`, `updated_at`) VALUES
(1, 'Buy Diesel', 4, 1, 2, 2, '2017-07-05', '2017-07-06'),
(2, 'Medicine Amount', 2, 1, 2, 2, '2017-07-05', '2017-07-06'),
(3, 'Chanil 06 pcs', 3, 1, 2, 2, '2017-07-05', '2017-07-05'),
(4, 'oil 15 liter', 1, 1, 2, 3, '2017-07-06', '2017-08-05'),
(5, 'Staff Entertainment', 6, 1, 3, 3, '2017-08-05', '2017-08-05'),
(6, 'Stationary', 5, 1, 3, 3, '2017-08-05', '2017-08-05'),
(7, 'Doctor Haonorium', 7, 1, 3, 3, '2017-08-05', '2017-08-05'),
(8, 'Conveyance', 8, 1, 3, 3, '2017-08-05', '2017-08-05'),
(9, 'Others', 11, 1, 3, 3, '2017-08-09', '2017-08-09'),
(10, 'Breakfast for OT patient', 10, 1, 3, 3, '2017-08-16', '2017-08-16'),
(11, 'Salary for Staff', 12, 1, 3, 3, '2017-08-20', '2017-08-20');

-- --------------------------------------------------------

--
-- Table structure for table `ut_mis_free_medicine_items`
--

CREATE TABLE `ut_mis_free_medicine_items` (
  `free_medicine_item_row_id` int(11) NOT NULL,
  `title` varchar(255) NOT NULL,
  `sort_order` int(11) NOT NULL,
  `status` tinyint(1) NOT NULL DEFAULT '1' COMMENT ' 1 ~ means active, 0 ~ means Inactive',
  `created_by` int(11) NOT NULL,
  `updated_by` int(11) NOT NULL,
  `created_at` date NOT NULL,
  `updated_at` date NOT NULL
) ENGINE=InnoDB DEFAULT CHARSET=latin1;

--
-- Dumping data for table `ut_mis_free_medicine_items`
--

INSERT INTO `ut_mis_free_medicine_items` (`free_medicine_item_row_id`, `title`, `sort_order`, `status`, `created_by`, `updated_by`, `created_at`, `updated_at`) VALUES
(1, 'Free Medicine Person', 1, 1, 2, 2, '2017-07-06', '2017-07-06'),
(2, 'Free Medicine Amount', 2, 1, 2, 2, '2017-07-06', '2017-07-06');

-- --------------------------------------------------------

--
-- Table structure for table `ut_mis_hospitals`
--

CREATE TABLE `ut_mis_hospitals` (
  `hospital_row_id` int(11) NOT NULL,
  `title` varchar(255) NOT NULL,
  `short_code` varchar(255) NOT NULL COMMENT 'this code use in data table view',
  `location` text NOT NULL,
  `sort_order` int(11) NOT NULL,
  `status` int(2) NOT NULL DEFAULT '1' COMMENT '1 ~ Active, 0 ~ Inactive',
  `created_by` int(11) NOT NULL,
  `updated_by` int(11) NOT NULL,
  `created_at` date NOT NULL,
  `updated_at` date NOT NULL
) ENGINE=InnoDB DEFAULT CHARSET=latin1;

--
-- Dumping data for table `ut_mis_hospitals`
--

INSERT INTO `ut_mis_hospitals` (`hospital_row_id`, `title`, `short_code`, `location`, `sort_order`, `status`, `created_by`, `updated_by`, `created_at`, `updated_at`) VALUES
(1, 'Alhaz M.A Rashid Maa, Shishu and Eye Hospital', 'AMARMSOCH ( Maloncha )', 'Malancha, Melandah, Jamalpur', 1, 1, 2, 3, '2017-06-19', '2017-08-03'),
(2, 'Shahid Nurul Rahman Jamalee Health Center', 'SNRJHC (Momenabad)', 'Momenabad, Madargonj, Jamalpur', 2, 1, 2, 2, '2017-06-19', '2017-06-20'),
(3, 'Wahed Rahman Health Center', 'WRHC (Feni)', 'Nijkunjora, Chagalnaiya, Feni', 4, 1, 2, 3, '2017-06-19', '2017-08-03'),
(4, 'M.A Bari Health Center', 'MABHC ( Kishoregonj )', 'Motkhola, Pakundia, kishoreganj', 3, 1, 2, 2, '2017-06-19', '2017-07-04'),
(5, 'Younus Khan Mahmudha Khanom Memorial Health Complex', 'YKMKMHC ( Munshigonj )', 'Munshigonj', 5, 1, 2, 3, '2017-06-19', '2017-08-03'),
(6, 'Surjo Mukhi Outdoor Sasthokendro', 'SMOSK, Gaibandha', 'Hosenpur, Fulchuri, Gaibandha', 6, 1, 3, 3, '2017-08-05', '2017-08-05'),
(7, 'Hashdhora Aroggo Niketon', 'HAN, Sherpur', 'Sribordi, Sherpur', 7, 1, 3, 3, '2017-08-05', '2017-08-05');

-- --------------------------------------------------------

--
-- Table structure for table `ut_mis_hospital_expenses`
--

CREATE TABLE `ut_mis_hospital_expenses` (
  `hospital_expense_row_id` int(11) NOT NULL,
  `expense_item_row_id` int(11) NOT NULL,
  `hospital_row_id` int(11) NOT NULL,
  `amount` decimal(14,2) NOT NULL DEFAULT '0.00',
  `report_at` date NOT NULL,
  `created_by` int(11) NOT NULL,
  `updated_by` int(11) NOT NULL,
  `created_at` date NOT NULL,
  `updated_at` date NOT NULL
) ENGINE=InnoDB DEFAULT CHARSET=latin1;

--
-- Dumping data for table `ut_mis_hospital_expenses`
--

INSERT INTO `ut_mis_hospital_expenses` (`hospital_expense_row_id`, `expense_item_row_id`, `hospital_row_id`, `amount`, `report_at`, `created_by`, `updated_by`, `created_at`, `updated_at`) VALUES
(1, 4, 5, '450.60', '2017-07-05', 2, 2, '2017-07-06', '2017-07-06'),
(2, 2, 5, '0.00', '2017-07-05', 2, 2, '2017-07-06', '2017-07-06'),
(3, 3, 5, '0.00', '2017-07-05', 2, 2, '2017-07-06', '2017-07-06'),
(4, 1, 5, '670.00', '2017-07-05', 2, 2, '2017-07-06', '2017-07-06'),
(5, 4, 2, '0.00', '2017-07-05', 2, 2, '2017-07-06', '2017-07-06'),
(6, 2, 2, '0.00', '2017-07-05', 2, 2, '2017-07-06', '2017-07-06'),
(7, 3, 2, '0.00', '2017-07-05', 2, 2, '2017-07-06', '2017-07-06'),
(8, 1, 2, '0.00', '2017-07-05', 2, 2, '2017-07-06', '2017-07-06'),
(9, 4, 3, '0.00', '2017-07-05', 2, 2, '2017-07-06', '2017-07-06'),
(10, 2, 3, '3000.00', '2017-07-05', 2, 2, '2017-07-06', '2017-07-06'),
(11, 3, 3, '0.00', '2017-07-05', 2, 2, '2017-07-06', '2017-07-06'),
(12, 1, 3, '0.00', '2017-07-05', 2, 2, '2017-07-06', '2017-07-06'),
(13, 4, 1, '1020.00', '2017-07-05', 2, 2, '2017-07-06', '2017-07-06'),
(14, 2, 1, '0.00', '2017-07-05', 2, 2, '2017-07-06', '2017-07-06'),
(15, 3, 1, '120.00', '2017-07-05', 2, 2, '2017-07-06', '2017-07-06'),
(16, 1, 1, '0.00', '2017-07-05', 2, 2, '2017-07-06', '2017-07-06'),
(17, 4, 4, '560.00', '2017-07-05', 2, 2, '2017-07-06', '2017-07-06'),
(18, 2, 4, '5000.00', '2017-07-05', 2, 2, '2017-07-06', '2017-07-06'),
(19, 3, 4, '350.00', '2017-07-05', 2, 2, '2017-07-06', '2017-07-06'),
(20, 1, 4, '2000.00', '2017-07-05', 2, 2, '2017-07-06', '2017-07-06'),
(21, 4, 1, '0.00', '2017-08-01', 3, 3, '2017-08-05', '2017-08-05'),
(22, 2, 1, '0.00', '2017-08-01', 3, 3, '2017-08-05', '2017-08-05'),
(23, 3, 1, '0.00', '2017-08-01', 3, 3, '2017-08-05', '2017-08-05'),
(24, 1, 1, '1340.00', '2017-08-01', 3, 3, '2017-08-05', '2017-08-05'),
(25, 6, 1, '0.00', '2017-08-01', 3, 3, '2017-08-05', '2017-08-05'),
(26, 5, 1, '80.00', '2017-08-01', 3, 3, '2017-08-05', '2017-08-05'),
(27, 7, 1, '0.00', '2017-08-01', 3, 3, '2017-08-05', '2017-08-05'),
(28, 4, 2, '0.00', '2017-08-01', 3, 3, '2017-08-05', '2017-08-05'),
(29, 2, 2, '0.00', '2017-08-01', 3, 3, '2017-08-05', '2017-08-05'),
(30, 3, 2, '0.00', '2017-08-01', 3, 3, '2017-08-05', '2017-08-05'),
(31, 1, 2, '0.00', '2017-08-01', 3, 3, '2017-08-05', '2017-08-05'),
(32, 6, 2, '2370.00', '2017-08-01', 3, 3, '2017-08-05', '2017-08-05'),
(33, 5, 2, '75.00', '2017-08-01', 3, 3, '2017-08-05', '2017-08-05'),
(34, 7, 2, '0.00', '2017-08-01', 3, 3, '2017-08-05', '2017-08-05'),
(35, 4, 3, '0.00', '2017-08-01', 3, 3, '2017-08-05', '2017-08-05'),
(36, 2, 3, '0.00', '2017-08-01', 3, 3, '2017-08-05', '2017-08-05'),
(37, 3, 3, '0.00', '2017-08-01', 3, 3, '2017-08-05', '2017-08-05'),
(38, 1, 3, '0.00', '2017-08-01', 3, 3, '2017-08-05', '2017-08-05'),
(39, 6, 3, '0.00', '2017-08-01', 3, 3, '2017-08-05', '2017-08-05'),
(40, 5, 3, '0.00', '2017-08-01', 3, 3, '2017-08-05', '2017-08-05'),
(41, 7, 3, '4000.00', '2017-08-01', 3, 3, '2017-08-05', '2017-08-05'),
(42, 4, 4, '0.00', '2017-08-01', 3, 3, '2017-08-05', '2017-08-05'),
(43, 2, 4, '0.00', '2017-08-01', 3, 3, '2017-08-05', '2017-08-05'),
(44, 3, 4, '0.00', '2017-08-01', 3, 3, '2017-08-05', '2017-08-05'),
(45, 1, 4, '0.00', '2017-08-01', 3, 3, '2017-08-05', '2017-08-05'),
(46, 6, 4, '0.00', '2017-08-01', 3, 3, '2017-08-05', '2017-08-05'),
(47, 5, 4, '150.00', '2017-08-01', 3, 3, '2017-08-05', '2017-08-05'),
(48, 7, 4, '0.00', '2017-08-01', 3, 3, '2017-08-05', '2017-08-05'),
(49, 4, 1, '0.00', '2017-08-03', 3, 3, '2017-08-05', '2017-08-05'),
(50, 2, 1, '0.00', '2017-08-03', 3, 3, '2017-08-05', '2017-08-05'),
(51, 3, 1, '0.00', '2017-08-03', 3, 3, '2017-08-05', '2017-08-05'),
(52, 1, 1, '1340.00', '2017-08-03', 3, 3, '2017-08-05', '2017-08-05'),
(53, 6, 1, '0.00', '2017-08-03', 3, 3, '2017-08-05', '2017-08-05'),
(54, 5, 1, '85.00', '2017-08-03', 3, 3, '2017-08-05', '2017-08-05'),
(55, 7, 1, '0.00', '2017-08-03', 3, 3, '2017-08-05', '2017-08-05'),
(56, 8, 1, '60.00', '2017-08-03', 3, 3, '2017-08-05', '2017-08-05'),
(57, 4, 4, '0.00', '2017-08-03', 3, 3, '2017-08-09', '2017-08-09'),
(58, 2, 4, '0.00', '2017-08-03', 3, 3, '2017-08-09', '2017-08-09'),
(59, 3, 4, '0.00', '2017-08-03', 3, 3, '2017-08-09', '2017-08-09'),
(60, 1, 4, '0.00', '2017-08-03', 3, 3, '2017-08-09', '2017-08-09'),
(61, 6, 4, '0.00', '2017-08-03', 3, 3, '2017-08-09', '2017-08-09'),
(62, 5, 4, '150.00', '2017-08-03', 3, 3, '2017-08-09', '2017-08-09'),
(63, 7, 4, '0.00', '2017-08-03', 3, 3, '2017-08-09', '2017-08-09'),
(64, 8, 4, '0.00', '2017-08-03', 3, 3, '2017-08-09', '2017-08-09'),
(65, 4, 1, '0.00', '2017-08-04', 3, 3, '2017-08-09', '2017-08-09'),
(66, 2, 1, '0.00', '2017-08-04', 3, 3, '2017-08-09', '2017-08-09'),
(67, 3, 1, '0.00', '2017-08-04', 3, 3, '2017-08-09', '2017-08-09'),
(68, 1, 1, '670.00', '2017-08-04', 3, 3, '2017-08-09', '2017-08-09'),
(69, 6, 1, '129.00', '2017-08-04', 3, 3, '2017-08-09', '2017-08-09'),
(70, 5, 1, '535.00', '2017-08-04', 3, 3, '2017-08-09', '2017-08-09'),
(71, 7, 1, '0.00', '2017-08-04', 3, 3, '2017-08-09', '2017-08-09'),
(72, 8, 1, '100.00', '2017-08-04', 3, 3, '2017-08-09', '2017-08-09'),
(73, 9, 1, '100.00', '2017-08-04', 3, 3, '2017-08-09', '2017-08-09'),
(74, 4, 3, '0.00', '2017-08-04', 3, 3, '2017-08-09', '2017-08-09'),
(75, 2, 3, '0.00', '2017-08-04', 3, 3, '2017-08-09', '2017-08-09'),
(76, 3, 3, '0.00', '2017-08-04', 3, 3, '2017-08-09', '2017-08-09'),
(77, 1, 3, '0.00', '2017-08-04', 3, 3, '2017-08-09', '2017-08-09'),
(78, 6, 3, '0.00', '2017-08-04', 3, 3, '2017-08-09', '2017-08-09'),
(79, 5, 3, '0.00', '2017-08-04', 3, 3, '2017-08-09', '2017-08-09'),
(80, 7, 3, '5000.00', '2017-08-04', 3, 3, '2017-08-09', '2017-08-09'),
(81, 8, 3, '0.00', '2017-08-04', 3, 3, '2017-08-09', '2017-08-09'),
(82, 9, 3, '0.00', '2017-08-04', 3, 3, '2017-08-09', '2017-08-09'),
(83, 4, 4, '0.00', '2017-08-04', 3, 3, '2017-08-09', '2017-08-09'),
(84, 2, 4, '0.00', '2017-08-04', 3, 3, '2017-08-09', '2017-08-09'),
(85, 3, 4, '0.00', '2017-08-04', 3, 3, '2017-08-09', '2017-08-09'),
(86, 1, 4, '0.00', '2017-08-04', 3, 3, '2017-08-09', '2017-08-09'),
(87, 6, 4, '0.00', '2017-08-04', 3, 3, '2017-08-09', '2017-08-09'),
(88, 5, 4, '150.00', '2017-08-04', 3, 3, '2017-08-09', '2017-08-09'),
(89, 7, 4, '0.00', '2017-08-04', 3, 3, '2017-08-09', '2017-08-09'),
(90, 8, 4, '0.00', '2017-08-04', 3, 3, '2017-08-09', '2017-08-09'),
(91, 9, 4, '0.00', '2017-08-04', 3, 3, '2017-08-09', '2017-08-09'),
(92, 4, 1, '0.00', '2017-08-05', 3, 3, '2017-08-16', '2017-08-16'),
(93, 2, 1, '0.00', '2017-08-05', 3, 3, '2017-08-16', '2017-08-16'),
(94, 3, 1, '0.00', '2017-08-05', 3, 3, '2017-08-16', '2017-08-16'),
(95, 1, 1, '1340.00', '2017-08-05', 3, 3, '2017-08-16', '2017-08-16'),
(96, 6, 1, '62.00', '2017-08-05', 3, 3, '2017-08-16', '2017-08-16'),
(97, 5, 1, '270.00', '2017-08-05', 3, 3, '2017-08-16', '2017-08-16'),
(98, 7, 1, '0.00', '2017-08-05', 3, 3, '2017-08-16', '2017-08-16'),
(99, 8, 1, '150.00', '2017-08-05', 3, 3, '2017-08-16', '2017-08-16'),
(100, 10, 1, '961.00', '2017-08-05', 3, 3, '2017-08-16', '2017-08-16'),
(101, 9, 1, '3135.00', '2017-08-05', 3, 3, '2017-08-16', '2017-08-16'),
(102, 4, 2, '0.00', '2017-08-05', 3, 3, '2017-08-16', '2017-08-16'),
(103, 2, 2, '0.00', '2017-08-05', 3, 3, '2017-08-16', '2017-08-16'),
(104, 3, 2, '0.00', '2017-08-05', 3, 3, '2017-08-16', '2017-08-16'),
(105, 1, 2, '0.00', '2017-08-05', 3, 3, '2017-08-16', '2017-08-16'),
(106, 6, 2, '0.00', '2017-08-05', 3, 3, '2017-08-16', '2017-08-16'),
(107, 5, 2, '110.00', '2017-08-05', 3, 3, '2017-08-16', '2017-08-16'),
(108, 7, 2, '0.00', '2017-08-05', 3, 3, '2017-08-16', '2017-08-16'),
(109, 8, 2, '0.00', '2017-08-05', 3, 3, '2017-08-16', '2017-08-16'),
(110, 10, 2, '0.00', '2017-08-05', 3, 3, '2017-08-16', '2017-08-16'),
(111, 9, 2, '2040.00', '2017-08-05', 3, 3, '2017-08-16', '2017-08-16'),
(112, 4, 4, '0.00', '2017-08-05', 3, 3, '2017-08-16', '2017-08-16'),
(113, 2, 4, '0.00', '2017-08-05', 3, 3, '2017-08-16', '2017-08-16'),
(114, 3, 4, '0.00', '2017-08-05', 3, 3, '2017-08-16', '2017-08-16'),
(115, 1, 4, '0.00', '2017-08-05', 3, 3, '2017-08-16', '2017-08-16'),
(116, 6, 4, '0.00', '2017-08-05', 3, 3, '2017-08-16', '2017-08-16'),
(117, 5, 4, '150.00', '2017-08-05', 3, 3, '2017-08-16', '2017-08-16'),
(118, 7, 4, '0.00', '2017-08-05', 3, 3, '2017-08-16', '2017-08-16'),
(119, 8, 4, '0.00', '2017-08-05', 3, 3, '2017-08-16', '2017-08-16'),
(120, 10, 4, '0.00', '2017-08-05', 3, 3, '2017-08-16', '2017-08-16'),
(121, 9, 4, '0.00', '2017-08-05', 3, 3, '2017-08-16', '2017-08-16'),
(122, 4, 1, '0.00', '2017-08-06', 3, 3, '2017-08-16', '2017-08-16'),
(123, 2, 1, '0.00', '2017-08-06', 3, 3, '2017-08-16', '2017-08-16'),
(124, 3, 1, '0.00', '2017-08-06', 3, 3, '2017-08-16', '2017-08-16'),
(125, 1, 1, '0.00', '2017-08-06', 3, 3, '2017-08-16', '2017-08-16'),
(126, 6, 1, '100.00', '2017-08-06', 3, 3, '2017-08-16', '2017-08-16'),
(127, 5, 1, '75.00', '2017-08-06', 3, 3, '2017-08-16', '2017-08-16'),
(128, 7, 1, '0.00', '2017-08-06', 3, 3, '2017-08-16', '2017-08-16'),
(129, 8, 1, '0.00', '2017-08-06', 3, 3, '2017-08-16', '2017-08-16'),
(130, 10, 1, '0.00', '2017-08-06', 3, 3, '2017-08-16', '2017-08-16'),
(131, 9, 1, '350.00', '2017-08-06', 3, 3, '2017-08-16', '2017-08-16'),
(132, 4, 1, '0.00', '2017-08-07', 3, 3, '2017-08-20', '2017-08-20'),
(133, 2, 1, '0.00', '2017-08-07', 3, 3, '2017-08-20', '2017-08-20'),
(134, 3, 1, '0.00', '2017-08-07', 3, 3, '2017-08-20', '2017-08-20'),
(135, 1, 1, '670.00', '2017-08-07', 3, 3, '2017-08-20', '2017-08-20'),
(136, 6, 1, '0.00', '2017-08-07', 3, 3, '2017-08-20', '2017-08-20'),
(137, 5, 1, '75.00', '2017-08-07', 3, 3, '2017-08-20', '2017-08-20'),
(138, 7, 1, '0.00', '2017-08-07', 3, 3, '2017-08-20', '2017-08-20'),
(139, 8, 1, '120.00', '2017-08-07', 3, 3, '2017-08-20', '2017-08-20'),
(140, 10, 1, '0.00', '2017-08-07', 3, 3, '2017-08-20', '2017-08-20'),
(141, 9, 1, '0.00', '2017-08-07', 3, 3, '2017-08-20', '2017-08-20'),
(142, 4, 2, '0.00', '2017-08-07', 3, 3, '2017-08-20', '2017-08-20'),
(143, 2, 2, '0.00', '2017-08-07', 3, 3, '2017-08-20', '2017-08-20'),
(144, 3, 2, '0.00', '2017-08-07', 3, 3, '2017-08-20', '2017-08-20'),
(145, 1, 2, '0.00', '2017-08-07', 3, 3, '2017-08-20', '2017-08-20'),
(146, 6, 2, '0.00', '2017-08-07', 3, 3, '2017-08-20', '2017-08-20'),
(147, 5, 2, '30.00', '2017-08-07', 3, 3, '2017-08-20', '2017-08-20'),
(148, 7, 2, '0.00', '2017-08-07', 3, 3, '2017-08-20', '2017-08-20'),
(149, 8, 2, '0.00', '2017-08-07', 3, 3, '2017-08-20', '2017-08-20'),
(150, 10, 2, '0.00', '2017-08-07', 3, 3, '2017-08-20', '2017-08-20'),
(151, 9, 2, '0.00', '2017-08-07', 3, 3, '2017-08-20', '2017-08-20'),
(152, 4, 4, '0.00', '2017-08-07', 3, 3, '2017-08-20', '2017-08-20'),
(153, 2, 4, '0.00', '2017-08-07', 3, 3, '2017-08-20', '2017-08-20'),
(154, 3, 4, '0.00', '2017-08-07', 3, 3, '2017-08-20', '2017-08-20'),
(155, 1, 4, '0.00', '2017-08-07', 3, 3, '2017-08-20', '2017-08-20'),
(156, 6, 4, '0.00', '2017-08-07', 3, 3, '2017-08-20', '2017-08-20'),
(157, 5, 4, '150.00', '2017-08-07', 3, 3, '2017-08-20', '2017-08-20'),
(158, 7, 4, '0.00', '2017-08-07', 3, 3, '2017-08-20', '2017-08-20'),
(159, 8, 4, '0.00', '2017-08-07', 3, 3, '2017-08-20', '2017-08-20'),
(160, 10, 4, '0.00', '2017-08-07', 3, 3, '2017-08-20', '2017-08-20'),
(161, 9, 4, '0.00', '2017-08-07', 3, 3, '2017-08-20', '2017-08-20'),
(162, 4, 5, '0.00', '2017-08-07', 3, 3, '2017-08-20', '2017-08-20'),
(163, 2, 5, '0.00', '2017-08-07', 3, 3, '2017-08-20', '2017-08-20'),
(164, 3, 5, '0.00', '2017-08-07', 3, 3, '2017-08-20', '2017-08-20'),
(165, 1, 5, '0.00', '2017-08-07', 3, 3, '2017-08-20', '2017-08-20'),
(166, 6, 5, '0.00', '2017-08-07', 3, 3, '2017-08-20', '2017-08-20'),
(167, 5, 5, '0.00', '2017-08-07', 3, 3, '2017-08-20', '2017-08-20'),
(168, 7, 5, '0.00', '2017-08-07', 3, 3, '2017-08-20', '2017-08-20'),
(169, 8, 5, '30.00', '2017-08-07', 3, 3, '2017-08-20', '2017-08-20'),
(170, 10, 5, '0.00', '2017-08-07', 3, 3, '2017-08-20', '2017-08-20'),
(171, 9, 5, '70.00', '2017-08-07', 3, 3, '2017-08-20', '2017-08-20'),
(172, 2, 7, '0.00', '2017-08-07', 3, 3, '2017-08-20', '2017-08-20'),
(173, 3, 7, '0.00', '2017-08-07', 3, 3, '2017-08-20', '2017-08-20'),
(174, 1, 7, '0.00', '2017-08-07', 3, 3, '2017-08-20', '2017-08-20'),
(175, 6, 7, '0.00', '2017-08-07', 3, 3, '2017-08-20', '2017-08-20'),
(176, 5, 7, '0.00', '2017-08-07', 3, 3, '2017-08-20', '2017-08-20'),
(177, 7, 7, '0.00', '2017-08-07', 3, 3, '2017-08-20', '2017-08-20'),
(178, 8, 7, '0.00', '2017-08-07', 3, 3, '2017-08-20', '2017-08-20'),
(179, 10, 7, '0.00', '2017-08-07', 3, 3, '2017-08-20', '2017-08-20'),
(180, 9, 7, '0.00', '2017-08-07', 3, 3, '2017-08-20', '2017-08-20'),
(181, 11, 7, '14500.00', '2017-08-07', 3, 3, '2017-08-20', '2017-08-20'),
(182, 2, 1, '1340.00', '2017-08-10', 3, 3, '2017-08-20', '2017-08-20'),
(183, 3, 1, '90.00', '2017-08-10', 3, 3, '2017-08-20', '2017-08-20'),
(184, 1, 1, '45.00', '2017-08-10', 3, 3, '2017-08-20', '2017-08-20'),
(185, 6, 1, '1000.00', '2017-08-10', 3, 3, '2017-08-20', '2017-08-20'),
(186, 5, 1, '100.00', '2017-08-10', 3, 3, '2017-08-20', '2017-08-20'),
(187, 7, 1, '0.00', '2017-08-10', 3, 3, '2017-08-20', '2017-08-20'),
(188, 8, 1, '0.00', '2017-08-10', 3, 3, '2017-08-20', '2017-08-20'),
(189, 10, 1, '0.00', '2017-08-10', 3, 3, '2017-08-20', '2017-08-20'),
(190, 9, 1, '0.00', '2017-08-10', 3, 3, '2017-08-20', '2017-08-20'),
(191, 11, 1, '0.00', '2017-08-10', 3, 3, '2017-08-20', '2017-08-20'),
(192, 2, 4, '2650.00', '2017-08-10', 3, 3, '2017-08-20', '2017-08-20'),
(193, 3, 4, '150.00', '2017-08-10', 3, 3, '2017-08-20', '2017-08-20'),
(194, 1, 4, '0.00', '2017-08-10', 3, 3, '2017-08-20', '2017-08-20'),
(195, 6, 4, '0.00', '2017-08-10', 3, 3, '2017-08-20', '2017-08-20'),
(196, 5, 4, '0.00', '2017-08-10', 3, 3, '2017-08-20', '2017-08-20'),
(197, 7, 4, '0.00', '2017-08-10', 3, 3, '2017-08-20', '2017-08-20'),
(198, 8, 4, '0.00', '2017-08-10', 3, 3, '2017-08-20', '2017-08-20'),
(199, 10, 4, '0.00', '2017-08-10', 3, 3, '2017-08-20', '2017-08-20'),
(200, 9, 4, '0.00', '2017-08-10', 3, 3, '2017-08-20', '2017-08-20'),
(201, 11, 4, '0.00', '2017-08-10', 3, 3, '2017-08-20', '2017-08-20'),
(202, 2, 5, '0.00', '2017-08-10', 3, 3, '2017-08-20', '2017-08-20'),
(203, 3, 5, '0.00', '2017-08-10', 3, 3, '2017-08-20', '2017-08-20'),
(204, 1, 5, '0.00', '2017-08-10', 3, 3, '2017-08-20', '2017-08-20'),
(205, 6, 5, '0.00', '2017-08-10', 3, 3, '2017-08-20', '2017-08-20'),
(206, 5, 5, '0.00', '2017-08-10', 3, 3, '2017-08-20', '2017-08-20'),
(207, 7, 5, '0.00', '2017-08-10', 3, 3, '2017-08-20', '2017-08-20'),
(208, 8, 5, '0.00', '2017-08-10', 3, 3, '2017-08-20', '2017-08-20'),
(209, 10, 5, '0.00', '2017-08-10', 3, 3, '2017-08-20', '2017-08-20'),
(210, 9, 5, '240.00', '2017-08-10', 3, 3, '2017-08-20', '2017-08-20'),
(211, 11, 5, '0.00', '2017-08-10', 3, 3, '2017-08-20', '2017-08-20'),
(212, 2, 1, '0.00', '2017-08-11', 3, 3, '2017-08-20', '2017-08-20'),
(213, 3, 1, '0.00', '2017-08-11', 3, 3, '2017-08-20', '2017-08-20'),
(214, 1, 1, '670.00', '2017-08-11', 3, 3, '2017-08-20', '2017-08-20'),
(215, 6, 1, '0.00', '2017-08-11', 3, 3, '2017-08-20', '2017-08-20'),
(216, 5, 1, '120.00', '2017-08-11', 3, 3, '2017-08-20', '2017-08-20'),
(217, 7, 1, '0.00', '2017-08-11', 3, 3, '2017-08-20', '2017-08-20'),
(218, 8, 1, '100.00', '2017-08-11', 3, 3, '2017-08-20', '2017-08-20'),
(219, 10, 1, '0.00', '2017-08-11', 3, 3, '2017-08-20', '2017-08-20'),
(220, 9, 1, '0.00', '2017-08-11', 3, 3, '2017-08-20', '2017-08-20'),
(221, 11, 1, '360.00', '2017-08-11', 3, 3, '2017-08-20', '2017-08-20'),
(222, 2, 3, '0.00', '2017-08-11', 3, 3, '2017-08-20', '2017-08-20'),
(223, 3, 3, '0.00', '2017-08-11', 3, 3, '2017-08-20', '2017-08-20'),
(224, 1, 3, '0.00', '2017-08-11', 3, 3, '2017-08-20', '2017-08-20'),
(225, 6, 3, '0.00', '2017-08-11', 3, 3, '2017-08-20', '2017-08-20'),
(226, 5, 3, '0.00', '2017-08-11', 3, 3, '2017-08-20', '2017-08-20'),
(227, 7, 3, '3000.00', '2017-08-11', 3, 3, '2017-08-20', '2017-08-20'),
(228, 8, 3, '0.00', '2017-08-11', 3, 3, '2017-08-20', '2017-08-20'),
(229, 10, 3, '0.00', '2017-08-11', 3, 3, '2017-08-20', '2017-08-20'),
(230, 9, 3, '0.00', '2017-08-11', 3, 3, '2017-08-20', '2017-08-20'),
(231, 11, 3, '0.00', '2017-08-11', 3, 3, '2017-08-20', '2017-08-20'),
(232, 2, 4, '0.00', '2017-08-11', 3, 3, '2017-08-20', '2017-08-20'),
(233, 3, 4, '0.00', '2017-08-11', 3, 3, '2017-08-20', '2017-08-20'),
(234, 1, 4, '0.00', '2017-08-11', 3, 3, '2017-08-20', '2017-08-20'),
(235, 6, 4, '0.00', '2017-08-11', 3, 3, '2017-08-20', '2017-08-20'),
(236, 5, 4, '150.00', '2017-08-11', 3, 3, '2017-08-20', '2017-08-20'),
(237, 7, 4, '0.00', '2017-08-11', 3, 3, '2017-08-20', '2017-08-20'),
(238, 8, 4, '0.00', '2017-08-11', 3, 3, '2017-08-20', '2017-08-20'),
(239, 10, 4, '0.00', '2017-08-11', 3, 3, '2017-08-20', '2017-08-20'),
(240, 9, 4, '0.00', '2017-08-11', 3, 3, '2017-08-20', '2017-08-20'),
(241, 11, 4, '0.00', '2017-08-11', 3, 3, '2017-08-20', '2017-08-20'),
(242, 4, 5, '1020.00', '2017-08-11', 3, 3, '2017-08-20', '2017-08-20'),
(243, 2, 5, '0.00', '2017-08-11', 3, 3, '2017-08-20', '2017-08-20'),
(244, 3, 5, '0.00', '2017-08-11', 3, 3, '2017-08-20', '2017-08-20'),
(245, 1, 5, '0.00', '2017-08-11', 3, 3, '2017-08-20', '2017-08-20'),
(246, 6, 5, '0.00', '2017-08-11', 3, 3, '2017-08-20', '2017-08-20'),
(247, 5, 5, '0.00', '2017-08-11', 3, 3, '2017-08-20', '2017-08-20'),
(248, 7, 5, '0.00', '2017-08-11', 3, 3, '2017-08-20', '2017-08-20'),
(249, 8, 5, '0.00', '2017-08-11', 3, 3, '2017-08-20', '2017-08-20'),
(250, 10, 5, '0.00', '2017-08-11', 3, 3, '2017-08-20', '2017-08-20'),
(251, 9, 5, '240.00', '2017-08-11', 3, 3, '2017-08-20', '2017-08-20'),
(252, 11, 5, '0.00', '2017-08-11', 3, 3, '2017-08-20', '2017-08-20'),
(253, 4, 1, '0.00', '2017-08-12', 3, 3, '2017-08-20', '2017-08-20'),
(254, 2, 1, '0.00', '2017-08-12', 3, 3, '2017-08-20', '2017-08-20'),
(255, 3, 1, '0.00', '2017-08-12', 3, 3, '2017-08-20', '2017-08-20'),
(256, 1, 1, '670.00', '2017-08-12', 3, 3, '2017-08-20', '2017-08-20'),
(257, 6, 1, '0.00', '2017-08-12', 3, 3, '2017-08-20', '2017-08-20'),
(258, 5, 1, '80.00', '2017-08-12', 3, 3, '2017-08-20', '2017-08-20'),
(259, 7, 1, '0.00', '2017-08-12', 3, 3, '2017-08-20', '2017-08-20'),
(260, 8, 1, '20.00', '2017-08-12', 3, 3, '2017-08-20', '2017-08-20'),
(261, 10, 1, '906.00', '2017-08-12', 3, 3, '2017-08-20', '2017-08-20'),
(262, 9, 1, '165.00', '2017-08-12', 3, 3, '2017-08-20', '2017-08-20'),
(263, 11, 1, '0.00', '2017-08-12', 3, 3, '2017-08-20', '2017-08-20'),
(264, 4, 4, '0.00', '2017-08-12', 3, 3, '2017-08-20', '2017-08-20'),
(265, 2, 4, '0.00', '2017-08-12', 3, 3, '2017-08-20', '2017-08-20'),
(266, 3, 4, '0.00', '2017-08-12', 3, 3, '2017-08-20', '2017-08-20'),
(267, 1, 4, '0.00', '2017-08-12', 3, 3, '2017-08-20', '2017-08-20'),
(268, 6, 4, '0.00', '2017-08-12', 3, 3, '2017-08-20', '2017-08-20'),
(269, 5, 4, '150.00', '2017-08-12', 3, 3, '2017-08-20', '2017-08-20'),
(270, 7, 4, '0.00', '2017-08-12', 3, 3, '2017-08-20', '2017-08-20'),
(271, 8, 4, '0.00', '2017-08-12', 3, 3, '2017-08-20', '2017-08-20'),
(272, 10, 4, '0.00', '2017-08-12', 3, 3, '2017-08-20', '2017-08-20'),
(273, 9, 4, '0.00', '2017-08-12', 3, 3, '2017-08-20', '2017-08-20'),
(274, 11, 4, '0.00', '2017-08-12', 3, 3, '2017-08-20', '2017-08-20'),
(275, 4, 5, '2000.00', '2017-08-12', 3, 3, '2017-08-20', '2017-08-20'),
(276, 2, 5, '0.00', '2017-08-12', 3, 3, '2017-08-20', '2017-08-20'),
(277, 3, 5, '0.00', '2017-08-12', 3, 3, '2017-08-20', '2017-08-20'),
(278, 1, 5, '0.00', '2017-08-12', 3, 3, '2017-08-20', '2017-08-20'),
(279, 6, 5, '230.00', '2017-08-12', 3, 3, '2017-08-20', '2017-08-20'),
(280, 5, 5, '0.00', '2017-08-12', 3, 3, '2017-08-20', '2017-08-20'),
(281, 7, 5, '0.00', '2017-08-12', 3, 3, '2017-08-20', '2017-08-20'),
(282, 8, 5, '120.00', '2017-08-12', 3, 3, '2017-08-20', '2017-08-20'),
(283, 10, 5, '0.00', '2017-08-12', 3, 3, '2017-08-20', '2017-08-20'),
(284, 9, 5, '220.00', '2017-08-12', 3, 3, '2017-08-20', '2017-08-20'),
(285, 11, 5, '0.00', '2017-08-12', 3, 3, '2017-08-20', '2017-08-20'),
(286, 4, 1, '0.00', '2017-08-13', 3, 3, '2017-08-20', '2017-08-20'),
(287, 2, 1, '0.00', '2017-08-13', 3, 3, '2017-08-20', '2017-08-20'),
(288, 3, 1, '0.00', '2017-08-13', 3, 3, '2017-08-20', '2017-08-20'),
(289, 1, 1, '670.00', '2017-08-13', 3, 3, '2017-08-20', '2017-08-20'),
(290, 6, 1, '0.00', '2017-08-13', 3, 3, '2017-08-20', '2017-08-20'),
(291, 5, 1, '120.00', '2017-08-13', 3, 3, '2017-08-20', '2017-08-20'),
(292, 7, 1, '0.00', '2017-08-13', 3, 3, '2017-08-20', '2017-08-20'),
(293, 8, 1, '0.00', '2017-08-13', 3, 3, '2017-08-20', '2017-08-20'),
(294, 10, 1, '0.00', '2017-08-13', 3, 3, '2017-08-20', '2017-08-20'),
(295, 9, 1, '470.00', '2017-08-13', 3, 3, '2017-08-20', '2017-08-20'),
(296, 11, 1, '0.00', '2017-08-13', 3, 3, '2017-08-20', '2017-08-20'),
(297, 4, 3, '0.00', '2017-08-13', 3, 3, '2017-08-20', '2017-08-20'),
(298, 2, 3, '0.00', '2017-08-13', 3, 3, '2017-08-20', '2017-08-20'),
(299, 3, 3, '0.00', '2017-08-13', 3, 3, '2017-08-20', '2017-08-20'),
(300, 1, 3, '0.00', '2017-08-13', 3, 3, '2017-08-20', '2017-08-20'),
(301, 6, 3, '0.00', '2017-08-13', 3, 3, '2017-08-20', '2017-08-20'),
(302, 5, 3, '0.00', '2017-08-13', 3, 3, '2017-08-20', '2017-08-20'),
(303, 7, 3, '3000.00', '2017-08-13', 3, 3, '2017-08-20', '2017-08-20'),
(304, 8, 3, '0.00', '2017-08-13', 3, 3, '2017-08-20', '2017-08-20'),
(305, 10, 3, '0.00', '2017-08-13', 3, 3, '2017-08-20', '2017-08-20'),
(306, 9, 3, '0.00', '2017-08-13', 3, 3, '2017-08-20', '2017-08-20'),
(307, 11, 3, '0.00', '2017-08-13', 3, 3, '2017-08-20', '2017-08-20'),
(308, 4, 4, '0.00', '2017-08-13', 3, 3, '2017-08-20', '2017-08-20'),
(309, 2, 4, '0.00', '2017-08-13', 3, 3, '2017-08-20', '2017-08-20'),
(310, 3, 4, '0.00', '2017-08-13', 3, 3, '2017-08-20', '2017-08-20'),
(311, 1, 4, '0.00', '2017-08-13', 3, 3, '2017-08-20', '2017-08-20'),
(312, 6, 4, '0.00', '2017-08-13', 3, 3, '2017-08-20', '2017-08-20'),
(313, 5, 4, '150.00', '2017-08-13', 3, 3, '2017-08-20', '2017-08-20'),
(314, 7, 4, '0.00', '2017-08-13', 3, 3, '2017-08-20', '2017-08-20'),
(315, 8, 4, '0.00', '2017-08-13', 3, 3, '2017-08-20', '2017-08-20'),
(316, 10, 4, '0.00', '2017-08-13', 3, 3, '2017-08-20', '2017-08-20'),
(317, 9, 4, '0.00', '2017-08-13', 3, 3, '2017-08-20', '2017-08-20'),
(318, 11, 4, '0.00', '2017-08-13', 3, 3, '2017-08-20', '2017-08-20'),
(319, 4, 1, '0.00', '2017-08-14', 3, 3, '2017-08-30', '2017-08-30'),
(320, 2, 1, '0.00', '2017-08-14', 3, 3, '2017-08-30', '2017-08-30'),
(321, 3, 1, '0.00', '2017-08-14', 3, 3, '2017-08-30', '2017-08-30'),
(322, 1, 1, '0.00', '2017-08-14', 3, 3, '2017-08-30', '2017-08-30'),
(323, 6, 1, '0.00', '2017-08-14', 3, 3, '2017-08-30', '2017-08-30'),
(324, 5, 1, '240.00', '2017-08-14', 3, 3, '2017-08-30', '2017-08-30'),
(325, 7, 1, '0.00', '2017-08-14', 3, 3, '2017-08-30', '2017-08-30'),
(326, 8, 1, '100.00', '2017-08-14', 3, 3, '2017-08-30', '2017-08-30'),
(327, 10, 1, '0.00', '2017-08-14', 3, 3, '2017-08-30', '2017-08-30'),
(328, 9, 1, '2524.00', '2017-08-14', 3, 3, '2017-08-30', '2017-08-30'),
(329, 11, 1, '0.00', '2017-08-14', 3, 3, '2017-08-30', '2017-08-30'),
(330, 4, 2, '0.00', '2017-08-14', 3, 3, '2017-08-30', '2017-08-30'),
(331, 2, 2, '0.00', '2017-08-14', 3, 3, '2017-08-30', '2017-08-30'),
(332, 3, 2, '0.00', '2017-08-14', 3, 3, '2017-08-30', '2017-08-30'),
(333, 1, 2, '0.00', '2017-08-14', 3, 3, '2017-08-30', '2017-08-30'),
(334, 6, 2, '0.00', '2017-08-14', 3, 3, '2017-08-30', '2017-08-30'),
(335, 5, 2, '45.00', '2017-08-14', 3, 3, '2017-08-30', '2017-08-30'),
(336, 7, 2, '0.00', '2017-08-14', 3, 3, '2017-08-30', '2017-08-30'),
(337, 8, 2, '0.00', '2017-08-14', 3, 3, '2017-08-30', '2017-08-30'),
(338, 10, 2, '0.00', '2017-08-14', 3, 3, '2017-08-30', '2017-08-30'),
(339, 9, 2, '0.00', '2017-08-14', 3, 3, '2017-08-30', '2017-08-30'),
(340, 11, 2, '0.00', '2017-08-14', 3, 3, '2017-08-30', '2017-08-30'),
(341, 4, 4, '0.00', '2017-08-14', 3, 3, '2017-08-30', '2017-08-30'),
(342, 2, 4, '0.00', '2017-08-14', 3, 3, '2017-08-30', '2017-08-30'),
(343, 3, 4, '0.00', '2017-08-14', 3, 3, '2017-08-30', '2017-08-30'),
(344, 1, 4, '0.00', '2017-08-14', 3, 3, '2017-08-30', '2017-08-30'),
(345, 6, 4, '0.00', '2017-08-14', 3, 3, '2017-08-30', '2017-08-30'),
(346, 5, 4, '150.00', '2017-08-14', 3, 3, '2017-08-30', '2017-08-30'),
(347, 7, 4, '0.00', '2017-08-14', 3, 3, '2017-08-30', '2017-08-30'),
(348, 8, 4, '0.00', '2017-08-14', 3, 3, '2017-08-30', '2017-08-30'),
(349, 10, 4, '0.00', '2017-08-14', 3, 3, '2017-08-30', '2017-08-30'),
(350, 9, 4, '0.00', '2017-08-14', 3, 3, '2017-08-30', '2017-08-30'),
(351, 11, 4, '0.00', '2017-08-14', 3, 3, '2017-08-30', '2017-08-30'),
(352, 4, 5, '680.00', '2017-08-14', 3, 3, '2017-08-30', '2017-08-30'),
(353, 2, 5, '0.00', '2017-08-14', 3, 3, '2017-08-30', '2017-08-30'),
(354, 3, 5, '0.00', '2017-08-14', 3, 3, '2017-08-30', '2017-08-30'),
(355, 1, 5, '0.00', '2017-08-14', 3, 3, '2017-08-30', '2017-08-30'),
(356, 6, 5, '120.00', '2017-08-14', 3, 3, '2017-08-30', '2017-08-30'),
(357, 5, 5, '0.00', '2017-08-14', 3, 3, '2017-08-30', '2017-08-30'),
(358, 7, 5, '0.00', '2017-08-14', 3, 3, '2017-08-30', '2017-08-30'),
(359, 8, 5, '0.00', '2017-08-14', 3, 3, '2017-08-30', '2017-08-30'),
(360, 10, 5, '0.00', '2017-08-14', 3, 3, '2017-08-30', '2017-08-30'),
(361, 9, 5, '260.00', '2017-08-14', 3, 3, '2017-08-30', '2017-08-30'),
(362, 11, 5, '0.00', '2017-08-14', 3, 3, '2017-08-30', '2017-08-30'),
(363, 4, 1, '0.00', '2017-08-17', 3, 3, '2017-08-30', '2017-08-30'),
(364, 2, 1, '0.00', '2017-08-17', 3, 3, '2017-08-30', '2017-08-30'),
(365, 3, 1, '0.00', '2017-08-17', 3, 3, '2017-08-30', '2017-08-30'),
(366, 1, 1, '670.00', '2017-08-17', 3, 3, '2017-08-30', '2017-08-30'),
(367, 6, 1, '0.00', '2017-08-17', 3, 3, '2017-08-30', '2017-08-30'),
(368, 5, 1, '80.00', '2017-08-17', 3, 3, '2017-08-30', '2017-08-30'),
(369, 7, 1, '0.00', '2017-08-17', 3, 3, '2017-08-30', '2017-08-30'),
(370, 8, 1, '0.00', '2017-08-17', 3, 3, '2017-08-30', '2017-08-30'),
(371, 10, 1, '0.00', '2017-08-17', 3, 3, '2017-08-30', '2017-08-30'),
(372, 9, 1, '0.00', '2017-08-17', 3, 3, '2017-08-30', '2017-08-30'),
(373, 11, 1, '0.00', '2017-08-17', 3, 3, '2017-08-30', '2017-08-30'),
(374, 4, 4, '0.00', '2017-08-17', 3, 3, '2017-08-30', '2017-08-30'),
(375, 2, 4, '0.00', '2017-08-17', 3, 3, '2017-08-30', '2017-08-30'),
(376, 3, 4, '0.00', '2017-08-17', 3, 3, '2017-08-30', '2017-08-30'),
(377, 1, 4, '0.00', '2017-08-17', 3, 3, '2017-08-30', '2017-08-30'),
(378, 6, 4, '0.00', '2017-08-17', 3, 3, '2017-08-30', '2017-08-30'),
(379, 5, 4, '150.00', '2017-08-17', 3, 3, '2017-08-30', '2017-08-30'),
(380, 7, 4, '0.00', '2017-08-17', 3, 3, '2017-08-30', '2017-08-30'),
(381, 8, 4, '0.00', '2017-08-17', 3, 3, '2017-08-30', '2017-08-30'),
(382, 10, 4, '0.00', '2017-08-17', 3, 3, '2017-08-30', '2017-08-30'),
(383, 9, 4, '0.00', '2017-08-17', 3, 3, '2017-08-30', '2017-08-30'),
(384, 11, 4, '0.00', '2017-08-17', 3, 3, '2017-08-30', '2017-08-30'),
(385, 4, 1, '0.00', '2017-08-18', 3, 3, '2017-08-30', '2017-08-30'),
(386, 2, 1, '0.00', '2017-08-18', 3, 3, '2017-08-30', '2017-08-30'),
(387, 3, 1, '0.00', '2017-08-18', 3, 3, '2017-08-30', '2017-08-30'),
(388, 1, 1, '670.00', '2017-08-18', 3, 3, '2017-08-30', '2017-08-30'),
(389, 6, 1, '0.00', '2017-08-18', 3, 3, '2017-08-30', '2017-08-30'),
(390, 5, 1, '180.00', '2017-08-18', 3, 3, '2017-08-30', '2017-08-30'),
(391, 7, 1, '0.00', '2017-08-18', 3, 3, '2017-08-30', '2017-08-30'),
(392, 8, 1, '165.00', '2017-08-18', 3, 3, '2017-08-30', '2017-08-30'),
(393, 10, 1, '0.00', '2017-08-18', 3, 3, '2017-08-30', '2017-08-30'),
(394, 9, 1, '472.00', '2017-08-18', 3, 3, '2017-08-30', '2017-08-30'),
(395, 11, 1, '0.00', '2017-08-18', 3, 3, '2017-08-30', '2017-08-30'),
(396, 4, 3, '0.00', '2017-08-18', 3, 3, '2017-08-30', '2017-08-30'),
(397, 2, 3, '0.00', '2017-08-18', 3, 3, '2017-08-30', '2017-08-30'),
(398, 3, 3, '0.00', '2017-08-18', 3, 3, '2017-08-30', '2017-08-30'),
(399, 1, 3, '0.00', '2017-08-18', 3, 3, '2017-08-30', '2017-08-30'),
(400, 6, 3, '0.00', '2017-08-18', 3, 3, '2017-08-30', '2017-08-30'),
(401, 5, 3, '0.00', '2017-08-18', 3, 3, '2017-08-30', '2017-08-30'),
(402, 7, 3, '5000.00', '2017-08-18', 3, 3, '2017-08-30', '2017-08-30'),
(403, 8, 3, '0.00', '2017-08-18', 3, 3, '2017-08-30', '2017-08-30'),
(404, 10, 3, '0.00', '2017-08-18', 3, 3, '2017-08-30', '2017-08-30'),
(405, 9, 3, '0.00', '2017-08-18', 3, 3, '2017-08-30', '2017-08-30'),
(406, 11, 3, '0.00', '2017-08-18', 3, 3, '2017-08-30', '2017-08-30'),
(407, 4, 4, '0.00', '2017-08-18', 3, 3, '2017-08-30', '2017-08-30'),
(408, 2, 4, '0.00', '2017-08-18', 3, 3, '2017-08-30', '2017-08-30'),
(409, 3, 4, '0.00', '2017-08-18', 3, 3, '2017-08-30', '2017-08-30'),
(410, 1, 4, '0.00', '2017-08-18', 3, 3, '2017-08-30', '2017-08-30'),
(411, 6, 4, '0.00', '2017-08-18', 3, 3, '2017-08-30', '2017-08-30'),
(412, 5, 4, '1220.00', '2017-08-18', 3, 3, '2017-08-30', '2017-08-30'),
(413, 7, 4, '0.00', '2017-08-18', 3, 3, '2017-08-30', '2017-08-30'),
(414, 8, 4, '0.00', '2017-08-18', 3, 3, '2017-08-30', '2017-08-30'),
(415, 10, 4, '0.00', '2017-08-18', 3, 3, '2017-08-30', '2017-08-30'),
(416, 9, 4, '0.00', '2017-08-18', 3, 3, '2017-08-30', '2017-08-30'),
(417, 11, 4, '0.00', '2017-08-18', 3, 3, '2017-08-30', '2017-08-30'),
(418, 4, 5, '680.00', '2017-08-18', 3, 3, '2017-08-30', '2017-08-30'),
(419, 2, 5, '0.00', '2017-08-18', 3, 3, '2017-08-30', '2017-08-30'),
(420, 3, 5, '0.00', '2017-08-18', 3, 3, '2017-08-30', '2017-08-30'),
(421, 1, 5, '0.00', '2017-08-18', 3, 3, '2017-08-30', '2017-08-30'),
(422, 6, 5, '0.00', '2017-08-18', 3, 3, '2017-08-30', '2017-08-30'),
(423, 5, 5, '0.00', '2017-08-18', 3, 3, '2017-08-30', '2017-08-30'),
(424, 7, 5, '0.00', '2017-08-18', 3, 3, '2017-08-30', '2017-08-30'),
(425, 8, 5, '0.00', '2017-08-18', 3, 3, '2017-08-30', '2017-08-30'),
(426, 10, 5, '0.00', '2017-08-18', 3, 3, '2017-08-30', '2017-08-30'),
(427, 9, 5, '0.00', '2017-08-18', 3, 3, '2017-08-30', '2017-08-30'),
(428, 11, 5, '0.00', '2017-08-18', 3, 3, '2017-08-30', '2017-08-30'),
(429, 4, 1, '0.00', '2017-08-19', 3, 3, '2017-08-30', '2017-08-30'),
(430, 2, 1, '0.00', '2017-08-19', 3, 3, '2017-08-30', '2017-08-30'),
(431, 3, 1, '0.00', '2017-08-19', 3, 3, '2017-08-30', '2017-08-30'),
(432, 1, 1, '670.00', '2017-08-19', 3, 3, '2017-08-30', '2017-08-30'),
(433, 6, 1, '0.00', '2017-08-19', 3, 3, '2017-08-30', '2017-08-30'),
(434, 5, 1, '80.00', '2017-08-19', 3, 3, '2017-08-30', '2017-08-30'),
(435, 7, 1, '0.00', '2017-08-19', 3, 3, '2017-08-30', '2017-08-30'),
(436, 8, 1, '0.00', '2017-08-19', 3, 3, '2017-08-30', '2017-08-30'),
(437, 10, 1, '1007.00', '2017-08-19', 3, 3, '2017-08-30', '2017-08-30'),
(438, 9, 1, '1200.00', '2017-08-19', 3, 3, '2017-08-30', '2017-08-30'),
(439, 11, 1, '0.00', '2017-08-19', 3, 3, '2017-08-30', '2017-08-30'),
(440, 4, 4, '0.00', '2017-08-19', 3, 3, '2017-08-30', '2017-08-30'),
(441, 2, 4, '0.00', '2017-08-19', 3, 3, '2017-08-30', '2017-08-30'),
(442, 3, 4, '0.00', '2017-08-19', 3, 3, '2017-08-30', '2017-08-30'),
(443, 1, 4, '0.00', '2017-08-19', 3, 3, '2017-08-30', '2017-08-30'),
(444, 6, 4, '0.00', '2017-08-19', 3, 3, '2017-08-30', '2017-08-30'),
(445, 5, 4, '150.00', '2017-08-19', 3, 3, '2017-08-30', '2017-08-30'),
(446, 7, 4, '0.00', '2017-08-19', 3, 3, '2017-08-30', '2017-08-30'),
(447, 8, 4, '0.00', '2017-08-19', 3, 3, '2017-08-30', '2017-08-30'),
(448, 10, 4, '0.00', '2017-08-19', 3, 3, '2017-08-30', '2017-08-30'),
(449, 9, 4, '0.00', '2017-08-19', 3, 3, '2017-08-30', '2017-08-30'),
(450, 11, 4, '0.00', '2017-08-19', 3, 3, '2017-08-30', '2017-08-30'),
(451, 4, 1, '0.00', '2017-08-20', 3, 3, '2017-08-30', '2017-08-30'),
(452, 2, 1, '0.00', '2017-08-20', 3, 3, '2017-08-30', '2017-08-30'),
(453, 3, 1, '0.00', '2017-08-20', 3, 3, '2017-08-30', '2017-08-30'),
(454, 1, 1, '670.00', '2017-08-20', 3, 3, '2017-08-30', '2017-08-30'),
(455, 6, 1, '0.00', '2017-08-20', 3, 3, '2017-08-30', '2017-08-30'),
(456, 5, 1, '180.00', '2017-08-20', 3, 3, '2017-08-30', '2017-08-30'),
(457, 7, 1, '0.00', '2017-08-20', 3, 3, '2017-08-30', '2017-08-30'),
(458, 8, 1, '0.00', '2017-08-20', 3, 3, '2017-08-30', '2017-08-30'),
(459, 10, 1, '0.00', '2017-08-20', 3, 3, '2017-08-30', '2017-08-30'),
(460, 9, 1, '300.00', '2017-08-20', 3, 3, '2017-08-30', '2017-08-30'),
(461, 11, 1, '0.00', '2017-08-20', 3, 3, '2017-08-30', '2017-08-30'),
(462, 4, 2, '0.00', '2017-08-20', 3, 3, '2017-08-30', '2017-08-30'),
(463, 2, 2, '0.00', '2017-08-20', 3, 3, '2017-08-30', '2017-08-30'),
(464, 3, 2, '0.00', '2017-08-20', 3, 3, '2017-08-30', '2017-08-30'),
(465, 1, 2, '0.00', '2017-08-20', 3, 3, '2017-08-30', '2017-08-30'),
(466, 6, 2, '0.00', '2017-08-20', 3, 3, '2017-08-30', '2017-08-30'),
(467, 5, 2, '55.00', '2017-08-20', 3, 3, '2017-08-30', '2017-08-30'),
(468, 7, 2, '0.00', '2017-08-20', 3, 3, '2017-08-30', '2017-08-30'),
(469, 8, 2, '0.00', '2017-08-20', 3, 3, '2017-08-30', '2017-08-30'),
(470, 10, 2, '0.00', '2017-08-20', 3, 3, '2017-08-30', '2017-08-30'),
(471, 9, 2, '0.00', '2017-08-20', 3, 3, '2017-08-30', '2017-08-30'),
(472, 11, 2, '0.00', '2017-08-20', 3, 3, '2017-08-30', '2017-08-30'),
(473, 4, 3, '0.00', '2017-08-20', 3, 3, '2017-08-30', '2017-08-30'),
(474, 2, 3, '0.00', '2017-08-20', 3, 3, '2017-08-30', '2017-08-30'),
(475, 3, 3, '0.00', '2017-08-20', 3, 3, '2017-08-30', '2017-08-30'),
(476, 1, 3, '0.00', '2017-08-20', 3, 3, '2017-08-30', '2017-08-30'),
(477, 6, 3, '0.00', '2017-08-20', 3, 3, '2017-08-30', '2017-08-30'),
(478, 5, 3, '0.00', '2017-08-20', 3, 3, '2017-08-30', '2017-08-30'),
(479, 7, 3, '3000.00', '2017-08-20', 3, 3, '2017-08-30', '2017-08-30'),
(480, 8, 3, '0.00', '2017-08-20', 3, 3, '2017-08-30', '2017-08-30'),
(481, 10, 3, '0.00', '2017-08-20', 3, 3, '2017-08-30', '2017-08-30'),
(482, 9, 3, '0.00', '2017-08-20', 3, 3, '2017-08-30', '2017-08-30'),
(483, 11, 3, '0.00', '2017-08-20', 3, 3, '2017-08-30', '2017-08-30'),
(484, 4, 4, '0.00', '2017-08-20', 3, 3, '2017-08-30', '2017-08-30'),
(485, 2, 4, '0.00', '2017-08-20', 3, 3, '2017-08-30', '2017-08-30'),
(486, 3, 4, '0.00', '2017-08-20', 3, 3, '2017-08-30', '2017-08-30'),
(487, 1, 4, '0.00', '2017-08-20', 3, 3, '2017-08-30', '2017-08-30'),
(488, 6, 4, '0.00', '2017-08-20', 3, 3, '2017-08-30', '2017-08-30'),
(489, 5, 4, '150.00', '2017-08-20', 3, 3, '2017-08-30', '2017-08-30'),
(490, 7, 4, '0.00', '2017-08-20', 3, 3, '2017-08-30', '2017-08-30'),
(491, 8, 4, '0.00', '2017-08-20', 3, 3, '2017-08-30', '2017-08-30'),
(492, 10, 4, '0.00', '2017-08-20', 3, 3, '2017-08-30', '2017-08-30'),
(493, 9, 4, '0.00', '2017-08-20', 3, 3, '2017-08-30', '2017-08-30'),
(494, 11, 4, '0.00', '2017-08-20', 3, 3, '2017-08-30', '2017-08-30'),
(495, 4, 5, '0.00', '2017-08-20', 3, 3, '2017-08-30', '2017-08-30'),
(496, 2, 5, '0.00', '2017-08-20', 3, 3, '2017-08-30', '2017-08-30'),
(497, 3, 5, '0.00', '2017-08-20', 3, 3, '2017-08-30', '2017-08-30'),
(498, 1, 5, '0.00', '2017-08-20', 3, 3, '2017-08-30', '2017-08-30'),
(499, 6, 5, '0.00', '2017-08-20', 3, 3, '2017-08-30', '2017-08-30'),
(500, 5, 5, '0.00', '2017-08-20', 3, 3, '2017-08-30', '2017-08-30'),
(501, 7, 5, '0.00', '2017-08-20', 3, 3, '2017-08-30', '2017-08-30'),
(502, 8, 5, '80.00', '2017-08-20', 3, 3, '2017-08-30', '2017-08-30'),
(503, 10, 5, '0.00', '2017-08-20', 3, 3, '2017-08-30', '2017-08-30'),
(504, 9, 5, '13875.00', '2017-08-20', 3, 3, '2017-08-30', '2017-08-30'),
(505, 11, 5, '0.00', '2017-08-20', 3, 3, '2017-08-30', '2017-08-30'),
(506, 4, 1, '0.00', '2017-08-21', 3, 3, '2017-08-30', '2017-08-30'),
(507, 2, 1, '0.00', '2017-08-21', 3, 3, '2017-08-30', '2017-08-30'),
(508, 3, 1, '0.00', '2017-08-21', 3, 3, '2017-08-30', '2017-08-30'),
(509, 1, 1, '670.00', '2017-08-21', 3, 3, '2017-08-30', '2017-08-30'),
(510, 6, 1, '0.00', '2017-08-21', 3, 3, '2017-08-30', '2017-08-30'),
(511, 5, 1, '175.00', '2017-08-21', 3, 3, '2017-08-30', '2017-08-30'),
(512, 7, 1, '0.00', '2017-08-21', 3, 3, '2017-08-30', '2017-08-30'),
(513, 8, 1, '0.00', '2017-08-21', 3, 3, '2017-08-30', '2017-08-30'),
(514, 10, 1, '0.00', '2017-08-21', 3, 3, '2017-08-30', '2017-08-30'),
(515, 9, 1, '485.00', '2017-08-21', 3, 3, '2017-08-30', '2017-08-30'),
(516, 11, 1, '0.00', '2017-08-21', 3, 3, '2017-08-30', '2017-08-30'),
(517, 4, 2, '0.00', '2017-08-21', 3, 3, '2017-08-30', '2017-08-30'),
(518, 2, 2, '0.00', '2017-08-21', 3, 3, '2017-08-30', '2017-08-30'),
(519, 3, 2, '0.00', '2017-08-21', 3, 3, '2017-08-30', '2017-08-30'),
(520, 1, 2, '0.00', '2017-08-21', 3, 3, '2017-08-30', '2017-08-30'),
(521, 6, 2, '0.00', '2017-08-21', 3, 3, '2017-08-30', '2017-08-30'),
(522, 5, 2, '45.00', '2017-08-21', 3, 3, '2017-08-30', '2017-08-30'),
(523, 7, 2, '0.00', '2017-08-21', 3, 3, '2017-08-30', '2017-08-30'),
(524, 8, 2, '0.00', '2017-08-21', 3, 3, '2017-08-30', '2017-08-30'),
(525, 10, 2, '0.00', '2017-08-21', 3, 3, '2017-08-30', '2017-08-30'),
(526, 9, 2, '0.00', '2017-08-21', 3, 3, '2017-08-30', '2017-08-30'),
(527, 11, 2, '0.00', '2017-08-21', 3, 3, '2017-08-30', '2017-08-30'),
(528, 4, 4, '0.00', '2017-08-21', 3, 3, '2017-08-30', '2017-08-30'),
(529, 2, 4, '0.00', '2017-08-21', 3, 3, '2017-08-30', '2017-08-30'),
(530, 3, 4, '0.00', '2017-08-21', 3, 3, '2017-08-30', '2017-08-30'),
(531, 1, 4, '0.00', '2017-08-21', 3, 3, '2017-08-30', '2017-08-30'),
(532, 6, 4, '0.00', '2017-08-21', 3, 3, '2017-08-30', '2017-08-30'),
(533, 5, 4, '150.00', '2017-08-21', 3, 3, '2017-08-30', '2017-08-30'),
(534, 7, 4, '0.00', '2017-08-21', 3, 3, '2017-08-30', '2017-08-30'),
(535, 8, 4, '0.00', '2017-08-21', 3, 3, '2017-08-30', '2017-08-30'),
(536, 10, 4, '0.00', '2017-08-21', 3, 3, '2017-08-30', '2017-08-30'),
(537, 9, 4, '0.00', '2017-08-21', 3, 3, '2017-08-30', '2017-08-30'),
(538, 11, 4, '0.00', '2017-08-21', 3, 3, '2017-08-30', '2017-08-30'),
(539, 4, 5, '0.00', '2017-08-21', 3, 3, '2017-08-30', '2017-08-30'),
(540, 2, 5, '0.00', '2017-08-21', 3, 3, '2017-08-30', '2017-08-30'),
(541, 3, 5, '0.00', '2017-08-21', 3, 3, '2017-08-30', '2017-08-30'),
(542, 1, 5, '0.00', '2017-08-21', 3, 3, '2017-08-30', '2017-08-30'),
(543, 6, 5, '0.00', '2017-08-21', 3, 3, '2017-08-30', '2017-08-30'),
(544, 5, 5, '100.00', '2017-08-21', 3, 3, '2017-08-30', '2017-08-30'),
(545, 7, 5, '0.00', '2017-08-21', 3, 3, '2017-08-30', '2017-08-30'),
(546, 8, 5, '0.00', '2017-08-21', 3, 3, '2017-08-30', '2017-08-30'),
(547, 10, 5, '0.00', '2017-08-21', 3, 3, '2017-08-30', '2017-08-30'),
(548, 9, 5, '0.00', '2017-08-21', 3, 3, '2017-08-30', '2017-08-30'),
(549, 11, 5, '0.00', '2017-08-21', 3, 3, '2017-08-30', '2017-08-30'),
(550, 4, 1, '0.00', '2017-08-22', 3, 3, '2017-08-30', '2017-08-30'),
(551, 2, 1, '0.00', '2017-08-22', 3, 3, '2017-08-30', '2017-08-30'),
(552, 3, 1, '0.00', '2017-08-22', 3, 3, '2017-08-30', '2017-08-30'),
(553, 1, 1, '0.00', '2017-08-22', 3, 3, '2017-08-30', '2017-08-30'),
(554, 6, 1, '0.00', '2017-08-22', 3, 3, '2017-08-30', '2017-08-30'),
(555, 5, 1, '180.00', '2017-08-22', 3, 3, '2017-08-30', '2017-08-30'),
(556, 7, 1, '0.00', '2017-08-22', 3, 3, '2017-08-30', '2017-08-30'),
(557, 8, 1, '60.00', '2017-08-22', 3, 3, '2017-08-30', '2017-08-30'),
(558, 10, 1, '217.00', '2017-08-22', 3, 3, '2017-08-30', '2017-08-30'),
(559, 9, 1, '16739.00', '2017-08-22', 3, 3, '2017-08-30', '2017-08-30'),
(560, 11, 1, '0.00', '2017-08-22', 3, 3, '2017-08-30', '2017-08-30'),
(561, 4, 2, '0.00', '2017-08-22', 3, 3, '2017-08-30', '2017-08-30'),
(562, 2, 2, '0.00', '2017-08-22', 3, 3, '2017-08-30', '2017-08-30'),
(563, 3, 2, '0.00', '2017-08-22', 3, 3, '2017-08-30', '2017-08-30'),
(564, 1, 2, '0.00', '2017-08-22', 3, 3, '2017-08-30', '2017-08-30'),
(565, 6, 2, '0.00', '2017-08-22', 3, 3, '2017-08-30', '2017-08-30'),
(566, 5, 2, '30.00', '2017-08-22', 3, 3, '2017-08-30', '2017-08-30'),
(567, 7, 2, '0.00', '2017-08-22', 3, 3, '2017-08-30', '2017-08-30'),
(568, 8, 2, '240.00', '2017-08-22', 3, 3, '2017-08-30', '2017-08-30'),
(569, 10, 2, '0.00', '2017-08-22', 3, 3, '2017-08-30', '2017-08-30'),
(570, 9, 2, '3100.00', '2017-08-22', 3, 3, '2017-08-30', '2017-08-30'),
(571, 11, 2, '0.00', '2017-08-22', 3, 3, '2017-08-30', '2017-08-30'),
(572, 4, 3, '0.00', '2017-08-22', 3, 3, '2017-08-30', '2017-08-30'),
(573, 2, 3, '0.00', '2017-08-22', 3, 3, '2017-08-30', '2017-08-30'),
(574, 3, 3, '0.00', '2017-08-22', 3, 3, '2017-08-30', '2017-08-30'),
(575, 1, 3, '0.00', '2017-08-22', 3, 3, '2017-08-30', '2017-08-30'),
(576, 6, 3, '0.00', '2017-08-22', 3, 3, '2017-08-30', '2017-08-30'),
(577, 5, 3, '0.00', '2017-08-22', 3, 3, '2017-08-30', '2017-08-30'),
(578, 7, 3, '3000.00', '2017-08-22', 3, 3, '2017-08-30', '2017-08-30'),
(579, 8, 3, '0.00', '2017-08-22', 3, 3, '2017-08-30', '2017-08-30'),
(580, 10, 3, '0.00', '2017-08-22', 3, 3, '2017-08-30', '2017-08-30'),
(581, 9, 3, '0.00', '2017-08-22', 3, 3, '2017-08-30', '2017-08-30'),
(582, 11, 3, '0.00', '2017-08-22', 3, 3, '2017-08-30', '2017-08-30'),
(583, 4, 4, '0.00', '2017-08-22', 3, 3, '2017-08-30', '2017-08-30'),
(584, 2, 4, '0.00', '2017-08-22', 3, 3, '2017-08-30', '2017-08-30'),
(585, 3, 4, '0.00', '2017-08-22', 3, 3, '2017-08-30', '2017-08-30'),
(586, 1, 4, '0.00', '2017-08-22', 3, 3, '2017-08-30', '2017-08-30'),
(587, 6, 4, '0.00', '2017-08-22', 3, 3, '2017-08-30', '2017-08-30'),
(588, 5, 4, '150.00', '2017-08-22', 3, 3, '2017-08-30', '2017-08-30'),
(589, 7, 4, '0.00', '2017-08-22', 3, 3, '2017-08-30', '2017-08-30'),
(590, 8, 4, '0.00', '2017-08-22', 3, 3, '2017-08-30', '2017-08-30'),
(591, 10, 4, '0.00', '2017-08-22', 3, 3, '2017-08-30', '2017-08-30'),
(592, 9, 4, '0.00', '2017-08-22', 3, 3, '2017-08-30', '2017-08-30'),
(593, 11, 4, '0.00', '2017-08-22', 3, 3, '2017-08-30', '2017-08-30'),
(594, 4, 5, '0.00', '2017-08-23', 3, 3, '2017-08-30', '2017-08-30'),
(595, 2, 5, '0.00', '2017-08-23', 3, 3, '2017-08-30', '2017-08-30'),
(596, 3, 5, '0.00', '2017-08-23', 3, 3, '2017-08-30', '2017-08-30'),
(597, 1, 5, '0.00', '2017-08-23', 3, 3, '2017-08-30', '2017-08-30'),
(598, 6, 5, '0.00', '2017-08-23', 3, 3, '2017-08-30', '2017-08-30'),
(599, 5, 5, '175.00', '2017-08-23', 3, 3, '2017-08-30', '2017-08-30'),
(600, 7, 5, '0.00', '2017-08-23', 3, 3, '2017-08-30', '2017-08-30'),
(601, 8, 5, '0.00', '2017-08-23', 3, 3, '2017-08-30', '2017-08-30'),
(602, 10, 5, '0.00', '2017-08-23', 3, 3, '2017-08-30', '2017-08-30'),
(603, 9, 5, '0.00', '2017-08-23', 3, 3, '2017-08-30', '2017-08-30'),
(604, 11, 5, '0.00', '2017-08-23', 3, 3, '2017-08-30', '2017-08-30'),
(605, 4, 1, '0.00', '2017-08-23', 3, 3, '2017-08-30', '2017-08-30'),
(606, 2, 1, '0.00', '2017-08-23', 3, 3, '2017-08-30', '2017-08-30'),
(607, 3, 1, '0.00', '2017-08-23', 3, 3, '2017-08-30', '2017-08-30'),
(608, 1, 1, '670.00', '2017-08-23', 3, 3, '2017-08-30', '2017-08-30'),
(609, 6, 1, '0.00', '2017-08-23', 3, 3, '2017-08-30', '2017-08-30'),
(610, 5, 1, '90.00', '2017-08-23', 3, 3, '2017-08-30', '2017-08-30'),
(611, 7, 1, '0.00', '2017-08-23', 3, 3, '2017-08-30', '2017-08-30'),
(612, 8, 1, '80.00', '2017-08-23', 3, 3, '2017-08-30', '2017-08-30'),
(613, 10, 1, '0.00', '2017-08-23', 3, 3, '2017-08-30', '2017-08-30'),
(614, 9, 1, '235.00', '2017-08-23', 3, 3, '2017-08-30', '2017-08-30'),
(615, 11, 1, '0.00', '2017-08-23', 3, 3, '2017-08-30', '2017-08-30'),
(616, 4, 3, '0.00', '2017-08-23', 3, 3, '2017-08-30', '2017-08-30'),
(617, 2, 3, '0.00', '2017-08-23', 3, 3, '2017-08-30', '2017-08-30'),
(618, 3, 3, '0.00', '2017-08-23', 3, 3, '2017-08-30', '2017-08-30'),
(619, 1, 3, '0.00', '2017-08-23', 3, 3, '2017-08-30', '2017-08-30'),
(620, 6, 3, '0.00', '2017-08-23', 3, 3, '2017-08-30', '2017-08-30'),
(621, 5, 3, '0.00', '2017-08-23', 3, 3, '2017-08-30', '2017-08-30'),
(622, 7, 3, '3000.00', '2017-08-23', 3, 3, '2017-08-30', '2017-08-30'),
(623, 8, 3, '0.00', '2017-08-23', 3, 3, '2017-08-30', '2017-08-30'),
(624, 10, 3, '0.00', '2017-08-23', 3, 3, '2017-08-30', '2017-08-30'),
(625, 9, 3, '0.00', '2017-08-23', 3, 3, '2017-08-30', '2017-08-30'),
(626, 11, 3, '0.00', '2017-08-23', 3, 3, '2017-08-30', '2017-08-30'),
(627, 4, 4, '0.00', '2017-08-23', 3, 3, '2017-08-30', '2017-08-30'),
(628, 2, 4, '0.00', '2017-08-23', 3, 3, '2017-08-30', '2017-08-30'),
(629, 3, 4, '0.00', '2017-08-23', 3, 3, '2017-08-30', '2017-08-30'),
(630, 1, 4, '0.00', '2017-08-23', 3, 3, '2017-08-30', '2017-08-30'),
(631, 6, 4, '0.00', '2017-08-23', 3, 3, '2017-08-30', '2017-08-30'),
(632, 5, 4, '175.00', '2017-08-23', 3, 3, '2017-08-30', '2017-08-30'),
(633, 7, 4, '0.00', '2017-08-23', 3, 3, '2017-08-30', '2017-08-30'),
(634, 8, 4, '0.00', '2017-08-23', 3, 3, '2017-08-30', '2017-08-30'),
(635, 10, 4, '0.00', '2017-08-23', 3, 3, '2017-08-30', '2017-08-30'),
(636, 9, 4, '0.00', '2017-08-23', 3, 3, '2017-08-30', '2017-08-30'),
(637, 11, 4, '0.00', '2017-08-23', 3, 3, '2017-08-30', '2017-08-30'),
(638, 4, 1, '0.00', '2017-08-24', 3, 3, '2017-08-30', '2017-08-30'),
(639, 2, 1, '0.00', '2017-08-24', 3, 3, '2017-08-30', '2017-08-30'),
(640, 3, 1, '0.00', '2017-08-24', 3, 3, '2017-08-30', '2017-08-30'),
(641, 1, 1, '670.00', '2017-08-24', 3, 3, '2017-08-30', '2017-08-30'),
(642, 6, 1, '0.00', '2017-08-24', 3, 3, '2017-08-30', '2017-08-30'),
(643, 5, 1, '160.00', '2017-08-24', 3, 3, '2017-08-30', '2017-08-30'),
(644, 7, 1, '0.00', '2017-08-24', 3, 3, '2017-08-30', '2017-08-30'),
(645, 8, 1, '20.00', '2017-08-24', 3, 3, '2017-08-30', '2017-08-30'),
(646, 10, 1, '0.00', '2017-08-24', 3, 3, '2017-08-30', '2017-08-30'),
(647, 9, 1, '13382.00', '2017-08-24', 3, 3, '2017-08-30', '2017-08-30'),
(648, 11, 1, '0.00', '2017-08-24', 3, 3, '2017-08-30', '2017-08-30'),
(649, 4, 2, '0.00', '2017-08-24', 3, 3, '2017-08-30', '2017-08-30'),
(650, 2, 2, '0.00', '2017-08-24', 3, 3, '2017-08-30', '2017-08-30'),
(651, 3, 2, '0.00', '2017-08-24', 3, 3, '2017-08-30', '2017-08-30'),
(652, 1, 2, '0.00', '2017-08-24', 3, 3, '2017-08-30', '2017-08-30'),
(653, 6, 2, '0.00', '2017-08-24', 3, 3, '2017-08-30', '2017-08-30'),
(654, 5, 2, '0.00', '2017-08-24', 3, 3, '2017-08-30', '2017-08-30'),
(655, 7, 2, '0.00', '2017-08-24', 3, 3, '2017-08-30', '2017-08-30'),
(656, 8, 2, '0.00', '2017-08-24', 3, 3, '2017-08-30', '2017-08-30'),
(657, 10, 2, '0.00', '2017-08-24', 3, 3, '2017-08-30', '2017-08-30'),
(658, 9, 2, '195.00', '2017-08-24', 3, 3, '2017-08-30', '2017-08-30'),
(659, 11, 2, '0.00', '2017-08-24', 3, 3, '2017-08-30', '2017-08-30'),
(660, 4, 4, '0.00', '2017-08-24', 3, 3, '2017-08-30', '2017-08-30'),
(661, 2, 4, '0.00', '2017-08-24', 3, 3, '2017-08-30', '2017-08-30'),
(662, 3, 4, '0.00', '2017-08-24', 3, 3, '2017-08-30', '2017-08-30'),
(663, 1, 4, '0.00', '2017-08-24', 3, 3, '2017-08-30', '2017-08-30'),
(664, 6, 4, '0.00', '2017-08-24', 3, 3, '2017-08-30', '2017-08-30'),
(665, 5, 4, '150.00', '2017-08-24', 3, 3, '2017-08-30', '2017-08-30'),
(666, 7, 4, '0.00', '2017-08-24', 3, 3, '2017-08-30', '2017-08-30'),
(667, 8, 4, '0.00', '2017-08-24', 3, 3, '2017-08-30', '2017-08-30'),
(668, 10, 4, '0.00', '2017-08-24', 3, 3, '2017-08-30', '2017-08-30'),
(669, 9, 4, '0.00', '2017-08-24', 3, 3, '2017-08-30', '2017-08-30'),
(670, 11, 4, '0.00', '2017-08-24', 3, 3, '2017-08-30', '2017-08-30'),
(671, 4, 5, '0.00', '2017-08-24', 3, 3, '2017-08-30', '2017-08-30'),
(672, 2, 5, '0.00', '2017-08-24', 3, 3, '2017-08-30', '2017-08-30'),
(673, 3, 5, '0.00', '2017-08-24', 3, 3, '2017-08-30', '2017-08-30'),
(674, 1, 5, '1700.00', '2017-08-24', 3, 3, '2017-08-30', '2017-08-30'),
(675, 6, 5, '0.00', '2017-08-24', 3, 3, '2017-08-30', '2017-08-30'),
(676, 5, 5, '0.00', '2017-08-24', 3, 3, '2017-08-30', '2017-08-30'),
(677, 7, 5, '0.00', '2017-08-24', 3, 3, '2017-08-30', '2017-08-30'),
(678, 8, 5, '300.00', '2017-08-24', 3, 3, '2017-08-30', '2017-08-30'),
(679, 10, 5, '0.00', '2017-08-24', 3, 3, '2017-08-30', '2017-08-30'),
(680, 9, 5, '270.00', '2017-08-24', 3, 3, '2017-08-30', '2017-08-30'),
(681, 11, 5, '0.00', '2017-08-24', 3, 3, '2017-08-30', '2017-08-30'),
(682, 4, 1, '0.00', '2017-08-25', 3, 3, '2017-08-31', '2017-08-31'),
(683, 2, 1, '0.00', '2017-08-25', 3, 3, '2017-08-31', '2017-08-31'),
(684, 3, 1, '0.00', '2017-08-25', 3, 3, '2017-08-31', '2017-08-31'),
(685, 1, 1, '670.00', '2017-08-25', 3, 3, '2017-08-31', '2017-08-31'),
(686, 6, 1, '0.00', '2017-08-25', 3, 3, '2017-08-31', '2017-08-31'),
(687, 5, 1, '180.00', '2017-08-25', 3, 3, '2017-08-31', '2017-08-31'),
(688, 7, 1, '0.00', '2017-08-25', 3, 3, '2017-08-31', '2017-08-31'),
(689, 8, 1, '0.00', '2017-08-25', 3, 3, '2017-08-31', '2017-08-31'),
(690, 10, 1, '0.00', '2017-08-25', 3, 3, '2017-08-31', '2017-08-31'),
(691, 9, 1, '300.00', '2017-08-25', 3, 3, '2017-08-31', '2017-08-31'),
(692, 11, 1, '0.00', '2017-08-25', 3, 3, '2017-08-31', '2017-08-31'),
(693, 4, 2, '0.00', '2017-08-25', 3, 3, '2017-08-31', '2017-08-31'),
(694, 2, 2, '0.00', '2017-08-25', 3, 3, '2017-08-31', '2017-08-31'),
(695, 3, 2, '0.00', '2017-08-25', 3, 3, '2017-08-31', '2017-08-31'),
(696, 1, 2, '0.00', '2017-08-25', 3, 3, '2017-08-31', '2017-08-31'),
(697, 6, 2, '0.00', '2017-08-25', 3, 3, '2017-08-31', '2017-08-31'),
(698, 5, 2, '0.00', '2017-08-25', 3, 3, '2017-08-31', '2017-08-31'),
(699, 7, 2, '0.00', '2017-08-25', 3, 3, '2017-08-31', '2017-08-31'),
(700, 8, 2, '100.00', '2017-08-25', 3, 3, '2017-08-31', '2017-08-31'),
(701, 10, 2, '0.00', '2017-08-25', 3, 3, '2017-08-31', '2017-08-31'),
(702, 9, 2, '0.00', '2017-08-25', 3, 3, '2017-08-31', '2017-08-31'),
(703, 11, 2, '0.00', '2017-08-25', 3, 3, '2017-08-31', '2017-08-31'),
(704, 4, 3, '0.00', '2017-08-25', 3, 3, '2017-08-31', '2017-08-31'),
(705, 2, 3, '0.00', '2017-08-25', 3, 3, '2017-08-31', '2017-08-31'),
(706, 3, 3, '0.00', '2017-08-25', 3, 3, '2017-08-31', '2017-08-31'),
(707, 1, 3, '0.00', '2017-08-25', 3, 3, '2017-08-31', '2017-08-31'),
(708, 6, 3, '0.00', '2017-08-25', 3, 3, '2017-08-31', '2017-08-31'),
(709, 5, 3, '0.00', '2017-08-25', 3, 3, '2017-08-31', '2017-08-31'),
(710, 7, 3, '5000.00', '2017-08-25', 3, 3, '2017-08-31', '2017-08-31'),
(711, 8, 3, '0.00', '2017-08-25', 3, 3, '2017-08-31', '2017-08-31'),
(712, 10, 3, '0.00', '2017-08-25', 3, 3, '2017-08-31', '2017-08-31'),
(713, 9, 3, '0.00', '2017-08-25', 3, 3, '2017-08-31', '2017-08-31'),
(714, 11, 3, '0.00', '2017-08-25', 3, 3, '2017-08-31', '2017-08-31'),
(715, 4, 4, '0.00', '2017-08-25', 3, 3, '2017-08-31', '2017-08-31'),
(716, 2, 4, '0.00', '2017-08-25', 3, 3, '2017-08-31', '2017-08-31'),
(717, 3, 4, '0.00', '2017-08-25', 3, 3, '2017-08-31', '2017-08-31'),
(718, 1, 4, '0.00', '2017-08-25', 3, 3, '2017-08-31', '2017-08-31'),
(719, 6, 4, '0.00', '2017-08-25', 3, 3, '2017-08-31', '2017-08-31'),
(720, 5, 4, '150.00', '2017-08-25', 3, 3, '2017-08-31', '2017-08-31'),
(721, 7, 4, '0.00', '2017-08-25', 3, 3, '2017-08-31', '2017-08-31'),
(722, 8, 4, '0.00', '2017-08-25', 3, 3, '2017-08-31', '2017-08-31'),
(723, 10, 4, '0.00', '2017-08-25', 3, 3, '2017-08-31', '2017-08-31'),
(724, 9, 4, '0.00', '2017-08-25', 3, 3, '2017-08-31', '2017-08-31'),
(725, 11, 4, '0.00', '2017-08-25', 3, 3, '2017-08-31', '2017-08-31'),
(726, 4, 5, '0.00', '2017-08-25', 3, 3, '2017-08-31', '2017-08-31'),
(727, 2, 5, '0.00', '2017-08-25', 3, 3, '2017-08-31', '2017-08-31'),
(728, 3, 5, '0.00', '2017-08-25', 3, 3, '2017-08-31', '2017-08-31'),
(729, 1, 5, '0.00', '2017-08-25', 3, 3, '2017-08-31', '2017-08-31'),
(730, 6, 5, '0.00', '2017-08-25', 3, 3, '2017-08-31', '2017-08-31'),
(731, 5, 5, '0.00', '2017-08-25', 3, 3, '2017-08-31', '2017-08-31'),
(732, 7, 5, '0.00', '2017-08-25', 3, 3, '2017-08-31', '2017-08-31'),
(733, 8, 5, '0.00', '2017-08-25', 3, 3, '2017-08-31', '2017-08-31'),
(734, 10, 5, '0.00', '2017-08-25', 3, 3, '2017-08-31', '2017-08-31'),
(735, 9, 5, '940.00', '2017-08-25', 3, 3, '2017-08-31', '2017-08-31'),
(736, 11, 5, '0.00', '2017-08-25', 3, 3, '2017-08-31', '2017-08-31'),
(737, 4, 1, '0.00', '2017-08-26', 3, 3, '2017-08-31', '2017-08-31'),
(738, 2, 1, '0.00', '2017-08-26', 3, 3, '2017-08-31', '2017-08-31');
INSERT INTO `ut_mis_hospital_expenses` (`hospital_expense_row_id`, `expense_item_row_id`, `hospital_row_id`, `amount`, `report_at`, `created_by`, `updated_by`, `created_at`, `updated_at`) VALUES
(739, 3, 1, '0.00', '2017-08-26', 3, 3, '2017-08-31', '2017-08-31'),
(740, 1, 1, '0.00', '2017-08-26', 3, 3, '2017-08-31', '2017-08-31'),
(741, 6, 1, '0.00', '2017-08-26', 3, 3, '2017-08-31', '2017-08-31'),
(742, 5, 1, '160.00', '2017-08-26', 3, 3, '2017-08-31', '2017-08-31'),
(743, 7, 1, '0.00', '2017-08-26', 3, 3, '2017-08-31', '2017-08-31'),
(744, 8, 1, '20.00', '2017-08-26', 3, 3, '2017-08-31', '2017-08-31'),
(745, 10, 1, '775.00', '2017-08-26', 3, 3, '2017-08-31', '2017-08-31'),
(746, 9, 1, '1045.00', '2017-08-26', 3, 3, '2017-08-31', '2017-08-31'),
(747, 11, 1, '0.00', '2017-08-26', 3, 3, '2017-08-31', '2017-08-31'),
(748, 4, 2, '0.00', '2017-08-26', 3, 3, '2017-08-31', '2017-08-31'),
(749, 2, 2, '0.00', '2017-08-26', 3, 3, '2017-08-31', '2017-08-31'),
(750, 3, 2, '0.00', '2017-08-26', 3, 3, '2017-08-31', '2017-08-31'),
(751, 1, 2, '0.00', '2017-08-26', 3, 3, '2017-08-31', '2017-08-31'),
(752, 6, 2, '0.00', '2017-08-26', 3, 3, '2017-08-31', '2017-08-31'),
(753, 5, 2, '90.00', '2017-08-26', 3, 3, '2017-08-31', '2017-08-31'),
(754, 7, 2, '0.00', '2017-08-26', 3, 3, '2017-08-31', '2017-08-31'),
(755, 8, 2, '0.00', '2017-08-26', 3, 3, '2017-08-31', '2017-08-31'),
(756, 10, 2, '0.00', '2017-08-26', 3, 3, '2017-08-31', '2017-08-31'),
(757, 9, 2, '0.00', '2017-08-26', 3, 3, '2017-08-31', '2017-08-31'),
(758, 11, 2, '0.00', '2017-08-26', 3, 3, '2017-08-31', '2017-08-31'),
(759, 4, 4, '0.00', '2017-08-26', 3, 3, '2017-08-31', '2017-08-31'),
(760, 2, 4, '0.00', '2017-08-26', 3, 3, '2017-08-31', '2017-08-31'),
(761, 3, 4, '0.00', '2017-08-26', 3, 3, '2017-08-31', '2017-08-31'),
(762, 1, 4, '0.00', '2017-08-26', 3, 3, '2017-08-31', '2017-08-31'),
(763, 6, 4, '0.00', '2017-08-26', 3, 3, '2017-08-31', '2017-08-31'),
(764, 5, 4, '150.00', '2017-08-26', 3, 3, '2017-08-31', '2017-08-31'),
(765, 7, 4, '0.00', '2017-08-26', 3, 3, '2017-08-31', '2017-08-31'),
(766, 8, 4, '0.00', '2017-08-26', 3, 3, '2017-08-31', '2017-08-31'),
(767, 10, 4, '0.00', '2017-08-26', 3, 3, '2017-08-31', '2017-08-31'),
(768, 9, 4, '0.00', '2017-08-26', 3, 3, '2017-08-31', '2017-08-31'),
(769, 11, 4, '0.00', '2017-08-26', 3, 3, '2017-08-31', '2017-08-31'),
(770, 4, 5, '0.00', '2017-08-26', 3, 3, '2017-08-31', '2017-08-31'),
(771, 2, 5, '0.00', '2017-08-26', 3, 3, '2017-08-31', '2017-08-31'),
(772, 3, 5, '0.00', '2017-08-26', 3, 3, '2017-08-31', '2017-08-31'),
(773, 1, 5, '0.00', '2017-08-26', 3, 3, '2017-08-31', '2017-08-31'),
(774, 6, 5, '0.00', '2017-08-26', 3, 3, '2017-08-31', '2017-08-31'),
(775, 5, 5, '0.00', '2017-08-26', 3, 3, '2017-08-31', '2017-08-31'),
(776, 7, 5, '0.00', '2017-08-26', 3, 3, '2017-08-31', '2017-08-31'),
(777, 8, 5, '0.00', '2017-08-26', 3, 3, '2017-08-31', '2017-08-31'),
(778, 10, 5, '0.00', '2017-08-26', 3, 3, '2017-08-31', '2017-08-31'),
(779, 9, 5, '440.00', '2017-08-26', 3, 3, '2017-08-31', '2017-08-31'),
(780, 11, 5, '0.00', '2017-08-26', 3, 3, '2017-08-31', '2017-08-31'),
(781, 4, 1, '0.00', '2017-08-28', 3, 3, '2017-08-31', '2017-08-31'),
(782, 2, 1, '0.00', '2017-08-28', 3, 3, '2017-08-31', '2017-08-31'),
(783, 3, 1, '0.00', '2017-08-28', 3, 3, '2017-08-31', '2017-08-31'),
(784, 1, 1, '0.00', '2017-08-28', 3, 3, '2017-08-31', '2017-08-31'),
(785, 6, 1, '0.00', '2017-08-28', 3, 3, '2017-08-31', '2017-08-31'),
(786, 5, 1, '160.00', '2017-08-28', 3, 3, '2017-08-31', '2017-08-31'),
(787, 7, 1, '0.00', '2017-08-28', 3, 3, '2017-08-31', '2017-08-31'),
(788, 8, 1, '0.00', '2017-08-28', 3, 3, '2017-08-31', '2017-08-31'),
(789, 10, 1, '0.00', '2017-08-28', 3, 3, '2017-08-31', '2017-08-31'),
(790, 9, 1, '7350.00', '2017-08-28', 3, 3, '2017-08-31', '2017-08-31'),
(791, 11, 1, '0.00', '2017-08-28', 3, 3, '2017-08-31', '2017-08-31'),
(792, 4, 2, '0.00', '2017-08-28', 3, 3, '2017-08-31', '2017-08-31'),
(793, 2, 2, '0.00', '2017-08-28', 3, 3, '2017-08-31', '2017-08-31'),
(794, 3, 2, '0.00', '2017-08-28', 3, 3, '2017-08-31', '2017-08-31'),
(795, 1, 2, '0.00', '2017-08-28', 3, 3, '2017-08-31', '2017-08-31'),
(796, 6, 2, '0.00', '2017-08-28', 3, 3, '2017-08-31', '2017-08-31'),
(797, 5, 2, '130.00', '2017-08-28', 3, 3, '2017-08-31', '2017-08-31'),
(798, 7, 2, '0.00', '2017-08-28', 3, 3, '2017-08-31', '2017-08-31'),
(799, 8, 2, '0.00', '2017-08-28', 3, 3, '2017-08-31', '2017-08-31'),
(800, 10, 2, '0.00', '2017-08-28', 3, 3, '2017-08-31', '2017-08-31'),
(801, 9, 2, '110.00', '2017-08-28', 3, 3, '2017-08-31', '2017-08-31'),
(802, 11, 2, '0.00', '2017-08-28', 3, 3, '2017-08-31', '2017-08-31'),
(803, 4, 4, '0.00', '2017-08-28', 3, 3, '2017-08-31', '2017-08-31'),
(804, 2, 4, '0.00', '2017-08-28', 3, 3, '2017-08-31', '2017-08-31'),
(805, 3, 4, '0.00', '2017-08-28', 3, 3, '2017-08-31', '2017-08-31'),
(806, 1, 4, '0.00', '2017-08-28', 3, 3, '2017-08-31', '2017-08-31'),
(807, 6, 4, '0.00', '2017-08-28', 3, 3, '2017-08-31', '2017-08-31'),
(808, 5, 4, '150.00', '2017-08-28', 3, 3, '2017-08-31', '2017-08-31'),
(809, 7, 4, '0.00', '2017-08-28', 3, 3, '2017-08-31', '2017-08-31'),
(810, 8, 4, '0.00', '2017-08-28', 3, 3, '2017-08-31', '2017-08-31'),
(811, 10, 4, '0.00', '2017-08-28', 3, 3, '2017-08-31', '2017-08-31'),
(812, 9, 4, '0.00', '2017-08-28', 3, 3, '2017-08-31', '2017-08-31'),
(813, 11, 4, '0.00', '2017-08-28', 3, 3, '2017-08-31', '2017-08-31'),
(814, 4, 1, '0.00', '2017-08-29', 3, 3, '2017-08-31', '2017-08-31'),
(815, 2, 1, '0.00', '2017-08-29', 3, 3, '2017-08-31', '2017-08-31'),
(816, 3, 1, '0.00', '2017-08-29', 3, 3, '2017-08-31', '2017-08-31'),
(817, 1, 1, '0.00', '2017-08-29', 3, 3, '2017-08-31', '2017-08-31'),
(818, 6, 1, '27159.00', '2017-08-29', 3, 3, '2017-08-31', '2017-08-31'),
(819, 5, 1, '250.00', '2017-08-29', 3, 3, '2017-08-31', '2017-08-31'),
(820, 7, 1, '0.00', '2017-08-29', 3, 3, '2017-08-31', '2017-08-31'),
(821, 8, 1, '330.00', '2017-08-29', 3, 3, '2017-08-31', '2017-08-31'),
(822, 10, 1, '0.00', '2017-08-29', 3, 3, '2017-08-31', '2017-08-31'),
(823, 9, 1, '43587.00', '2017-08-29', 3, 3, '2017-08-31', '2017-08-31'),
(824, 11, 1, '0.00', '2017-08-29', 3, 3, '2017-08-31', '2017-08-31'),
(825, 4, 2, '0.00', '2017-08-29', 3, 3, '2017-08-31', '2017-08-31'),
(826, 2, 2, '0.00', '2017-08-29', 3, 3, '2017-08-31', '2017-08-31'),
(827, 3, 2, '0.00', '2017-08-29', 3, 3, '2017-08-31', '2017-08-31'),
(828, 1, 2, '0.00', '2017-08-29', 3, 3, '2017-08-31', '2017-08-31'),
(829, 6, 2, '0.00', '2017-08-29', 3, 3, '2017-08-31', '2017-08-31'),
(830, 5, 2, '30.00', '2017-08-29', 3, 3, '2017-08-31', '2017-08-31'),
(831, 7, 2, '0.00', '2017-08-29', 3, 3, '2017-08-31', '2017-08-31'),
(832, 8, 2, '0.00', '2017-08-29', 3, 3, '2017-08-31', '2017-08-31'),
(833, 10, 2, '0.00', '2017-08-29', 3, 3, '2017-08-31', '2017-08-31'),
(834, 9, 2, '0.00', '2017-08-29', 3, 3, '2017-08-31', '2017-08-31'),
(835, 11, 2, '0.00', '2017-08-29', 3, 3, '2017-08-31', '2017-08-31'),
(836, 4, 3, '0.00', '2017-08-29', 3, 3, '2017-08-31', '2017-08-31'),
(837, 2, 3, '0.00', '2017-08-29', 3, 3, '2017-08-31', '2017-08-31'),
(838, 3, 3, '0.00', '2017-08-29', 3, 3, '2017-08-31', '2017-08-31'),
(839, 1, 3, '0.00', '2017-08-29', 3, 3, '2017-08-31', '2017-08-31'),
(840, 6, 3, '0.00', '2017-08-29', 3, 3, '2017-08-31', '2017-08-31'),
(841, 5, 3, '0.00', '2017-08-29', 3, 3, '2017-08-31', '2017-08-31'),
(842, 7, 3, '3000.00', '2017-08-29', 3, 3, '2017-08-31', '2017-08-31'),
(843, 8, 3, '0.00', '2017-08-29', 3, 3, '2017-08-31', '2017-08-31'),
(844, 10, 3, '0.00', '2017-08-29', 3, 3, '2017-08-31', '2017-08-31'),
(845, 9, 3, '0.00', '2017-08-29', 3, 3, '2017-08-31', '2017-08-31'),
(846, 11, 3, '0.00', '2017-08-29', 3, 3, '2017-08-31', '2017-08-31'),
(847, 4, 4, '0.00', '2017-08-29', 3, 3, '2017-08-31', '2017-08-31'),
(848, 2, 4, '0.00', '2017-08-29', 3, 3, '2017-08-31', '2017-08-31'),
(849, 3, 4, '0.00', '2017-08-29', 3, 3, '2017-08-31', '2017-08-31'),
(850, 1, 4, '0.00', '2017-08-29', 3, 3, '2017-08-31', '2017-08-31'),
(851, 6, 4, '0.00', '2017-08-29', 3, 3, '2017-08-31', '2017-08-31'),
(852, 5, 4, '150.00', '2017-08-29', 3, 3, '2017-08-31', '2017-08-31'),
(853, 7, 4, '0.00', '2017-08-29', 3, 3, '2017-08-31', '2017-08-31'),
(854, 8, 4, '0.00', '2017-08-29', 3, 3, '2017-08-31', '2017-08-31'),
(855, 10, 4, '0.00', '2017-08-29', 3, 3, '2017-08-31', '2017-08-31'),
(856, 9, 4, '0.00', '2017-08-29', 3, 3, '2017-08-31', '2017-08-31'),
(857, 11, 4, '0.00', '2017-08-29', 3, 3, '2017-08-31', '2017-08-31'),
(858, 4, 5, '1020.00', '2017-08-29', 3, 3, '2017-08-31', '2017-08-31'),
(859, 2, 5, '0.00', '2017-08-29', 3, 3, '2017-08-31', '2017-08-31'),
(860, 3, 5, '0.00', '2017-08-29', 3, 3, '2017-08-31', '2017-08-31'),
(861, 1, 5, '0.00', '2017-08-29', 3, 3, '2017-08-31', '2017-08-31'),
(862, 6, 5, '0.00', '2017-08-29', 3, 3, '2017-08-31', '2017-08-31'),
(863, 5, 5, '0.00', '2017-08-29', 3, 3, '2017-08-31', '2017-08-31'),
(864, 7, 5, '0.00', '2017-08-29', 3, 3, '2017-08-31', '2017-08-31'),
(865, 8, 5, '500.00', '2017-08-29', 3, 3, '2017-08-31', '2017-08-31'),
(866, 10, 5, '0.00', '2017-08-29', 3, 3, '2017-08-31', '2017-08-31'),
(867, 9, 5, '0.00', '2017-08-29', 3, 3, '2017-08-31', '2017-08-31'),
(868, 11, 5, '0.00', '2017-08-29', 3, 3, '2017-08-31', '2017-08-31'),
(869, 4, 1, '0.00', '2017-08-31', 3, 3, '2017-09-05', '2017-09-05'),
(870, 2, 1, '0.00', '2017-08-31', 3, 3, '2017-09-05', '2017-09-05'),
(871, 3, 1, '0.00', '2017-08-31', 3, 3, '2017-09-05', '2017-09-05'),
(872, 1, 1, '0.00', '2017-08-31', 3, 3, '2017-09-05', '2017-09-05'),
(873, 6, 1, '0.00', '2017-08-31', 3, 3, '2017-09-05', '2017-09-05'),
(874, 5, 1, '165.00', '2017-08-31', 3, 3, '2017-09-05', '2017-09-05'),
(875, 7, 1, '0.00', '2017-08-31', 3, 3, '2017-09-05', '2017-09-05'),
(876, 8, 1, '0.00', '2017-08-31', 3, 3, '2017-09-05', '2017-09-05'),
(877, 10, 1, '0.00', '2017-08-31', 3, 3, '2017-09-05', '2017-09-05'),
(878, 9, 1, '3157.00', '2017-08-31', 3, 3, '2017-09-05', '2017-09-05'),
(879, 11, 1, '0.00', '2017-08-31', 3, 3, '2017-09-05', '2017-09-05'),
(880, 4, 2, '0.00', '2017-08-31', 3, 3, '2017-09-05', '2017-09-05'),
(881, 2, 2, '0.00', '2017-08-31', 3, 3, '2017-09-05', '2017-09-05'),
(882, 3, 2, '0.00', '2017-08-31', 3, 3, '2017-09-05', '2017-09-05'),
(883, 1, 2, '0.00', '2017-08-31', 3, 3, '2017-09-05', '2017-09-05'),
(884, 6, 2, '85.00', '2017-08-31', 3, 3, '2017-09-05', '2017-09-05'),
(885, 5, 2, '0.00', '2017-08-31', 3, 3, '2017-09-05', '2017-09-05'),
(886, 7, 2, '0.00', '2017-08-31', 3, 3, '2017-09-05', '2017-09-05'),
(887, 8, 2, '0.00', '2017-08-31', 3, 3, '2017-09-05', '2017-09-05'),
(888, 10, 2, '0.00', '2017-08-31', 3, 3, '2017-09-05', '2017-09-05'),
(889, 9, 2, '0.00', '2017-08-31', 3, 3, '2017-09-05', '2017-09-05'),
(890, 11, 2, '0.00', '2017-08-31', 3, 3, '2017-09-05', '2017-09-05'),
(891, 4, 4, '0.00', '2017-08-31', 3, 3, '2017-09-05', '2017-09-05'),
(892, 2, 4, '0.00', '2017-08-31', 3, 3, '2017-09-05', '2017-09-05'),
(893, 3, 4, '0.00', '2017-08-31', 3, 3, '2017-09-05', '2017-09-05'),
(894, 1, 4, '0.00', '2017-08-31', 3, 3, '2017-09-05', '2017-09-05'),
(895, 6, 4, '0.00', '2017-08-31', 3, 3, '2017-09-05', '2017-09-05'),
(896, 5, 4, '180.00', '2017-08-31', 3, 3, '2017-09-05', '2017-09-05'),
(897, 7, 4, '0.00', '2017-08-31', 3, 3, '2017-09-05', '2017-09-05'),
(898, 8, 4, '0.00', '2017-08-31', 3, 3, '2017-09-05', '2017-09-05'),
(899, 10, 4, '0.00', '2017-08-31', 3, 3, '2017-09-05', '2017-09-05'),
(900, 9, 4, '0.00', '2017-08-31', 3, 3, '2017-09-05', '2017-09-05'),
(901, 11, 4, '0.00', '2017-08-31', 3, 3, '2017-09-05', '2017-09-05'),
(902, 4, 5, '1020.00', '2017-08-31', 3, 3, '2017-09-05', '2017-09-05'),
(903, 2, 5, '0.00', '2017-08-31', 3, 3, '2017-09-05', '2017-09-05'),
(904, 3, 5, '0.00', '2017-08-31', 3, 3, '2017-09-05', '2017-09-05'),
(905, 1, 5, '0.00', '2017-08-31', 3, 3, '2017-09-05', '2017-09-05'),
(906, 6, 5, '0.00', '2017-08-31', 3, 3, '2017-09-05', '2017-09-05'),
(907, 5, 5, '0.00', '2017-08-31', 3, 3, '2017-09-05', '2017-09-05'),
(908, 7, 5, '0.00', '2017-08-31', 3, 3, '2017-09-05', '2017-09-05'),
(909, 8, 5, '0.00', '2017-08-31', 3, 3, '2017-09-05', '2017-09-05'),
(910, 10, 5, '0.00', '2017-08-31', 3, 3, '2017-09-05', '2017-09-05'),
(911, 9, 5, '600.00', '2017-08-31', 3, 3, '2017-09-05', '2017-09-05'),
(912, 11, 5, '0.00', '2017-08-31', 3, 3, '2017-09-05', '2017-09-05'),
(913, 4, 1, '0.00', '2017-08-27', 3, 3, '2017-09-07', '2017-09-07'),
(914, 2, 1, '0.00', '2017-08-27', 3, 3, '2017-09-07', '2017-09-07'),
(915, 3, 1, '0.00', '2017-08-27', 3, 3, '2017-09-07', '2017-09-07'),
(916, 1, 1, '0.00', '2017-08-27', 3, 3, '2017-09-07', '2017-09-07'),
(917, 6, 1, '0.00', '2017-08-27', 3, 3, '2017-09-07', '2017-09-07'),
(918, 5, 1, '160.00', '2017-08-27', 3, 3, '2017-09-07', '2017-09-07'),
(919, 7, 1, '0.00', '2017-08-27', 3, 3, '2017-09-07', '2017-09-07'),
(920, 8, 1, '0.00', '2017-08-27', 3, 3, '2017-09-07', '2017-09-07'),
(921, 10, 1, '0.00', '2017-08-27', 3, 3, '2017-09-07', '2017-09-07'),
(922, 9, 1, '80.00', '2017-08-27', 3, 3, '2017-09-07', '2017-09-07'),
(923, 11, 1, '0.00', '2017-08-27', 3, 3, '2017-09-07', '2017-09-07'),
(924, 4, 3, '0.00', '2017-08-27', 3, 3, '2017-09-07', '2017-09-07'),
(925, 2, 3, '0.00', '2017-08-27', 3, 3, '2017-09-07', '2017-09-07'),
(926, 3, 3, '0.00', '2017-08-27', 3, 3, '2017-09-07', '2017-09-07'),
(927, 1, 3, '0.00', '2017-08-27', 3, 3, '2017-09-07', '2017-09-07'),
(928, 6, 3, '0.00', '2017-08-27', 3, 3, '2017-09-07', '2017-09-07'),
(929, 5, 3, '0.00', '2017-08-27', 3, 3, '2017-09-07', '2017-09-07'),
(930, 7, 3, '3000.00', '2017-08-27', 3, 3, '2017-09-07', '2017-09-07'),
(931, 8, 3, '0.00', '2017-08-27', 3, 3, '2017-09-07', '2017-09-07'),
(932, 10, 3, '0.00', '2017-08-27', 3, 3, '2017-09-07', '2017-09-07'),
(933, 9, 3, '0.00', '2017-08-27', 3, 3, '2017-09-07', '2017-09-07'),
(934, 11, 3, '0.00', '2017-08-27', 3, 3, '2017-09-07', '2017-09-07'),
(935, 4, 4, '0.00', '2017-08-27', 3, 3, '2017-09-07', '2017-09-07'),
(936, 2, 4, '0.00', '2017-08-27', 3, 3, '2017-09-07', '2017-09-07'),
(937, 3, 4, '0.00', '2017-08-27', 3, 3, '2017-09-07', '2017-09-07'),
(938, 1, 4, '0.00', '2017-08-27', 3, 3, '2017-09-07', '2017-09-07'),
(939, 6, 4, '0.00', '2017-08-27', 3, 3, '2017-09-07', '2017-09-07'),
(940, 5, 4, '150.00', '2017-08-27', 3, 3, '2017-09-07', '2017-09-07'),
(941, 7, 4, '0.00', '2017-08-27', 3, 3, '2017-09-07', '2017-09-07'),
(942, 8, 4, '0.00', '2017-08-27', 3, 3, '2017-09-07', '2017-09-07'),
(943, 10, 4, '0.00', '2017-08-27', 3, 3, '2017-09-07', '2017-09-07'),
(944, 9, 4, '0.00', '2017-08-27', 3, 3, '2017-09-07', '2017-09-07'),
(945, 11, 4, '0.00', '2017-08-27', 3, 3, '2017-09-07', '2017-09-07');

-- --------------------------------------------------------

--
-- Table structure for table `ut_mis_hospital_free_medicines`
--

CREATE TABLE `ut_mis_hospital_free_medicines` (
  `hospital_free_medicine_row_id` int(11) NOT NULL,
  `free_medicine_item_row_id` int(11) NOT NULL,
  `hospital_row_id` int(11) NOT NULL,
  `amount` decimal(14,0) NOT NULL DEFAULT '0',
  `report_at` date NOT NULL,
  `created_by` int(11) NOT NULL,
  `updated_by` int(11) NOT NULL,
  `created_at` date NOT NULL,
  `updated_at` date NOT NULL
) ENGINE=InnoDB DEFAULT CHARSET=latin1;

--
-- Dumping data for table `ut_mis_hospital_free_medicines`
--

INSERT INTO `ut_mis_hospital_free_medicines` (`hospital_free_medicine_row_id`, `free_medicine_item_row_id`, `hospital_row_id`, `amount`, `report_at`, `created_by`, `updated_by`, `created_at`, `updated_at`) VALUES
(1, 1, 1, '57', '2017-07-06', 2, 2, '2017-07-06', '2017-07-06'),
(2, 2, 1, '7001', '2017-07-06', 2, 2, '2017-07-06', '2017-07-06'),
(3, 1, 5, '17', '2017-07-06', 2, 2, '2017-07-09', '2017-07-09'),
(4, 2, 5, '350', '2017-07-06', 2, 2, '2017-07-09', '2017-07-09'),
(5, 1, 4, '5', '2017-07-06', 2, 2, '2017-07-09', '2017-07-09'),
(6, 2, 4, '650', '2017-07-06', 2, 2, '2017-07-09', '2017-07-09'),
(7, 1, 2, '25', '2017-07-06', 2, 2, '2017-07-09', '2017-07-09'),
(8, 2, 2, '6500', '2017-07-06', 2, 2, '2017-07-09', '2017-07-09'),
(9, 1, 1, '37', '2017-08-01', 3, 3, '2017-08-05', '2017-08-05'),
(10, 2, 1, '5495', '2017-08-01', 3, 3, '2017-08-05', '2017-08-05'),
(11, 1, 1, '24', '2017-08-06', 3, 3, '2017-08-20', '2017-08-20'),
(12, 2, 1, '3137', '2017-08-06', 3, 3, '2017-08-20', '2017-08-20'),
(13, 1, 1, '1', '2017-08-12', 3, 3, '2017-08-20', '2017-08-20'),
(14, 2, 1, '1315', '2017-08-12', 3, 3, '2017-08-20', '2017-08-20'),
(15, 1, 1, '16', '2017-08-11', 3, 3, '2017-08-20', '2017-08-20'),
(16, 2, 1, '2610', '2017-08-11', 3, 3, '2017-08-20', '2017-08-20'),
(17, 1, 1, '24', '2017-08-10', 3, 3, '2017-08-20', '2017-08-20'),
(18, 2, 1, '3242', '2017-08-10', 3, 3, '2017-08-20', '2017-08-20'),
(19, 1, 1, '35', '2017-08-07', 3, 3, '2017-08-20', '2017-08-20'),
(20, 2, 1, '4612', '2017-08-07', 3, 3, '2017-08-20', '2017-08-20'),
(21, 1, 1, '23', '2017-08-13', 3, 3, '2017-08-20', '2017-08-20'),
(22, 2, 1, '3218', '2017-08-13', 3, 3, '2017-08-20', '2017-08-20'),
(23, 1, 1, '28', '2017-08-04', 3, 3, '2017-08-20', '2017-08-20'),
(24, 2, 1, '3659', '2017-08-04', 3, 3, '2017-08-20', '2017-08-20'),
(25, 1, 1, '22', '2017-08-05', 3, 3, '2017-08-20', '2017-08-20'),
(26, 2, 1, '4156', '2017-08-05', 3, 3, '2017-08-20', '2017-08-20'),
(27, 1, 1, '41', '2017-08-03', 3, 3, '2017-08-20', '2017-08-20'),
(28, 2, 1, '6193', '2017-08-03', 3, 3, '2017-08-20', '2017-08-20'),
(29, 1, 1, '25', '2017-08-14', 3, 3, '2017-08-30', '2017-08-30'),
(30, 2, 1, '3669', '2017-08-14', 3, 3, '2017-08-30', '2017-08-30'),
(31, 1, 1, '19', '2017-08-17', 3, 3, '2017-08-30', '2017-08-30'),
(32, 2, 1, '2916', '2017-08-17', 3, 3, '2017-08-30', '2017-08-30'),
(33, 1, 1, '18', '2017-08-18', 3, 3, '2017-08-30', '2017-08-30'),
(34, 2, 1, '2031', '2017-08-18', 3, 3, '2017-08-30', '2017-08-30'),
(35, 1, 1, '19', '2017-08-19', 3, 3, '2017-08-30', '2017-08-30'),
(36, 2, 1, '1985', '2017-08-19', 3, 3, '2017-08-30', '2017-08-30'),
(37, 1, 1, '34', '2017-08-20', 3, 3, '2017-08-30', '2017-08-30'),
(38, 2, 1, '4389', '2017-08-20', 3, 3, '2017-08-30', '2017-08-30'),
(39, 1, 1, '35', '2017-08-21', 3, 3, '2017-08-30', '2017-08-30'),
(40, 2, 1, '4656', '2017-08-21', 3, 3, '2017-08-30', '2017-08-30'),
(41, 1, 1, '38', '2017-08-22', 3, 3, '2017-08-30', '2017-08-30'),
(42, 2, 1, '4946', '2017-08-22', 3, 3, '2017-08-30', '2017-08-30'),
(43, 1, 1, '31', '2017-08-24', 3, 3, '2017-08-30', '2017-08-30'),
(44, 2, 1, '4024', '2017-08-24', 3, 3, '2017-08-30', '2017-08-30'),
(45, 1, 1, '16', '2017-08-25', 3, 3, '2017-08-31', '2017-08-31'),
(46, 2, 1, '2103', '2017-08-25', 3, 3, '2017-08-31', '2017-08-31'),
(47, 1, 1, '27', '2017-08-26', 3, 3, '2017-08-31', '2017-08-31'),
(48, 2, 1, '4361', '2017-08-26', 3, 3, '2017-08-31', '2017-08-31'),
(49, 1, 1, '31', '2017-08-28', 3, 3, '2017-08-31', '2017-08-31'),
(50, 2, 1, '4401', '2017-08-28', 3, 3, '2017-08-31', '2017-08-31'),
(51, 1, 1, '24', '2017-08-29', 3, 3, '2017-08-31', '2017-08-31'),
(52, 2, 1, '3265', '2017-08-29', 3, 3, '2017-08-31', '2017-08-31'),
(53, 1, 1, '6', '2017-08-31', 3, 3, '2017-09-05', '2017-09-05'),
(54, 2, 1, '1652', '2017-08-31', 3, 3, '2017-09-05', '2017-09-05'),
(55, 1, 1, '33', '2017-08-27', 3, 3, '2017-09-07', '2017-09-07'),
(56, 2, 1, '3709', '2017-08-27', 3, 3, '2017-09-07', '2017-09-07');

-- --------------------------------------------------------

--
-- Table structure for table `ut_mis_hospital_incomes`
--

CREATE TABLE `ut_mis_hospital_incomes` (
  `hospital_income_row_id` int(11) NOT NULL,
  `income_item_row_id` int(11) NOT NULL,
  `hospital_row_id` int(11) NOT NULL,
  `amount` decimal(14,2) NOT NULL DEFAULT '0.00',
  `report_at` date NOT NULL,
  `created_by` int(11) NOT NULL,
  `updated_by` int(11) NOT NULL,
  `created_at` date NOT NULL,
  `updated_at` date NOT NULL
) ENGINE=InnoDB DEFAULT CHARSET=latin1;

--
-- Dumping data for table `ut_mis_hospital_incomes`
--

INSERT INTO `ut_mis_hospital_incomes` (`hospital_income_row_id`, `income_item_row_id`, `hospital_row_id`, `amount`, `report_at`, `created_by`, `updated_by`, `created_at`, `updated_at`) VALUES
(1, 1, 1, '3240.00', '2017-07-01', 2, 2, '2017-07-05', '2017-07-05'),
(2, 2, 1, '90.00', '2017-07-01', 2, 2, '2017-07-05', '2017-07-05'),
(3, 3, 1, '2505.00', '2017-07-01', 2, 2, '2017-07-05', '2017-07-05'),
(4, 4, 1, '750.00', '2017-07-01', 2, 2, '2017-07-05', '2017-07-05'),
(5, 5, 1, '500.00', '2017-07-01', 2, 2, '2017-07-05', '2017-07-05'),
(6, 6, 1, '50.50', '2017-07-01', 2, 2, '2017-07-05', '2017-07-05'),
(7, 1, 5, '3240.00', '2017-07-01', 2, 2, '2017-07-05', '2017-07-05'),
(8, 2, 5, '90.00', '2017-07-01', 2, 2, '2017-07-05', '2017-07-05'),
(9, 3, 5, '2505.00', '2017-07-01', 2, 2, '2017-07-05', '2017-07-05'),
(10, 4, 5, '750.00', '2017-07-01', 2, 2, '2017-07-05', '2017-07-05'),
(11, 5, 5, '500.00', '2017-07-01', 2, 2, '2017-07-05', '2017-07-05'),
(12, 6, 5, '0.00', '2017-07-01', 2, 2, '2017-07-05', '2017-07-05'),
(13, 1, 4, '1440.00', '2017-07-01', 2, 2, '2017-07-05', '2017-07-05'),
(14, 2, 4, '210.00', '2017-07-01', 2, 2, '2017-07-05', '2017-07-05'),
(15, 3, 4, '2430.00', '2017-07-01', 2, 2, '2017-07-05', '2017-07-05'),
(16, 4, 4, '300.00', '2017-07-01', 2, 2, '2017-07-05', '2017-07-05'),
(17, 5, 4, '150.00', '2017-07-01', 2, 2, '2017-07-05', '2017-07-05'),
(18, 6, 4, '0.00', '2017-07-01', 2, 2, '2017-07-05', '2017-07-05'),
(25, 1, 3, '420.00', '2017-07-04', 2, 2, '2017-07-05', '2017-07-05'),
(26, 2, 3, '0.00', '2017-07-04', 2, 2, '2017-07-05', '2017-07-05'),
(27, 3, 3, '0.00', '2017-07-04', 2, 2, '2017-07-05', '2017-07-05'),
(28, 4, 3, '0.00', '2017-07-04', 2, 2, '2017-07-05', '2017-07-05'),
(29, 5, 3, '0.00', '2017-07-04', 2, 2, '2017-07-05', '2017-07-05'),
(30, 6, 3, '0.00', '2017-07-04', 2, 2, '2017-07-05', '2017-07-05'),
(31, 1, 1, '2920.00', '2017-08-01', 3, 3, '2017-08-05', '2017-08-05'),
(32, 2, 1, '480.00', '2017-08-01', 3, 3, '2017-08-05', '2017-08-05'),
(33, 3, 1, '3005.00', '2017-08-01', 3, 3, '2017-08-05', '2017-08-05'),
(34, 4, 1, '300.00', '2017-08-01', 3, 3, '2017-08-05', '2017-08-05'),
(35, 5, 1, '1250.00', '2017-08-01', 3, 3, '2017-08-05', '2017-08-05'),
(36, 6, 1, '0.00', '2017-08-01', 3, 3, '2017-08-05', '2017-08-05'),
(37, 7, 1, '0.00', '2017-08-01', 3, 3, '2017-08-05', '2017-08-05'),
(38, 8, 1, '0.00', '2017-08-01', 3, 3, '2017-08-05', '2017-08-05'),
(39, 1, 2, '490.00', '2017-08-01', 3, 3, '2017-08-05', '2017-08-05'),
(40, 2, 2, '0.00', '2017-08-01', 3, 3, '2017-08-05', '2017-08-05'),
(41, 3, 2, '0.00', '2017-08-01', 3, 3, '2017-08-05', '2017-08-05'),
(42, 4, 2, '0.00', '2017-08-01', 3, 3, '2017-08-05', '2017-08-05'),
(43, 5, 2, '0.00', '2017-08-01', 3, 3, '2017-08-05', '2017-08-05'),
(44, 6, 2, '0.00', '2017-08-01', 3, 3, '2017-08-05', '2017-08-05'),
(45, 7, 2, '0.00', '2017-08-01', 3, 3, '2017-08-05', '2017-08-05'),
(46, 8, 2, '0.00', '2017-08-01', 3, 3, '2017-08-05', '2017-08-05'),
(47, 1, 3, '840.00', '2017-08-01', 3, 3, '2017-08-05', '2017-08-05'),
(48, 2, 3, '0.00', '2017-08-01', 3, 3, '2017-08-05', '2017-08-05'),
(49, 3, 3, '0.00', '2017-08-01', 3, 3, '2017-08-05', '2017-08-05'),
(50, 4, 3, '0.00', '2017-08-01', 3, 3, '2017-08-05', '2017-08-05'),
(51, 5, 3, '0.00', '2017-08-01', 3, 3, '2017-08-05', '2017-08-05'),
(52, 6, 3, '0.00', '2017-08-01', 3, 3, '2017-08-05', '2017-08-05'),
(53, 7, 3, '0.00', '2017-08-01', 3, 3, '2017-08-05', '2017-08-05'),
(54, 8, 3, '0.00', '2017-08-01', 3, 3, '2017-08-05', '2017-08-05'),
(55, 1, 4, '1540.00', '2017-08-01', 3, 3, '2017-08-05', '2017-08-05'),
(56, 2, 4, '300.00', '2017-08-01', 3, 3, '2017-08-05', '2017-08-05'),
(57, 3, 4, '1480.00', '2017-08-01', 3, 3, '2017-08-05', '2017-08-05'),
(58, 4, 4, '300.00', '2017-08-01', 3, 3, '2017-08-05', '2017-08-05'),
(59, 5, 4, '0.00', '2017-08-01', 3, 3, '2017-08-05', '2017-08-05'),
(60, 6, 4, '0.00', '2017-08-01', 3, 3, '2017-08-05', '2017-08-05'),
(61, 7, 4, '0.00', '2017-08-01', 3, 3, '2017-08-05', '2017-08-05'),
(62, 8, 4, '0.00', '2017-08-01', 3, 3, '2017-08-05', '2017-08-05'),
(63, 1, 5, '1275.00', '2017-08-01', 3, 3, '2017-08-05', '2017-08-05'),
(64, 2, 5, '100.00', '2017-08-01', 3, 3, '2017-08-05', '2017-08-05'),
(65, 3, 5, '1340.00', '2017-08-01', 3, 3, '2017-08-05', '2017-08-05'),
(66, 4, 5, '300.00', '2017-08-01', 3, 3, '2017-08-05', '2017-08-05'),
(67, 5, 5, '0.00', '2017-08-01', 3, 3, '2017-08-05', '2017-08-05'),
(68, 6, 5, '0.00', '2017-08-01', 3, 3, '2017-08-05', '2017-08-05'),
(69, 7, 5, '450.00', '2017-08-01', 3, 3, '2017-08-05', '2017-08-05'),
(70, 8, 5, '300.00', '2017-08-01', 3, 3, '2017-08-05', '2017-08-05'),
(71, 1, 6, '60.00', '2017-08-01', 3, 3, '2017-08-05', '2017-08-05'),
(72, 2, 6, '0.00', '2017-08-01', 3, 3, '2017-08-05', '2017-08-05'),
(73, 3, 6, '0.00', '2017-08-01', 3, 3, '2017-08-05', '2017-08-05'),
(74, 4, 6, '0.00', '2017-08-01', 3, 3, '2017-08-05', '2017-08-05'),
(75, 5, 6, '0.00', '2017-08-01', 3, 3, '2017-08-05', '2017-08-05'),
(76, 6, 6, '0.00', '2017-08-01', 3, 3, '2017-08-05', '2017-08-05'),
(77, 7, 6, '0.00', '2017-08-01', 3, 3, '2017-08-05', '2017-08-05'),
(78, 8, 6, '0.00', '2017-08-01', 3, 3, '2017-08-05', '2017-08-05'),
(79, 1, 7, '35.00', '2017-08-01', 3, 3, '2017-08-05', '2017-08-05'),
(80, 2, 7, '0.00', '2017-08-01', 3, 3, '2017-08-05', '2017-08-05'),
(81, 3, 7, '0.00', '2017-08-01', 3, 3, '2017-08-05', '2017-08-05'),
(82, 4, 7, '0.00', '2017-08-01', 3, 3, '2017-08-05', '2017-08-05'),
(83, 5, 7, '0.00', '2017-08-01', 3, 3, '2017-08-05', '2017-08-05'),
(84, 6, 7, '0.00', '2017-08-01', 3, 3, '2017-08-05', '2017-08-05'),
(85, 7, 7, '0.00', '2017-08-01', 3, 3, '2017-08-05', '2017-08-05'),
(86, 8, 7, '0.00', '2017-08-01', 3, 3, '2017-08-05', '2017-08-05'),
(87, 1, 1, '3200.00', '2017-08-03', 3, 3, '2017-08-05', '2017-08-05'),
(88, 2, 1, '630.00', '2017-08-03', 3, 3, '2017-08-05', '2017-08-05'),
(89, 3, 1, '1992.00', '2017-08-03', 3, 3, '2017-08-05', '2017-08-05'),
(90, 4, 1, '900.00', '2017-08-03', 3, 3, '2017-08-05', '2017-08-05'),
(91, 5, 1, '850.00', '2017-08-03', 3, 3, '2017-08-05', '2017-08-05'),
(92, 6, 1, '0.00', '2017-08-03', 3, 3, '2017-08-05', '2017-08-05'),
(93, 7, 1, '0.00', '2017-08-03', 3, 3, '2017-08-05', '2017-08-05'),
(94, 8, 1, '0.00', '2017-08-03', 3, 3, '2017-08-05', '2017-08-05'),
(95, 1, 2, '270.00', '2017-08-03', 3, 3, '2017-08-05', '2017-08-05'),
(96, 2, 2, '0.00', '2017-08-03', 3, 3, '2017-08-05', '2017-08-05'),
(97, 3, 2, '0.00', '2017-08-03', 3, 3, '2017-08-05', '2017-08-05'),
(98, 4, 2, '0.00', '2017-08-03', 3, 3, '2017-08-05', '2017-08-05'),
(99, 5, 2, '0.00', '2017-08-03', 3, 3, '2017-08-05', '2017-08-05'),
(100, 6, 2, '0.00', '2017-08-03', 3, 3, '2017-08-05', '2017-08-05'),
(101, 7, 2, '0.00', '2017-08-03', 3, 3, '2017-08-05', '2017-08-05'),
(102, 8, 2, '0.00', '2017-08-03', 3, 3, '2017-08-05', '2017-08-05'),
(103, 1, 3, '240.00', '2017-08-03', 3, 3, '2017-08-05', '2017-08-05'),
(104, 2, 3, '0.00', '2017-08-03', 3, 3, '2017-08-05', '2017-08-05'),
(105, 3, 3, '0.00', '2017-08-03', 3, 3, '2017-08-05', '2017-08-05'),
(106, 4, 3, '0.00', '2017-08-03', 3, 3, '2017-08-05', '2017-08-05'),
(107, 5, 3, '0.00', '2017-08-03', 3, 3, '2017-08-05', '2017-08-05'),
(108, 6, 3, '0.00', '2017-08-03', 3, 3, '2017-08-05', '2017-08-05'),
(109, 7, 3, '0.00', '2017-08-03', 3, 3, '2017-08-05', '2017-08-05'),
(110, 8, 3, '0.00', '2017-08-03', 3, 3, '2017-08-05', '2017-08-05'),
(111, 1, 4, '1520.00', '2017-08-03', 3, 3, '2017-08-05', '2017-08-05'),
(112, 2, 4, '300.00', '2017-08-03', 3, 3, '2017-08-05', '2017-08-05'),
(113, 3, 4, '1170.00', '2017-08-03', 3, 3, '2017-08-05', '2017-08-05'),
(114, 4, 4, '300.00', '2017-08-03', 3, 3, '2017-08-05', '2017-08-05'),
(115, 5, 4, '0.00', '2017-08-03', 3, 3, '2017-08-05', '2017-08-05'),
(116, 6, 4, '0.00', '2017-08-03', 3, 3, '2017-08-05', '2017-08-05'),
(117, 7, 4, '0.00', '2017-08-03', 3, 3, '2017-08-05', '2017-08-05'),
(118, 8, 4, '0.00', '2017-08-03', 3, 3, '2017-08-05', '2017-08-05'),
(119, 1, 5, '2950.00', '2017-08-03', 3, 3, '2017-08-05', '2017-08-05'),
(120, 2, 5, '150.00', '2017-08-03', 3, 3, '2017-08-05', '2017-08-05'),
(121, 3, 5, '2720.00', '2017-08-03', 3, 3, '2017-08-05', '2017-08-05'),
(122, 4, 5, '2550.00', '2017-08-03', 3, 3, '2017-08-05', '2017-08-05'),
(123, 5, 5, '2100.00', '2017-08-03', 3, 3, '2017-08-05', '2017-08-05'),
(124, 6, 5, '0.00', '2017-08-03', 3, 3, '2017-08-05', '2017-08-05'),
(125, 7, 5, '600.00', '2017-08-03', 3, 3, '2017-08-05', '2017-08-05'),
(126, 8, 5, '2100.00', '2017-08-03', 3, 3, '2017-08-05', '2017-08-05'),
(127, 1, 6, '250.00', '2017-08-03', 3, 3, '2017-08-05', '2017-08-05'),
(128, 2, 6, '0.00', '2017-08-03', 3, 3, '2017-08-05', '2017-08-05'),
(129, 3, 6, '0.00', '2017-08-03', 3, 3, '2017-08-05', '2017-08-05'),
(130, 4, 6, '0.00', '2017-08-03', 3, 3, '2017-08-05', '2017-08-05'),
(131, 5, 6, '0.00', '2017-08-03', 3, 3, '2017-08-05', '2017-08-05'),
(132, 6, 6, '0.00', '2017-08-03', 3, 3, '2017-08-05', '2017-08-05'),
(133, 7, 6, '0.00', '2017-08-03', 3, 3, '2017-08-05', '2017-08-05'),
(134, 8, 6, '0.00', '2017-08-03', 3, 3, '2017-08-05', '2017-08-05'),
(135, 1, 1, '3520.00', '2017-08-04', 3, 3, '2017-08-09', '2017-08-09'),
(136, 2, 1, '0.00', '2017-08-04', 3, 3, '2017-08-09', '2017-08-09'),
(137, 3, 1, '1350.00', '2017-08-04', 3, 3, '2017-08-09', '2017-08-09'),
(138, 4, 1, '0.00', '2017-08-04', 3, 3, '2017-08-09', '2017-08-09'),
(139, 5, 1, '0.00', '2017-08-04', 3, 3, '2017-08-09', '2017-08-09'),
(140, 6, 1, '0.00', '2017-08-04', 3, 3, '2017-08-09', '2017-08-09'),
(141, 7, 1, '0.00', '2017-08-04', 3, 3, '2017-08-09', '2017-08-09'),
(142, 8, 1, '0.00', '2017-08-04', 3, 3, '2017-08-09', '2017-08-09'),
(143, 9, 1, '39500.00', '2017-08-04', 3, 3, '2017-08-09', '2017-08-09'),
(144, 10, 1, '7500.00', '2017-08-04', 3, 3, '2017-08-09', '2017-08-09'),
(145, 1, 2, '80.00', '2017-08-04', 3, 3, '2017-08-09', '2017-08-09'),
(146, 2, 2, '0.00', '2017-08-04', 3, 3, '2017-08-09', '2017-08-09'),
(147, 3, 2, '0.00', '2017-08-04', 3, 3, '2017-08-09', '2017-08-09'),
(148, 4, 2, '0.00', '2017-08-04', 3, 3, '2017-08-09', '2017-08-09'),
(149, 5, 2, '0.00', '2017-08-04', 3, 3, '2017-08-09', '2017-08-09'),
(150, 6, 2, '0.00', '2017-08-04', 3, 3, '2017-08-09', '2017-08-09'),
(151, 7, 2, '0.00', '2017-08-04', 3, 3, '2017-08-09', '2017-08-09'),
(152, 8, 2, '0.00', '2017-08-04', 3, 3, '2017-08-09', '2017-08-09'),
(153, 9, 2, '0.00', '2017-08-04', 3, 3, '2017-08-09', '2017-08-09'),
(154, 10, 2, '0.00', '2017-08-04', 3, 3, '2017-08-09', '2017-08-09'),
(155, 1, 3, '1560.00', '2017-08-04', 3, 3, '2017-08-09', '2017-08-09'),
(156, 2, 3, '0.00', '2017-08-04', 3, 3, '2017-08-09', '2017-08-09'),
(157, 3, 3, '0.00', '2017-08-04', 3, 3, '2017-08-09', '2017-08-09'),
(158, 4, 3, '0.00', '2017-08-04', 3, 3, '2017-08-09', '2017-08-09'),
(159, 5, 3, '0.00', '2017-08-04', 3, 3, '2017-08-09', '2017-08-09'),
(160, 6, 3, '0.00', '2017-08-04', 3, 3, '2017-08-09', '2017-08-09'),
(161, 7, 3, '0.00', '2017-08-04', 3, 3, '2017-08-09', '2017-08-09'),
(162, 8, 3, '0.00', '2017-08-04', 3, 3, '2017-08-09', '2017-08-09'),
(163, 9, 3, '0.00', '2017-08-04', 3, 3, '2017-08-09', '2017-08-09'),
(164, 10, 3, '0.00', '2017-08-04', 3, 3, '2017-08-09', '2017-08-09'),
(165, 1, 4, '1680.00', '2017-08-04', 3, 3, '2017-08-09', '2017-08-09'),
(166, 2, 4, '450.00', '2017-08-04', 3, 3, '2017-08-09', '2017-08-09'),
(167, 3, 4, '100.00', '2017-08-04', 3, 3, '2017-08-09', '2017-08-09'),
(168, 4, 4, '300.00', '2017-08-04', 3, 3, '2017-08-09', '2017-08-09'),
(169, 5, 4, '0.00', '2017-08-04', 3, 3, '2017-08-09', '2017-08-09'),
(170, 6, 4, '0.00', '2017-08-04', 3, 3, '2017-08-09', '2017-08-09'),
(171, 7, 4, '0.00', '2017-08-04', 3, 3, '2017-08-09', '2017-08-09'),
(172, 8, 4, '0.00', '2017-08-04', 3, 3, '2017-08-09', '2017-08-09'),
(173, 9, 4, '0.00', '2017-08-04', 3, 3, '2017-08-09', '2017-08-09'),
(174, 10, 4, '0.00', '2017-08-04', 3, 3, '2017-08-09', '2017-08-09'),
(175, 1, 5, '2800.00', '2017-08-04', 3, 3, '2017-08-09', '2017-08-09'),
(176, 2, 5, '150.00', '2017-08-04', 3, 3, '2017-08-09', '2017-08-09'),
(177, 3, 5, '1000.00', '2017-08-04', 3, 3, '2017-08-09', '2017-08-09'),
(178, 4, 5, '150.00', '2017-08-04', 3, 3, '2017-08-09', '2017-08-09'),
(179, 5, 5, '900.00', '2017-08-04', 3, 3, '2017-08-09', '2017-08-09'),
(180, 6, 5, '0.00', '2017-08-04', 3, 3, '2017-08-09', '2017-08-09'),
(181, 7, 5, '900.00', '2017-08-04', 3, 3, '2017-08-09', '2017-08-09'),
(182, 8, 5, '600.00', '2017-08-04', 3, 3, '2017-08-09', '2017-08-09'),
(183, 9, 5, '0.00', '2017-08-04', 3, 3, '2017-08-09', '2017-08-09'),
(184, 10, 5, '0.00', '2017-08-04', 3, 3, '2017-08-09', '2017-08-09'),
(185, 1, 1, '2020.00', '2017-08-05', 3, 3, '2017-08-16', '2017-08-16'),
(186, 2, 1, '240.00', '2017-08-05', 3, 3, '2017-08-16', '2017-08-16'),
(187, 3, 1, '925.00', '2017-08-05', 3, 3, '2017-08-16', '2017-08-16'),
(188, 4, 1, '1200.00', '2017-08-05', 3, 3, '2017-08-16', '2017-08-16'),
(189, 5, 1, '0.00', '2017-08-05', 3, 3, '2017-08-16', '2017-08-16'),
(190, 6, 1, '0.00', '2017-08-05', 3, 3, '2017-08-16', '2017-08-16'),
(191, 7, 1, '0.00', '2017-08-05', 3, 3, '2017-08-16', '2017-08-16'),
(192, 8, 1, '0.00', '2017-08-05', 3, 3, '2017-08-16', '2017-08-16'),
(193, 9, 1, '0.00', '2017-08-05', 3, 3, '2017-08-16', '2017-08-16'),
(194, 10, 1, '0.00', '2017-08-05', 3, 3, '2017-08-16', '2017-08-16'),
(195, 1, 2, '460.00', '2017-08-05', 3, 3, '2017-08-16', '2017-08-16'),
(196, 2, 2, '0.00', '2017-08-05', 3, 3, '2017-08-16', '2017-08-16'),
(197, 3, 2, '0.00', '2017-08-05', 3, 3, '2017-08-16', '2017-08-16'),
(198, 4, 2, '0.00', '2017-08-05', 3, 3, '2017-08-16', '2017-08-16'),
(199, 5, 2, '0.00', '2017-08-05', 3, 3, '2017-08-16', '2017-08-16'),
(200, 6, 2, '0.00', '2017-08-05', 3, 3, '2017-08-16', '2017-08-16'),
(201, 7, 2, '0.00', '2017-08-05', 3, 3, '2017-08-16', '2017-08-16'),
(202, 8, 2, '0.00', '2017-08-05', 3, 3, '2017-08-16', '2017-08-16'),
(203, 9, 2, '0.00', '2017-08-05', 3, 3, '2017-08-16', '2017-08-16'),
(204, 10, 2, '0.00', '2017-08-05', 3, 3, '2017-08-16', '2017-08-16'),
(205, 1, 3, '20.00', '2017-08-05', 3, 3, '2017-08-16', '2017-08-16'),
(206, 2, 3, '0.00', '2017-08-05', 3, 3, '2017-08-16', '2017-08-16'),
(207, 3, 3, '0.00', '2017-08-05', 3, 3, '2017-08-16', '2017-08-16'),
(208, 4, 3, '0.00', '2017-08-05', 3, 3, '2017-08-16', '2017-08-16'),
(209, 5, 3, '0.00', '2017-08-05', 3, 3, '2017-08-16', '2017-08-16'),
(210, 6, 3, '0.00', '2017-08-05', 3, 3, '2017-08-16', '2017-08-16'),
(211, 7, 3, '0.00', '2017-08-05', 3, 3, '2017-08-16', '2017-08-16'),
(212, 8, 3, '0.00', '2017-08-05', 3, 3, '2017-08-16', '2017-08-16'),
(213, 9, 3, '0.00', '2017-08-05', 3, 3, '2017-08-16', '2017-08-16'),
(214, 10, 3, '0.00', '2017-08-05', 3, 3, '2017-08-16', '2017-08-16'),
(215, 1, 4, '1320.00', '2017-08-05', 3, 3, '2017-08-16', '2017-08-16'),
(216, 2, 4, '240.00', '2017-08-05', 3, 3, '2017-08-16', '2017-08-16'),
(217, 3, 4, '640.00', '2017-08-05', 3, 3, '2017-08-16', '2017-08-16'),
(218, 4, 4, '450.00', '2017-08-05', 3, 3, '2017-08-16', '2017-08-16'),
(219, 5, 4, '0.00', '2017-08-05', 3, 3, '2017-08-16', '2017-08-16'),
(220, 6, 4, '0.00', '2017-08-05', 3, 3, '2017-08-16', '2017-08-16'),
(221, 7, 4, '0.00', '2017-08-05', 3, 3, '2017-08-16', '2017-08-16'),
(222, 8, 4, '0.00', '2017-08-05', 3, 3, '2017-08-16', '2017-08-16'),
(223, 9, 4, '0.00', '2017-08-05', 3, 3, '2017-08-16', '2017-08-16'),
(224, 10, 4, '0.00', '2017-08-05', 3, 3, '2017-08-16', '2017-08-16'),
(225, 1, 5, '2625.00', '2017-08-05', 3, 3, '2017-08-16', '2017-08-16'),
(226, 2, 5, '125.00', '2017-08-05', 3, 3, '2017-08-16', '2017-08-16'),
(227, 3, 5, '2150.00', '2017-08-05', 3, 3, '2017-08-16', '2017-08-16'),
(228, 4, 5, '600.00', '2017-08-05', 3, 3, '2017-08-16', '2017-08-16'),
(229, 5, 5, '0.00', '2017-08-05', 3, 3, '2017-08-16', '2017-08-16'),
(230, 6, 5, '0.00', '2017-08-05', 3, 3, '2017-08-16', '2017-08-16'),
(231, 7, 5, '300.00', '2017-08-05', 3, 3, '2017-08-16', '2017-08-16'),
(232, 8, 5, '1800.00', '2017-08-05', 3, 3, '2017-08-16', '2017-08-16'),
(233, 9, 5, '0.00', '2017-08-05', 3, 3, '2017-08-16', '2017-08-16'),
(234, 10, 5, '0.00', '2017-08-05', 3, 3, '2017-08-16', '2017-08-16'),
(235, 1, 6, '55.00', '2017-08-05', 3, 3, '2017-08-16', '2017-08-16'),
(236, 2, 6, '0.00', '2017-08-05', 3, 3, '2017-08-16', '2017-08-16'),
(237, 3, 6, '0.00', '2017-08-05', 3, 3, '2017-08-16', '2017-08-16'),
(238, 4, 6, '0.00', '2017-08-05', 3, 3, '2017-08-16', '2017-08-16'),
(239, 5, 6, '0.00', '2017-08-05', 3, 3, '2017-08-16', '2017-08-16'),
(240, 6, 6, '0.00', '2017-08-05', 3, 3, '2017-08-16', '2017-08-16'),
(241, 7, 6, '0.00', '2017-08-05', 3, 3, '2017-08-16', '2017-08-16'),
(242, 8, 6, '0.00', '2017-08-05', 3, 3, '2017-08-16', '2017-08-16'),
(243, 9, 6, '0.00', '2017-08-05', 3, 3, '2017-08-16', '2017-08-16'),
(244, 10, 6, '0.00', '2017-08-05', 3, 3, '2017-08-16', '2017-08-16'),
(245, 1, 7, '55.00', '2017-08-05', 3, 3, '2017-08-16', '2017-08-16'),
(246, 2, 7, '0.00', '2017-08-05', 3, 3, '2017-08-16', '2017-08-16'),
(247, 3, 7, '0.00', '2017-08-05', 3, 3, '2017-08-16', '2017-08-16'),
(248, 4, 7, '0.00', '2017-08-05', 3, 3, '2017-08-16', '2017-08-16'),
(249, 5, 7, '0.00', '2017-08-05', 3, 3, '2017-08-16', '2017-08-16'),
(250, 6, 7, '0.00', '2017-08-05', 3, 3, '2017-08-16', '2017-08-16'),
(251, 7, 7, '0.00', '2017-08-05', 3, 3, '2017-08-16', '2017-08-16'),
(252, 8, 7, '0.00', '2017-08-05', 3, 3, '2017-08-16', '2017-08-16'),
(253, 9, 7, '0.00', '2017-08-05', 3, 3, '2017-08-16', '2017-08-16'),
(254, 10, 7, '0.00', '2017-08-05', 3, 3, '2017-08-16', '2017-08-16'),
(255, 1, 1, '4040.00', '2017-08-06', 3, 3, '2017-08-16', '2017-08-16'),
(256, 2, 1, '420.00', '2017-08-06', 3, 3, '2017-08-16', '2017-08-16'),
(257, 3, 1, '2755.00', '2017-08-06', 3, 3, '2017-08-16', '2017-08-16'),
(258, 4, 1, '900.00', '2017-08-06', 3, 3, '2017-08-16', '2017-08-16'),
(259, 5, 1, '2550.00', '2017-08-06', 3, 3, '2017-08-16', '2017-08-16'),
(260, 6, 1, '0.00', '2017-08-06', 3, 3, '2017-08-16', '2017-08-16'),
(261, 7, 1, '0.00', '2017-08-06', 3, 3, '2017-08-16', '2017-08-16'),
(262, 8, 1, '0.00', '2017-08-06', 3, 3, '2017-08-16', '2017-08-16'),
(263, 9, 1, '0.00', '2017-08-06', 3, 3, '2017-08-16', '2017-08-16'),
(264, 10, 1, '0.00', '2017-08-06', 3, 3, '2017-08-16', '2017-08-16'),
(265, 1, 2, '240.00', '2017-08-06', 3, 3, '2017-08-16', '2017-08-16'),
(266, 2, 2, '0.00', '2017-08-06', 3, 3, '2017-08-16', '2017-08-16'),
(267, 3, 2, '0.00', '2017-08-06', 3, 3, '2017-08-16', '2017-08-16'),
(268, 4, 2, '0.00', '2017-08-06', 3, 3, '2017-08-16', '2017-08-16'),
(269, 5, 2, '0.00', '2017-08-06', 3, 3, '2017-08-16', '2017-08-16'),
(270, 6, 2, '0.00', '2017-08-06', 3, 3, '2017-08-16', '2017-08-16'),
(271, 7, 2, '0.00', '2017-08-06', 3, 3, '2017-08-16', '2017-08-16'),
(272, 8, 2, '0.00', '2017-08-06', 3, 3, '2017-08-16', '2017-08-16'),
(273, 9, 2, '0.00', '2017-08-06', 3, 3, '2017-08-16', '2017-08-16'),
(274, 10, 2, '0.00', '2017-08-06', 3, 3, '2017-08-16', '2017-08-16'),
(275, 1, 3, '260.00', '2017-08-06', 3, 3, '2017-08-16', '2017-08-16'),
(276, 2, 3, '0.00', '2017-08-06', 3, 3, '2017-08-16', '2017-08-16'),
(277, 3, 3, '0.00', '2017-08-06', 3, 3, '2017-08-16', '2017-08-16'),
(278, 4, 3, '0.00', '2017-08-06', 3, 3, '2017-08-16', '2017-08-16'),
(279, 5, 3, '0.00', '2017-08-06', 3, 3, '2017-08-16', '2017-08-16'),
(280, 6, 3, '0.00', '2017-08-06', 3, 3, '2017-08-16', '2017-08-16'),
(281, 7, 3, '0.00', '2017-08-06', 3, 3, '2017-08-16', '2017-08-16'),
(282, 8, 3, '0.00', '2017-08-06', 3, 3, '2017-08-16', '2017-08-16'),
(283, 9, 3, '0.00', '2017-08-06', 3, 3, '2017-08-16', '2017-08-16'),
(284, 10, 3, '0.00', '2017-08-06', 3, 3, '2017-08-16', '2017-08-16'),
(285, 1, 4, '1320.00', '2017-08-06', 3, 3, '2017-08-16', '2017-08-16'),
(286, 2, 4, '270.00', '2017-08-06', 3, 3, '2017-08-16', '2017-08-16'),
(287, 3, 4, '1760.00', '2017-08-06', 3, 3, '2017-08-16', '2017-08-16'),
(288, 4, 4, '150.00', '2017-08-06', 3, 3, '2017-08-16', '2017-08-16'),
(289, 5, 4, '600.00', '2017-08-06', 3, 3, '2017-08-16', '2017-08-16'),
(290, 6, 4, '0.00', '2017-08-06', 3, 3, '2017-08-16', '2017-08-16'),
(291, 7, 4, '0.00', '2017-08-06', 3, 3, '2017-08-16', '2017-08-16'),
(292, 8, 4, '0.00', '2017-08-06', 3, 3, '2017-08-16', '2017-08-16'),
(293, 9, 4, '0.00', '2017-08-06', 3, 3, '2017-08-16', '2017-08-16'),
(294, 10, 4, '0.00', '2017-08-06', 3, 3, '2017-08-16', '2017-08-16'),
(295, 1, 5, '2125.00', '2017-08-06', 3, 3, '2017-08-16', '2017-08-16'),
(296, 2, 5, '50.00', '2017-08-06', 3, 3, '2017-08-16', '2017-08-16'),
(297, 3, 5, '1030.00', '2017-08-06', 3, 3, '2017-08-16', '2017-08-16'),
(298, 4, 5, '1200.00', '2017-08-06', 3, 3, '2017-08-16', '2017-08-16'),
(299, 5, 5, '0.00', '2017-08-06', 3, 3, '2017-08-16', '2017-08-16'),
(300, 6, 5, '0.00', '2017-08-06', 3, 3, '2017-08-16', '2017-08-16'),
(301, 7, 5, '600.00', '2017-08-06', 3, 3, '2017-08-16', '2017-08-16'),
(302, 8, 5, '2100.00', '2017-08-06', 3, 3, '2017-08-16', '2017-08-16'),
(303, 9, 5, '0.00', '2017-08-06', 3, 3, '2017-08-16', '2017-08-16'),
(304, 10, 5, '0.00', '2017-08-06', 3, 3, '2017-08-16', '2017-08-16'),
(305, 1, 6, '70.00', '2017-08-06', 3, 3, '2017-08-16', '2017-08-16'),
(306, 2, 6, '0.00', '2017-08-06', 3, 3, '2017-08-16', '2017-08-16'),
(307, 3, 6, '0.00', '2017-08-06', 3, 3, '2017-08-16', '2017-08-16'),
(308, 4, 6, '0.00', '2017-08-06', 3, 3, '2017-08-16', '2017-08-16'),
(309, 5, 6, '0.00', '2017-08-06', 3, 3, '2017-08-16', '2017-08-16'),
(310, 6, 6, '0.00', '2017-08-06', 3, 3, '2017-08-16', '2017-08-16'),
(311, 7, 6, '0.00', '2017-08-06', 3, 3, '2017-08-16', '2017-08-16'),
(312, 8, 6, '0.00', '2017-08-06', 3, 3, '2017-08-16', '2017-08-16'),
(313, 9, 6, '0.00', '2017-08-06', 3, 3, '2017-08-16', '2017-08-16'),
(314, 10, 6, '0.00', '2017-08-06', 3, 3, '2017-08-16', '2017-08-16'),
(315, 1, 7, '85.00', '2017-08-06', 3, 3, '2017-08-16', '2017-08-16'),
(316, 2, 7, '0.00', '2017-08-06', 3, 3, '2017-08-16', '2017-08-16'),
(317, 3, 7, '0.00', '2017-08-06', 3, 3, '2017-08-16', '2017-08-16'),
(318, 4, 7, '0.00', '2017-08-06', 3, 3, '2017-08-16', '2017-08-16'),
(319, 5, 7, '0.00', '2017-08-06', 3, 3, '2017-08-16', '2017-08-16'),
(320, 6, 7, '0.00', '2017-08-06', 3, 3, '2017-08-16', '2017-08-16'),
(321, 7, 7, '0.00', '2017-08-06', 3, 3, '2017-08-16', '2017-08-16'),
(322, 8, 7, '0.00', '2017-08-06', 3, 3, '2017-08-16', '2017-08-16'),
(323, 9, 7, '0.00', '2017-08-06', 3, 3, '2017-08-16', '2017-08-16'),
(324, 10, 7, '0.00', '2017-08-06', 3, 3, '2017-08-16', '2017-08-16'),
(325, 1, 1, '4080.00', '2017-08-07', 3, 3, '2017-08-20', '2017-08-20'),
(326, 2, 1, '450.00', '2017-08-07', 3, 3, '2017-08-20', '2017-08-20'),
(327, 3, 1, '3350.00', '2017-08-07', 3, 3, '2017-08-20', '2017-08-20'),
(328, 4, 1, '1500.00', '2017-08-07', 3, 3, '2017-08-20', '2017-08-20'),
(329, 5, 1, '2250.00', '2017-08-07', 3, 3, '2017-08-20', '2017-08-20'),
(330, 6, 1, '0.00', '2017-08-07', 3, 3, '2017-08-20', '2017-08-20'),
(331, 7, 1, '0.00', '2017-08-07', 3, 3, '2017-08-20', '2017-08-20'),
(332, 8, 1, '0.00', '2017-08-07', 3, 3, '2017-08-20', '2017-08-20'),
(333, 9, 1, '0.00', '2017-08-07', 3, 3, '2017-08-20', '2017-08-20'),
(334, 10, 1, '0.00', '2017-08-07', 3, 3, '2017-08-20', '2017-08-20'),
(335, 1, 2, '240.00', '2017-08-07', 3, 3, '2017-08-20', '2017-08-20'),
(336, 2, 2, '0.00', '2017-08-07', 3, 3, '2017-08-20', '2017-08-20'),
(337, 3, 2, '0.00', '2017-08-07', 3, 3, '2017-08-20', '2017-08-20'),
(338, 4, 2, '0.00', '2017-08-07', 3, 3, '2017-08-20', '2017-08-20'),
(339, 5, 2, '0.00', '2017-08-07', 3, 3, '2017-08-20', '2017-08-20'),
(340, 6, 2, '0.00', '2017-08-07', 3, 3, '2017-08-20', '2017-08-20'),
(341, 7, 2, '0.00', '2017-08-07', 3, 3, '2017-08-20', '2017-08-20'),
(342, 8, 2, '0.00', '2017-08-07', 3, 3, '2017-08-20', '2017-08-20'),
(343, 9, 2, '0.00', '2017-08-07', 3, 3, '2017-08-20', '2017-08-20'),
(344, 10, 2, '0.00', '2017-08-07', 3, 3, '2017-08-20', '2017-08-20'),
(345, 1, 3, '20.00', '2017-08-07', 3, 3, '2017-08-20', '2017-08-20'),
(346, 2, 3, '0.00', '2017-08-07', 3, 3, '2017-08-20', '2017-08-20'),
(347, 3, 3, '0.00', '2017-08-07', 3, 3, '2017-08-20', '2017-08-20'),
(348, 4, 3, '0.00', '2017-08-07', 3, 3, '2017-08-20', '2017-08-20'),
(349, 5, 3, '0.00', '2017-08-07', 3, 3, '2017-08-20', '2017-08-20'),
(350, 6, 3, '0.00', '2017-08-07', 3, 3, '2017-08-20', '2017-08-20'),
(351, 7, 3, '0.00', '2017-08-07', 3, 3, '2017-08-20', '2017-08-20'),
(352, 8, 3, '0.00', '2017-08-07', 3, 3, '2017-08-20', '2017-08-20'),
(353, 9, 3, '0.00', '2017-08-07', 3, 3, '2017-08-20', '2017-08-20'),
(354, 10, 3, '0.00', '2017-08-07', 3, 3, '2017-08-20', '2017-08-20'),
(355, 1, 4, '1780.00', '2017-08-07', 3, 3, '2017-08-20', '2017-08-20'),
(356, 2, 4, '300.00', '2017-08-07', 3, 3, '2017-08-20', '2017-08-20'),
(357, 3, 4, '800.00', '2017-08-07', 3, 3, '2017-08-20', '2017-08-20'),
(358, 4, 4, '900.00', '2017-08-07', 3, 3, '2017-08-20', '2017-08-20'),
(359, 5, 4, '0.00', '2017-08-07', 3, 3, '2017-08-20', '2017-08-20'),
(360, 6, 4, '0.00', '2017-08-07', 3, 3, '2017-08-20', '2017-08-20'),
(361, 7, 4, '0.00', '2017-08-07', 3, 3, '2017-08-20', '2017-08-20'),
(362, 8, 4, '0.00', '2017-08-07', 3, 3, '2017-08-20', '2017-08-20'),
(363, 9, 4, '0.00', '2017-08-07', 3, 3, '2017-08-20', '2017-08-20'),
(364, 10, 4, '0.00', '2017-08-07', 3, 3, '2017-08-20', '2017-08-20'),
(365, 1, 5, '1000.00', '2017-08-07', 3, 3, '2017-08-20', '2017-08-20'),
(366, 2, 5, '50.00', '2017-08-07', 3, 3, '2017-08-20', '2017-08-20'),
(367, 3, 5, '890.00', '2017-08-07', 3, 3, '2017-08-20', '2017-08-20'),
(368, 4, 5, '600.00', '2017-08-07', 3, 3, '2017-08-20', '2017-08-20'),
(369, 5, 5, '0.00', '2017-08-07', 3, 3, '2017-08-20', '2017-08-20'),
(370, 6, 5, '0.00', '2017-08-07', 3, 3, '2017-08-20', '2017-08-20'),
(371, 7, 5, '1050.00', '2017-08-07', 3, 3, '2017-08-20', '2017-08-20'),
(372, 8, 5, '1500.00', '2017-08-07', 3, 3, '2017-08-20', '2017-08-20'),
(373, 9, 5, '0.00', '2017-08-07', 3, 3, '2017-08-20', '2017-08-20'),
(374, 10, 5, '0.00', '2017-08-07', 3, 3, '2017-08-20', '2017-08-20'),
(375, 1, 6, '40.00', '2017-08-07', 3, 3, '2017-08-20', '2017-08-20'),
(376, 2, 6, '0.00', '2017-08-07', 3, 3, '2017-08-20', '2017-08-20'),
(377, 3, 6, '0.00', '2017-08-07', 3, 3, '2017-08-20', '2017-08-20'),
(378, 4, 6, '0.00', '2017-08-07', 3, 3, '2017-08-20', '2017-08-20'),
(379, 5, 6, '0.00', '2017-08-07', 3, 3, '2017-08-20', '2017-08-20'),
(380, 6, 6, '0.00', '2017-08-07', 3, 3, '2017-08-20', '2017-08-20'),
(381, 7, 6, '0.00', '2017-08-07', 3, 3, '2017-08-20', '2017-08-20'),
(382, 8, 6, '0.00', '2017-08-07', 3, 3, '2017-08-20', '2017-08-20'),
(383, 9, 6, '0.00', '2017-08-07', 3, 3, '2017-08-20', '2017-08-20'),
(384, 10, 6, '0.00', '2017-08-07', 3, 3, '2017-08-20', '2017-08-20'),
(385, 1, 7, '40.00', '2017-08-07', 3, 3, '2017-08-20', '2017-08-20'),
(386, 2, 7, '0.00', '2017-08-07', 3, 3, '2017-08-20', '2017-08-20'),
(387, 3, 7, '0.00', '2017-08-07', 3, 3, '2017-08-20', '2017-08-20'),
(388, 4, 7, '0.00', '2017-08-07', 3, 3, '2017-08-20', '2017-08-20'),
(389, 5, 7, '0.00', '2017-08-07', 3, 3, '2017-08-20', '2017-08-20'),
(390, 6, 7, '0.00', '2017-08-07', 3, 3, '2017-08-20', '2017-08-20'),
(391, 7, 7, '0.00', '2017-08-07', 3, 3, '2017-08-20', '2017-08-20'),
(392, 8, 7, '0.00', '2017-08-07', 3, 3, '2017-08-20', '2017-08-20'),
(393, 9, 7, '0.00', '2017-08-07', 3, 3, '2017-08-20', '2017-08-20'),
(394, 10, 7, '0.00', '2017-08-07', 3, 3, '2017-08-20', '2017-08-20'),
(395, 1, 1, '3520.00', '2017-08-10', 3, 3, '2017-08-20', '2017-08-20'),
(396, 2, 1, '600.00', '2017-08-10', 3, 3, '2017-08-20', '2017-08-20'),
(397, 3, 1, '1345.00', '2017-08-10', 3, 3, '2017-08-20', '2017-08-20'),
(398, 4, 1, '1050.00', '2017-08-10', 3, 3, '2017-08-20', '2017-08-20'),
(399, 5, 1, '950.00', '2017-08-10', 3, 3, '2017-08-20', '2017-08-20'),
(400, 6, 1, '0.00', '2017-08-10', 3, 3, '2017-08-20', '2017-08-20'),
(401, 7, 1, '0.00', '2017-08-10', 3, 3, '2017-08-20', '2017-08-20'),
(402, 8, 1, '0.00', '2017-08-10', 3, 3, '2017-08-20', '2017-08-20'),
(403, 9, 1, '0.00', '2017-08-10', 3, 3, '2017-08-20', '2017-08-20'),
(404, 10, 1, '0.00', '2017-08-10', 3, 3, '2017-08-20', '2017-08-20'),
(405, 1, 2, '370.00', '2017-08-10', 3, 3, '2017-08-20', '2017-08-20'),
(406, 2, 2, '0.00', '2017-08-10', 3, 3, '2017-08-20', '2017-08-20'),
(407, 3, 2, '0.00', '2017-08-10', 3, 3, '2017-08-20', '2017-08-20'),
(408, 4, 2, '0.00', '2017-08-10', 3, 3, '2017-08-20', '2017-08-20'),
(409, 5, 2, '0.00', '2017-08-10', 3, 3, '2017-08-20', '2017-08-20'),
(410, 6, 2, '0.00', '2017-08-10', 3, 3, '2017-08-20', '2017-08-20'),
(411, 7, 2, '0.00', '2017-08-10', 3, 3, '2017-08-20', '2017-08-20'),
(412, 8, 2, '0.00', '2017-08-10', 3, 3, '2017-08-20', '2017-08-20'),
(413, 9, 2, '0.00', '2017-08-10', 3, 3, '2017-08-20', '2017-08-20'),
(414, 10, 2, '0.00', '2017-08-10', 3, 3, '2017-08-20', '2017-08-20'),
(415, 1, 3, '100.00', '2017-08-10', 3, 3, '2017-08-20', '2017-08-20'),
(416, 2, 3, '0.00', '2017-08-10', 3, 3, '2017-08-20', '2017-08-20'),
(417, 3, 3, '0.00', '2017-08-10', 3, 3, '2017-08-20', '2017-08-20'),
(418, 4, 3, '0.00', '2017-08-10', 3, 3, '2017-08-20', '2017-08-20'),
(419, 5, 3, '0.00', '2017-08-10', 3, 3, '2017-08-20', '2017-08-20'),
(420, 6, 3, '0.00', '2017-08-10', 3, 3, '2017-08-20', '2017-08-20'),
(421, 7, 3, '0.00', '2017-08-10', 3, 3, '2017-08-20', '2017-08-20'),
(422, 8, 3, '0.00', '2017-08-10', 3, 3, '2017-08-20', '2017-08-20'),
(423, 9, 3, '0.00', '2017-08-10', 3, 3, '2017-08-20', '2017-08-20'),
(424, 10, 3, '0.00', '2017-08-10', 3, 3, '2017-08-20', '2017-08-20'),
(425, 1, 4, '1360.00', '2017-08-10', 3, 3, '2017-08-20', '2017-08-20'),
(426, 2, 4, '360.00', '2017-08-10', 3, 3, '2017-08-20', '2017-08-20'),
(427, 3, 4, '950.00', '2017-08-10', 3, 3, '2017-08-20', '2017-08-20'),
(428, 4, 4, '450.00', '2017-08-10', 3, 3, '2017-08-20', '2017-08-20'),
(429, 5, 4, '0.00', '2017-08-10', 3, 3, '2017-08-20', '2017-08-20'),
(430, 6, 4, '0.00', '2017-08-10', 3, 3, '2017-08-20', '2017-08-20'),
(431, 7, 4, '0.00', '2017-08-10', 3, 3, '2017-08-20', '2017-08-20'),
(432, 8, 4, '0.00', '2017-08-10', 3, 3, '2017-08-20', '2017-08-20'),
(433, 9, 4, '0.00', '2017-08-10', 3, 3, '2017-08-20', '2017-08-20'),
(434, 10, 4, '0.00', '2017-08-10', 3, 3, '2017-08-20', '2017-08-20'),
(435, 1, 5, '2400.00', '2017-08-10', 3, 3, '2017-08-20', '2017-08-20'),
(436, 2, 5, '175.00', '2017-08-10', 3, 3, '2017-08-20', '2017-08-20'),
(437, 3, 5, '4920.00', '2017-08-10', 3, 3, '2017-08-20', '2017-08-20'),
(438, 4, 5, '1050.00', '2017-08-10', 3, 3, '2017-08-20', '2017-08-20'),
(439, 5, 5, '1800.00', '2017-08-10', 3, 3, '2017-08-20', '2017-08-20'),
(440, 6, 5, '0.00', '2017-08-10', 3, 3, '2017-08-20', '2017-08-20'),
(441, 7, 5, '1650.00', '2017-08-10', 3, 3, '2017-08-20', '2017-08-20'),
(442, 8, 5, '1800.00', '2017-08-10', 3, 3, '2017-08-20', '2017-08-20'),
(443, 9, 5, '0.00', '2017-08-10', 3, 3, '2017-08-20', '2017-08-20'),
(444, 10, 5, '0.00', '2017-08-10', 3, 3, '2017-08-20', '2017-08-20'),
(445, 1, 7, '40.00', '2017-08-10', 3, 3, '2017-08-20', '2017-08-20'),
(446, 2, 7, '0.00', '2017-08-10', 3, 3, '2017-08-20', '2017-08-20'),
(447, 3, 7, '0.00', '2017-08-10', 3, 3, '2017-08-20', '2017-08-20'),
(448, 4, 7, '0.00', '2017-08-10', 3, 3, '2017-08-20', '2017-08-20'),
(449, 5, 7, '0.00', '2017-08-10', 3, 3, '2017-08-20', '2017-08-20'),
(450, 6, 7, '0.00', '2017-08-10', 3, 3, '2017-08-20', '2017-08-20'),
(451, 7, 7, '0.00', '2017-08-10', 3, 3, '2017-08-20', '2017-08-20'),
(452, 8, 7, '0.00', '2017-08-10', 3, 3, '2017-08-20', '2017-08-20'),
(453, 9, 7, '0.00', '2017-08-10', 3, 3, '2017-08-20', '2017-08-20'),
(454, 10, 7, '0.00', '2017-08-10', 3, 3, '2017-08-20', '2017-08-20'),
(455, 1, 1, '2360.00', '2017-08-11', 3, 3, '2017-08-20', '2017-08-20'),
(456, 2, 1, '60.00', '2017-08-11', 3, 3, '2017-08-20', '2017-08-20'),
(457, 3, 1, '315.00', '2017-08-11', 3, 3, '2017-08-20', '2017-08-20'),
(458, 4, 1, '450.00', '2017-08-11', 3, 3, '2017-08-20', '2017-08-20'),
(459, 5, 1, '0.00', '2017-08-11', 3, 3, '2017-08-20', '2017-08-20'),
(460, 6, 1, '0.00', '2017-08-11', 3, 3, '2017-08-20', '2017-08-20'),
(461, 7, 1, '0.00', '2017-08-11', 3, 3, '2017-08-20', '2017-08-20'),
(462, 8, 1, '0.00', '2017-08-11', 3, 3, '2017-08-20', '2017-08-20'),
(463, 9, 1, '35000.00', '2017-08-11', 3, 3, '2017-08-20', '2017-08-20'),
(464, 10, 1, '6900.00', '2017-08-11', 3, 3, '2017-08-20', '2017-08-20'),
(465, 1, 2, '90.00', '2017-08-11', 3, 3, '2017-08-20', '2017-08-20'),
(466, 2, 2, '0.00', '2017-08-11', 3, 3, '2017-08-20', '2017-08-20'),
(467, 3, 2, '0.00', '2017-08-11', 3, 3, '2017-08-20', '2017-08-20'),
(468, 4, 2, '0.00', '2017-08-11', 3, 3, '2017-08-20', '2017-08-20'),
(469, 5, 2, '0.00', '2017-08-11', 3, 3, '2017-08-20', '2017-08-20'),
(470, 6, 2, '0.00', '2017-08-11', 3, 3, '2017-08-20', '2017-08-20'),
(471, 7, 2, '0.00', '2017-08-11', 3, 3, '2017-08-20', '2017-08-20'),
(472, 8, 2, '0.00', '2017-08-11', 3, 3, '2017-08-20', '2017-08-20'),
(473, 9, 2, '0.00', '2017-08-11', 3, 3, '2017-08-20', '2017-08-20'),
(474, 10, 2, '0.00', '2017-08-11', 3, 3, '2017-08-20', '2017-08-20'),
(475, 1, 3, '560.00', '2017-08-11', 3, 3, '2017-08-20', '2017-08-20'),
(476, 2, 3, '0.00', '2017-08-11', 3, 3, '2017-08-20', '2017-08-20'),
(477, 3, 3, '0.00', '2017-08-11', 3, 3, '2017-08-20', '2017-08-20'),
(478, 4, 3, '0.00', '2017-08-11', 3, 3, '2017-08-20', '2017-08-20'),
(479, 5, 3, '0.00', '2017-08-11', 3, 3, '2017-08-20', '2017-08-20'),
(480, 6, 3, '0.00', '2017-08-11', 3, 3, '2017-08-20', '2017-08-20'),
(481, 7, 3, '0.00', '2017-08-11', 3, 3, '2017-08-20', '2017-08-20'),
(482, 8, 3, '0.00', '2017-08-11', 3, 3, '2017-08-20', '2017-08-20'),
(483, 9, 3, '0.00', '2017-08-11', 3, 3, '2017-08-20', '2017-08-20'),
(484, 10, 3, '0.00', '2017-08-11', 3, 3, '2017-08-20', '2017-08-20'),
(485, 1, 4, '640.00', '2017-08-11', 3, 3, '2017-08-20', '2017-08-20'),
(486, 2, 4, '90.00', '2017-08-11', 3, 3, '2017-08-20', '2017-08-20'),
(487, 3, 4, '350.00', '2017-08-11', 3, 3, '2017-08-20', '2017-08-20'),
(488, 4, 4, '450.00', '2017-08-11', 3, 3, '2017-08-20', '2017-08-20'),
(489, 5, 4, '0.00', '2017-08-11', 3, 3, '2017-08-20', '2017-08-20'),
(490, 6, 4, '0.00', '2017-08-11', 3, 3, '2017-08-20', '2017-08-20'),
(491, 7, 4, '0.00', '2017-08-11', 3, 3, '2017-08-20', '2017-08-20'),
(492, 8, 4, '0.00', '2017-08-11', 3, 3, '2017-08-20', '2017-08-20'),
(493, 9, 4, '0.00', '2017-08-11', 3, 3, '2017-08-20', '2017-08-20'),
(494, 10, 4, '0.00', '2017-08-11', 3, 3, '2017-08-20', '2017-08-20'),
(495, 1, 5, '1525.00', '2017-08-11', 3, 3, '2017-08-20', '2017-08-20'),
(496, 2, 5, '0.00', '2017-08-11', 3, 3, '2017-08-20', '2017-08-20'),
(497, 3, 5, '2200.00', '2017-08-11', 3, 3, '2017-08-20', '2017-08-20'),
(498, 4, 5, '150.00', '2017-08-11', 3, 3, '2017-08-20', '2017-08-20'),
(499, 5, 5, '600.00', '2017-08-11', 3, 3, '2017-08-20', '2017-08-20'),
(500, 6, 5, '0.00', '2017-08-11', 3, 3, '2017-08-20', '2017-08-20'),
(501, 7, 5, '0.00', '2017-08-11', 3, 3, '2017-08-20', '2017-08-20'),
(502, 8, 5, '0.00', '2017-08-11', 3, 3, '2017-08-20', '2017-08-20'),
(503, 9, 5, '0.00', '2017-08-11', 3, 3, '2017-08-20', '2017-08-20'),
(504, 10, 5, '0.00', '2017-08-11', 3, 3, '2017-08-20', '2017-08-20'),
(505, 1, 1, '1280.00', '2017-08-12', 3, 3, '2017-08-20', '2017-08-20'),
(506, 2, 1, '330.00', '2017-08-12', 3, 3, '2017-08-20', '2017-08-20'),
(507, 3, 1, '75.00', '2017-08-12', 3, 3, '2017-08-20', '2017-08-20'),
(508, 4, 1, '150.00', '2017-08-12', 3, 3, '2017-08-20', '2017-08-20'),
(509, 5, 1, '0.00', '2017-08-12', 3, 3, '2017-08-20', '2017-08-20'),
(510, 6, 1, '0.00', '2017-08-12', 3, 3, '2017-08-20', '2017-08-20'),
(511, 7, 1, '0.00', '2017-08-12', 3, 3, '2017-08-20', '2017-08-20'),
(512, 8, 1, '0.00', '2017-08-12', 3, 3, '2017-08-20', '2017-08-20'),
(513, 9, 1, '0.00', '2017-08-12', 3, 3, '2017-08-20', '2017-08-20'),
(514, 10, 1, '0.00', '2017-08-12', 3, 3, '2017-08-20', '2017-08-20'),
(515, 1, 2, '120.00', '2017-08-12', 3, 3, '2017-08-20', '2017-08-20'),
(516, 2, 2, '0.00', '2017-08-12', 3, 3, '2017-08-20', '2017-08-20'),
(517, 3, 2, '0.00', '2017-08-12', 3, 3, '2017-08-20', '2017-08-20'),
(518, 4, 2, '0.00', '2017-08-12', 3, 3, '2017-08-20', '2017-08-20'),
(519, 5, 2, '0.00', '2017-08-12', 3, 3, '2017-08-20', '2017-08-20'),
(520, 6, 2, '0.00', '2017-08-12', 3, 3, '2017-08-20', '2017-08-20'),
(521, 7, 2, '0.00', '2017-08-12', 3, 3, '2017-08-20', '2017-08-20'),
(522, 8, 2, '0.00', '2017-08-12', 3, 3, '2017-08-20', '2017-08-20'),
(523, 9, 2, '0.00', '2017-08-12', 3, 3, '2017-08-20', '2017-08-20'),
(524, 10, 2, '0.00', '2017-08-12', 3, 3, '2017-08-20', '2017-08-20'),
(525, 1, 3, '60.00', '2017-08-12', 3, 3, '2017-08-20', '2017-08-20'),
(526, 2, 3, '0.00', '2017-08-12', 3, 3, '2017-08-20', '2017-08-20'),
(527, 3, 3, '0.00', '2017-08-12', 3, 3, '2017-08-20', '2017-08-20'),
(528, 4, 3, '0.00', '2017-08-12', 3, 3, '2017-08-20', '2017-08-20'),
(529, 5, 3, '0.00', '2017-08-12', 3, 3, '2017-08-20', '2017-08-20'),
(530, 6, 3, '0.00', '2017-08-12', 3, 3, '2017-08-20', '2017-08-20'),
(531, 7, 3, '0.00', '2017-08-12', 3, 3, '2017-08-20', '2017-08-20'),
(532, 8, 3, '0.00', '2017-08-12', 3, 3, '2017-08-20', '2017-08-20'),
(533, 9, 3, '0.00', '2017-08-12', 3, 3, '2017-08-20', '2017-08-20'),
(534, 10, 3, '0.00', '2017-08-12', 3, 3, '2017-08-20', '2017-08-20'),
(535, 1, 4, '620.00', '2017-08-12', 3, 3, '2017-08-20', '2017-08-20'),
(536, 2, 4, '120.00', '2017-08-12', 3, 3, '2017-08-20', '2017-08-20'),
(537, 3, 4, '50.00', '2017-08-12', 3, 3, '2017-08-20', '2017-08-20'),
(538, 4, 4, '150.00', '2017-08-12', 3, 3, '2017-08-20', '2017-08-20'),
(539, 5, 4, '0.00', '2017-08-12', 3, 3, '2017-08-20', '2017-08-20'),
(540, 6, 4, '0.00', '2017-08-12', 3, 3, '2017-08-20', '2017-08-20'),
(541, 7, 4, '0.00', '2017-08-12', 3, 3, '2017-08-20', '2017-08-20'),
(542, 8, 4, '0.00', '2017-08-12', 3, 3, '2017-08-20', '2017-08-20'),
(543, 9, 4, '0.00', '2017-08-12', 3, 3, '2017-08-20', '2017-08-20'),
(544, 10, 4, '0.00', '2017-08-12', 3, 3, '2017-08-20', '2017-08-20'),
(545, 1, 5, '875.00', '2017-08-12', 3, 3, '2017-08-20', '2017-08-20'),
(546, 2, 5, '50.00', '2017-08-12', 3, 3, '2017-08-20', '2017-08-20'),
(547, 3, 5, '1640.00', '2017-08-12', 3, 3, '2017-08-20', '2017-08-20'),
(548, 4, 5, '150.00', '2017-08-12', 3, 3, '2017-08-20', '2017-08-20'),
(549, 5, 5, '0.00', '2017-08-12', 3, 3, '2017-08-20', '2017-08-20'),
(550, 6, 5, '0.00', '2017-08-12', 3, 3, '2017-08-20', '2017-08-20'),
(551, 7, 5, '150.00', '2017-08-12', 3, 3, '2017-08-20', '2017-08-20'),
(552, 8, 5, '0.00', '2017-08-12', 3, 3, '2017-08-20', '2017-08-20'),
(553, 9, 5, '0.00', '2017-08-12', 3, 3, '2017-08-20', '2017-08-20'),
(554, 10, 5, '0.00', '2017-08-12', 3, 3, '2017-08-20', '2017-08-20'),
(555, 1, 7, '5.00', '2017-08-12', 3, 3, '2017-08-20', '2017-08-20'),
(556, 2, 7, '0.00', '2017-08-12', 3, 3, '2017-08-20', '2017-08-20'),
(557, 3, 7, '0.00', '2017-08-12', 3, 3, '2017-08-20', '2017-08-20'),
(558, 4, 7, '0.00', '2017-08-12', 3, 3, '2017-08-20', '2017-08-20'),
(559, 5, 7, '0.00', '2017-08-12', 3, 3, '2017-08-20', '2017-08-20'),
(560, 6, 7, '0.00', '2017-08-12', 3, 3, '2017-08-20', '2017-08-20'),
(561, 7, 7, '0.00', '2017-08-12', 3, 3, '2017-08-20', '2017-08-20'),
(562, 8, 7, '0.00', '2017-08-12', 3, 3, '2017-08-20', '2017-08-20'),
(563, 9, 7, '0.00', '2017-08-12', 3, 3, '2017-08-20', '2017-08-20'),
(564, 10, 7, '0.00', '2017-08-12', 3, 3, '2017-08-20', '2017-08-20'),
(565, 1, 1, '1940.00', '2017-08-13', 3, 3, '2017-08-20', '2017-08-20'),
(566, 2, 1, '120.00', '2017-08-13', 3, 3, '2017-08-20', '2017-08-20'),
(567, 3, 1, '3805.00', '2017-08-13', 3, 3, '2017-08-20', '2017-08-20'),
(568, 4, 1, '750.00', '2017-08-13', 3, 3, '2017-08-20', '2017-08-20'),
(569, 5, 1, '1900.00', '2017-08-13', 3, 3, '2017-08-20', '2017-08-20'),
(570, 6, 1, '0.00', '2017-08-13', 3, 3, '2017-08-20', '2017-08-20'),
(571, 7, 1, '0.00', '2017-08-13', 3, 3, '2017-08-20', '2017-08-20'),
(572, 8, 1, '0.00', '2017-08-13', 3, 3, '2017-08-20', '2017-08-20'),
(573, 9, 1, '0.00', '2017-08-13', 3, 3, '2017-08-20', '2017-08-20'),
(574, 10, 1, '0.00', '2017-08-13', 3, 3, '2017-08-20', '2017-08-20'),
(575, 11, 1, '25000.00', '2017-08-13', 3, 3, '2017-08-20', '2017-08-20'),
(576, 1, 3, '360.00', '2017-08-13', 3, 3, '2017-08-20', '2017-08-20'),
(577, 2, 3, '0.00', '2017-08-13', 3, 3, '2017-08-20', '2017-08-20'),
(578, 3, 3, '0.00', '2017-08-13', 3, 3, '2017-08-20', '2017-08-20'),
(579, 4, 3, '0.00', '2017-08-13', 3, 3, '2017-08-20', '2017-08-20'),
(580, 5, 3, '0.00', '2017-08-13', 3, 3, '2017-08-20', '2017-08-20'),
(581, 6, 3, '0.00', '2017-08-13', 3, 3, '2017-08-20', '2017-08-20'),
(582, 7, 3, '0.00', '2017-08-13', 3, 3, '2017-08-20', '2017-08-20'),
(583, 8, 3, '0.00', '2017-08-13', 3, 3, '2017-08-20', '2017-08-20'),
(584, 9, 3, '0.00', '2017-08-13', 3, 3, '2017-08-20', '2017-08-20'),
(585, 10, 3, '0.00', '2017-08-13', 3, 3, '2017-08-20', '2017-08-20'),
(586, 11, 3, '0.00', '2017-08-13', 3, 3, '2017-08-20', '2017-08-20'),
(587, 1, 4, '860.00', '2017-08-13', 3, 3, '2017-08-20', '2017-08-20'),
(588, 2, 4, '60.00', '2017-08-13', 3, 3, '2017-08-20', '2017-08-20'),
(589, 3, 4, '350.00', '2017-08-13', 3, 3, '2017-08-20', '2017-08-20'),
(590, 4, 4, '600.00', '2017-08-13', 3, 3, '2017-08-20', '2017-08-20'),
(591, 5, 4, '0.00', '2017-08-13', 3, 3, '2017-08-20', '2017-08-20'),
(592, 6, 4, '0.00', '2017-08-13', 3, 3, '2017-08-20', '2017-08-20'),
(593, 7, 4, '0.00', '2017-08-13', 3, 3, '2017-08-20', '2017-08-20'),
(594, 8, 4, '0.00', '2017-08-13', 3, 3, '2017-08-20', '2017-08-20'),
(595, 9, 4, '0.00', '2017-08-13', 3, 3, '2017-08-20', '2017-08-20'),
(596, 10, 4, '0.00', '2017-08-13', 3, 3, '2017-08-20', '2017-08-20'),
(597, 11, 4, '0.00', '2017-08-13', 3, 3, '2017-08-20', '2017-08-20'),
(598, 1, 5, '1700.00', '2017-08-13', 3, 3, '2017-08-20', '2017-08-20'),
(599, 2, 5, '125.00', '2017-08-13', 3, 3, '2017-08-20', '2017-08-20'),
(600, 3, 5, '970.00', '2017-08-13', 3, 3, '2017-08-20', '2017-08-20'),
(601, 4, 5, '600.00', '2017-08-13', 3, 3, '2017-08-20', '2017-08-20'),
(602, 5, 5, '0.00', '2017-08-13', 3, 3, '2017-08-20', '2017-08-20'),
(603, 6, 5, '0.00', '2017-08-13', 3, 3, '2017-08-20', '2017-08-20'),
(604, 7, 5, '600.00', '2017-08-13', 3, 3, '2017-08-20', '2017-08-20'),
(605, 8, 5, '900.00', '2017-08-13', 3, 3, '2017-08-20', '2017-08-20'),
(606, 9, 5, '0.00', '2017-08-13', 3, 3, '2017-08-20', '2017-08-20'),
(607, 10, 5, '0.00', '2017-08-13', 3, 3, '2017-08-20', '2017-08-20'),
(608, 11, 5, '0.00', '2017-08-13', 3, 3, '2017-08-20', '2017-08-20'),
(609, 1, 6, '110.00', '2017-08-13', 3, 3, '2017-08-20', '2017-08-20'),
(610, 2, 6, '0.00', '2017-08-13', 3, 3, '2017-08-20', '2017-08-20'),
(611, 3, 6, '0.00', '2017-08-13', 3, 3, '2017-08-20', '2017-08-20'),
(612, 4, 6, '0.00', '2017-08-13', 3, 3, '2017-08-20', '2017-08-20'),
(613, 5, 6, '0.00', '2017-08-13', 3, 3, '2017-08-20', '2017-08-20'),
(614, 6, 6, '0.00', '2017-08-13', 3, 3, '2017-08-20', '2017-08-20'),
(615, 7, 6, '0.00', '2017-08-13', 3, 3, '2017-08-20', '2017-08-20'),
(616, 8, 6, '0.00', '2017-08-13', 3, 3, '2017-08-20', '2017-08-20'),
(617, 9, 6, '0.00', '2017-08-13', 3, 3, '2017-08-20', '2017-08-20'),
(618, 10, 6, '0.00', '2017-08-13', 3, 3, '2017-08-20', '2017-08-20'),
(619, 11, 6, '0.00', '2017-08-13', 3, 3, '2017-08-20', '2017-08-20'),
(620, 1, 7, '10.00', '2017-08-13', 3, 3, '2017-08-20', '2017-08-20'),
(621, 2, 7, '0.00', '2017-08-13', 3, 3, '2017-08-20', '2017-08-20'),
(622, 3, 7, '0.00', '2017-08-13', 3, 3, '2017-08-20', '2017-08-20'),
(623, 4, 7, '0.00', '2017-08-13', 3, 3, '2017-08-20', '2017-08-20'),
(624, 5, 7, '0.00', '2017-08-13', 3, 3, '2017-08-20', '2017-08-20'),
(625, 6, 7, '0.00', '2017-08-13', 3, 3, '2017-08-20', '2017-08-20'),
(626, 7, 7, '0.00', '2017-08-13', 3, 3, '2017-08-20', '2017-08-20'),
(627, 8, 7, '0.00', '2017-08-13', 3, 3, '2017-08-20', '2017-08-20'),
(628, 9, 7, '0.00', '2017-08-13', 3, 3, '2017-08-20', '2017-08-20'),
(629, 10, 7, '0.00', '2017-08-13', 3, 3, '2017-08-20', '2017-08-20'),
(630, 11, 7, '0.00', '2017-08-13', 3, 3, '2017-08-20', '2017-08-20'),
(631, 1, 1, '2280.00', '2017-08-14', 3, 3, '2017-08-30', '2017-08-30'),
(632, 2, 1, '270.00', '2017-08-14', 3, 3, '2017-08-30', '2017-08-30'),
(633, 3, 1, '1125.00', '2017-08-14', 3, 3, '2017-08-30', '2017-08-30'),
(634, 4, 1, '450.00', '2017-08-14', 3, 3, '2017-08-30', '2017-08-30'),
(635, 5, 1, '350.00', '2017-08-14', 3, 3, '2017-08-30', '2017-08-30'),
(636, 6, 1, '0.00', '2017-08-14', 3, 3, '2017-08-30', '2017-08-30'),
(637, 7, 1, '0.00', '2017-08-14', 3, 3, '2017-08-30', '2017-08-30'),
(638, 8, 1, '0.00', '2017-08-14', 3, 3, '2017-08-30', '2017-08-30'),
(639, 9, 1, '0.00', '2017-08-14', 3, 3, '2017-08-30', '2017-08-30'),
(640, 10, 1, '0.00', '2017-08-14', 3, 3, '2017-08-30', '2017-08-30'),
(641, 11, 1, '0.00', '2017-08-14', 3, 3, '2017-08-30', '2017-08-30'),
(642, 1, 2, '180.00', '2017-08-14', 3, 3, '2017-08-30', '2017-08-30'),
(643, 2, 2, '0.00', '2017-08-14', 3, 3, '2017-08-30', '2017-08-30'),
(644, 3, 2, '0.00', '2017-08-14', 3, 3, '2017-08-30', '2017-08-30'),
(645, 4, 2, '0.00', '2017-08-14', 3, 3, '2017-08-30', '2017-08-30'),
(646, 5, 2, '0.00', '2017-08-14', 3, 3, '2017-08-30', '2017-08-30'),
(647, 6, 2, '0.00', '2017-08-14', 3, 3, '2017-08-30', '2017-08-30'),
(648, 7, 2, '0.00', '2017-08-14', 3, 3, '2017-08-30', '2017-08-30'),
(649, 8, 2, '0.00', '2017-08-14', 3, 3, '2017-08-30', '2017-08-30'),
(650, 9, 2, '0.00', '2017-08-14', 3, 3, '2017-08-30', '2017-08-30'),
(651, 10, 2, '0.00', '2017-08-14', 3, 3, '2017-08-30', '2017-08-30'),
(652, 11, 2, '0.00', '2017-08-14', 3, 3, '2017-08-30', '2017-08-30'),
(653, 1, 3, '140.00', '2017-08-14', 3, 3, '2017-08-30', '2017-08-30'),
(654, 2, 3, '0.00', '2017-08-14', 3, 3, '2017-08-30', '2017-08-30'),
(655, 3, 3, '0.00', '2017-08-14', 3, 3, '2017-08-30', '2017-08-30'),
(656, 4, 3, '0.00', '2017-08-14', 3, 3, '2017-08-30', '2017-08-30'),
(657, 5, 3, '0.00', '2017-08-14', 3, 3, '2017-08-30', '2017-08-30'),
(658, 6, 3, '0.00', '2017-08-14', 3, 3, '2017-08-30', '2017-08-30'),
(659, 7, 3, '0.00', '2017-08-14', 3, 3, '2017-08-30', '2017-08-30'),
(660, 8, 3, '0.00', '2017-08-14', 3, 3, '2017-08-30', '2017-08-30'),
(661, 9, 3, '0.00', '2017-08-14', 3, 3, '2017-08-30', '2017-08-30'),
(662, 10, 3, '0.00', '2017-08-14', 3, 3, '2017-08-30', '2017-08-30'),
(663, 11, 3, '0.00', '2017-08-14', 3, 3, '2017-08-30', '2017-08-30'),
(664, 1, 4, '1660.00', '2017-08-14', 3, 3, '2017-08-30', '2017-08-30'),
(665, 2, 4, '150.00', '2017-08-14', 3, 3, '2017-08-30', '2017-08-30'),
(666, 3, 4, '980.00', '2017-08-14', 3, 3, '2017-08-30', '2017-08-30'),
(667, 4, 4, '150.00', '2017-08-14', 3, 3, '2017-08-30', '2017-08-30'),
(668, 5, 4, '400.00', '2017-08-14', 3, 3, '2017-08-30', '2017-08-30'),
(669, 6, 4, '0.00', '2017-08-14', 3, 3, '2017-08-30', '2017-08-30'),
(670, 7, 4, '0.00', '2017-08-14', 3, 3, '2017-08-30', '2017-08-30'),
(671, 8, 4, '0.00', '2017-08-14', 3, 3, '2017-08-30', '2017-08-30'),
(672, 9, 4, '0.00', '2017-08-14', 3, 3, '2017-08-30', '2017-08-30'),
(673, 10, 4, '0.00', '2017-08-14', 3, 3, '2017-08-30', '2017-08-30'),
(674, 11, 4, '0.00', '2017-08-14', 3, 3, '2017-08-30', '2017-08-30'),
(675, 1, 5, '1025.00', '2017-08-14', 3, 3, '2017-08-30', '2017-08-30'),
(676, 2, 5, '100.00', '2017-08-14', 3, 3, '2017-08-30', '2017-08-30'),
(677, 3, 5, '1210.00', '2017-08-14', 3, 3, '2017-08-30', '2017-08-30'),
(678, 4, 5, '0.00', '2017-08-14', 3, 3, '2017-08-30', '2017-08-30'),
(679, 5, 5, '600.00', '2017-08-14', 3, 3, '2017-08-30', '2017-08-30'),
(680, 6, 5, '0.00', '2017-08-14', 3, 3, '2017-08-30', '2017-08-30'),
(681, 7, 5, '600.00', '2017-08-14', 3, 3, '2017-08-30', '2017-08-30'),
(682, 8, 5, '0.00', '2017-08-14', 3, 3, '2017-08-30', '2017-08-30'),
(683, 9, 5, '0.00', '2017-08-14', 3, 3, '2017-08-30', '2017-08-30'),
(684, 10, 5, '0.00', '2017-08-14', 3, 3, '2017-08-30', '2017-08-30'),
(685, 11, 5, '0.00', '2017-08-14', 3, 3, '2017-08-30', '2017-08-30'),
(686, 1, 6, '140.00', '2017-08-14', 3, 3, '2017-08-30', '2017-08-30'),
(687, 2, 6, '0.00', '2017-08-14', 3, 3, '2017-08-30', '2017-08-30'),
(688, 3, 6, '0.00', '2017-08-14', 3, 3, '2017-08-30', '2017-08-30'),
(689, 4, 6, '0.00', '2017-08-14', 3, 3, '2017-08-30', '2017-08-30'),
(690, 5, 6, '0.00', '2017-08-14', 3, 3, '2017-08-30', '2017-08-30'),
(691, 6, 6, '0.00', '2017-08-14', 3, 3, '2017-08-30', '2017-08-30'),
(692, 7, 6, '0.00', '2017-08-14', 3, 3, '2017-08-30', '2017-08-30'),
(693, 8, 6, '0.00', '2017-08-14', 3, 3, '2017-08-30', '2017-08-30'),
(694, 9, 6, '0.00', '2017-08-14', 3, 3, '2017-08-30', '2017-08-30'),
(695, 10, 6, '0.00', '2017-08-14', 3, 3, '2017-08-30', '2017-08-30'),
(696, 11, 6, '0.00', '2017-08-14', 3, 3, '2017-08-30', '2017-08-30'),
(697, 1, 7, '125.00', '2017-08-14', 3, 3, '2017-08-30', '2017-08-30'),
(698, 2, 7, '0.00', '2017-08-14', 3, 3, '2017-08-30', '2017-08-30'),
(699, 3, 7, '0.00', '2017-08-14', 3, 3, '2017-08-30', '2017-08-30'),
(700, 4, 7, '0.00', '2017-08-14', 3, 3, '2017-08-30', '2017-08-30'),
(701, 5, 7, '0.00', '2017-08-14', 3, 3, '2017-08-30', '2017-08-30'),
(702, 6, 7, '0.00', '2017-08-14', 3, 3, '2017-08-30', '2017-08-30'),
(703, 7, 7, '0.00', '2017-08-14', 3, 3, '2017-08-30', '2017-08-30'),
(704, 8, 7, '0.00', '2017-08-14', 3, 3, '2017-08-30', '2017-08-30'),
(705, 9, 7, '0.00', '2017-08-14', 3, 3, '2017-08-30', '2017-08-30'),
(706, 10, 7, '0.00', '2017-08-14', 3, 3, '2017-08-30', '2017-08-30'),
(707, 11, 7, '0.00', '2017-08-14', 3, 3, '2017-08-30', '2017-08-30'),
(708, 1, 1, '1900.00', '2017-08-17', 3, 3, '2017-08-30', '2017-08-30'),
(709, 2, 1, '210.00', '2017-08-17', 3, 3, '2017-08-30', '2017-08-30'),
(710, 3, 1, '1530.00', '2017-08-17', 3, 3, '2017-08-30', '2017-08-30'),
(711, 4, 1, '150.00', '2017-08-17', 3, 3, '2017-08-30', '2017-08-30'),
(712, 5, 1, '2250.00', '2017-08-17', 3, 3, '2017-08-30', '2017-08-30'),
(713, 6, 1, '0.00', '2017-08-17', 3, 3, '2017-08-30', '2017-08-30'),
(714, 7, 1, '0.00', '2017-08-17', 3, 3, '2017-08-30', '2017-08-30'),
(715, 8, 1, '0.00', '2017-08-17', 3, 3, '2017-08-30', '2017-08-30'),
(716, 9, 1, '0.00', '2017-08-17', 3, 3, '2017-08-30', '2017-08-30'),
(717, 10, 1, '0.00', '2017-08-17', 3, 3, '2017-08-30', '2017-08-30'),
(718, 11, 1, '0.00', '2017-08-17', 3, 3, '2017-08-30', '2017-08-30'),
(719, 1, 2, '80.00', '2017-08-17', 3, 3, '2017-08-30', '2017-08-30'),
(720, 2, 2, '0.00', '2017-08-17', 3, 3, '2017-08-30', '2017-08-30'),
(721, 3, 2, '0.00', '2017-08-17', 3, 3, '2017-08-30', '2017-08-30'),
(722, 4, 2, '0.00', '2017-08-17', 3, 3, '2017-08-30', '2017-08-30'),
(723, 5, 2, '0.00', '2017-08-17', 3, 3, '2017-08-30', '2017-08-30'),
(724, 6, 2, '0.00', '2017-08-17', 3, 3, '2017-08-30', '2017-08-30'),
(725, 7, 2, '0.00', '2017-08-17', 3, 3, '2017-08-30', '2017-08-30'),
(726, 8, 2, '0.00', '2017-08-17', 3, 3, '2017-08-30', '2017-08-30'),
(727, 9, 2, '0.00', '2017-08-17', 3, 3, '2017-08-30', '2017-08-30'),
(728, 10, 2, '0.00', '2017-08-17', 3, 3, '2017-08-30', '2017-08-30'),
(729, 11, 2, '0.00', '2017-08-17', 3, 3, '2017-08-30', '2017-08-30'),
(730, 1, 3, '100.00', '2017-08-17', 3, 3, '2017-08-30', '2017-08-30'),
(731, 2, 3, '0.00', '2017-08-17', 3, 3, '2017-08-30', '2017-08-30'),
(732, 3, 3, '0.00', '2017-08-17', 3, 3, '2017-08-30', '2017-08-30'),
(733, 4, 3, '0.00', '2017-08-17', 3, 3, '2017-08-30', '2017-08-30'),
(734, 5, 3, '0.00', '2017-08-17', 3, 3, '2017-08-30', '2017-08-30'),
(735, 6, 3, '0.00', '2017-08-17', 3, 3, '2017-08-30', '2017-08-30'),
(736, 7, 3, '0.00', '2017-08-17', 3, 3, '2017-08-30', '2017-08-30'),
(737, 8, 3, '0.00', '2017-08-17', 3, 3, '2017-08-30', '2017-08-30'),
(738, 9, 3, '0.00', '2017-08-17', 3, 3, '2017-08-30', '2017-08-30'),
(739, 10, 3, '0.00', '2017-08-17', 3, 3, '2017-08-30', '2017-08-30'),
(740, 11, 3, '0.00', '2017-08-17', 3, 3, '2017-08-30', '2017-08-30'),
(741, 1, 4, '1940.00', '2017-08-17', 3, 3, '2017-08-30', '2017-08-30'),
(742, 2, 4, '240.00', '2017-08-17', 3, 3, '2017-08-30', '2017-08-30');
INSERT INTO `ut_mis_hospital_incomes` (`hospital_income_row_id`, `income_item_row_id`, `hospital_row_id`, `amount`, `report_at`, `created_by`, `updated_by`, `created_at`, `updated_at`) VALUES
(743, 3, 4, '2530.00', '2017-08-17', 3, 3, '2017-08-30', '2017-08-30'),
(744, 4, 4, '300.00', '2017-08-17', 3, 3, '2017-08-30', '2017-08-30'),
(745, 5, 4, '0.00', '2017-08-17', 3, 3, '2017-08-30', '2017-08-30'),
(746, 6, 4, '0.00', '2017-08-17', 3, 3, '2017-08-30', '2017-08-30'),
(747, 7, 4, '0.00', '2017-08-17', 3, 3, '2017-08-30', '2017-08-30'),
(748, 8, 4, '0.00', '2017-08-17', 3, 3, '2017-08-30', '2017-08-30'),
(749, 9, 4, '0.00', '2017-08-17', 3, 3, '2017-08-30', '2017-08-30'),
(750, 10, 4, '0.00', '2017-08-17', 3, 3, '2017-08-30', '2017-08-30'),
(751, 11, 4, '0.00', '2017-08-17', 3, 3, '2017-08-30', '2017-08-30'),
(752, 1, 5, '3300.00', '2017-08-17', 3, 3, '2017-08-30', '2017-08-30'),
(753, 2, 5, '350.00', '2017-08-17', 3, 3, '2017-08-30', '2017-08-30'),
(754, 3, 5, '1910.00', '2017-08-17', 3, 3, '2017-08-30', '2017-08-30'),
(755, 4, 5, '750.00', '2017-08-17', 3, 3, '2017-08-30', '2017-08-30'),
(756, 5, 5, '3600.00', '2017-08-17', 3, 3, '2017-08-30', '2017-08-30'),
(757, 6, 5, '0.00', '2017-08-17', 3, 3, '2017-08-30', '2017-08-30'),
(758, 7, 5, '2250.00', '2017-08-17', 3, 3, '2017-08-30', '2017-08-30'),
(759, 8, 5, '300.00', '2017-08-17', 3, 3, '2017-08-30', '2017-08-30'),
(760, 9, 5, '0.00', '2017-08-17', 3, 3, '2017-08-30', '2017-08-30'),
(761, 10, 5, '0.00', '2017-08-17', 3, 3, '2017-08-30', '2017-08-30'),
(762, 11, 5, '0.00', '2017-08-17', 3, 3, '2017-08-30', '2017-08-30'),
(763, 1, 7, '75.00', '2017-08-17', 3, 3, '2017-08-30', '2017-08-30'),
(764, 2, 7, '0.00', '2017-08-17', 3, 3, '2017-08-30', '2017-08-30'),
(765, 3, 7, '0.00', '2017-08-17', 3, 3, '2017-08-30', '2017-08-30'),
(766, 4, 7, '0.00', '2017-08-17', 3, 3, '2017-08-30', '2017-08-30'),
(767, 5, 7, '0.00', '2017-08-17', 3, 3, '2017-08-30', '2017-08-30'),
(768, 6, 7, '0.00', '2017-08-17', 3, 3, '2017-08-30', '2017-08-30'),
(769, 7, 7, '0.00', '2017-08-17', 3, 3, '2017-08-30', '2017-08-30'),
(770, 8, 7, '0.00', '2017-08-17', 3, 3, '2017-08-30', '2017-08-30'),
(771, 9, 7, '0.00', '2017-08-17', 3, 3, '2017-08-30', '2017-08-30'),
(772, 10, 7, '0.00', '2017-08-17', 3, 3, '2017-08-30', '2017-08-30'),
(773, 11, 7, '0.00', '2017-08-17', 3, 3, '2017-08-30', '2017-08-30'),
(774, 1, 1, '1660.00', '2017-08-18', 3, 3, '2017-08-30', '2017-08-30'),
(775, 2, 1, '30.00', '2017-08-18', 3, 3, '2017-08-30', '2017-08-30'),
(776, 3, 1, '620.00', '2017-08-18', 3, 3, '2017-08-30', '2017-08-30'),
(777, 4, 1, '300.00', '2017-08-18', 3, 3, '2017-08-30', '2017-08-30'),
(778, 5, 1, '0.00', '2017-08-18', 3, 3, '2017-08-30', '2017-08-30'),
(779, 6, 1, '0.00', '2017-08-18', 3, 3, '2017-08-30', '2017-08-30'),
(780, 7, 1, '0.00', '2017-08-18', 3, 3, '2017-08-30', '2017-08-30'),
(781, 8, 1, '0.00', '2017-08-18', 3, 3, '2017-08-30', '2017-08-30'),
(782, 9, 1, '42000.00', '2017-08-18', 3, 3, '2017-08-30', '2017-08-30'),
(783, 10, 1, '6000.00', '2017-08-18', 3, 3, '2017-08-30', '2017-08-30'),
(784, 11, 1, '0.00', '2017-08-18', 3, 3, '2017-08-30', '2017-08-30'),
(785, 1, 2, '170.00', '2017-08-18', 3, 3, '2017-08-30', '2017-08-30'),
(786, 2, 2, '0.00', '2017-08-18', 3, 3, '2017-08-30', '2017-08-30'),
(787, 3, 2, '0.00', '2017-08-18', 3, 3, '2017-08-30', '2017-08-30'),
(788, 4, 2, '0.00', '2017-08-18', 3, 3, '2017-08-30', '2017-08-30'),
(789, 5, 2, '0.00', '2017-08-18', 3, 3, '2017-08-30', '2017-08-30'),
(790, 6, 2, '0.00', '2017-08-18', 3, 3, '2017-08-30', '2017-08-30'),
(791, 7, 2, '0.00', '2017-08-18', 3, 3, '2017-08-30', '2017-08-30'),
(792, 8, 2, '0.00', '2017-08-18', 3, 3, '2017-08-30', '2017-08-30'),
(793, 9, 2, '0.00', '2017-08-18', 3, 3, '2017-08-30', '2017-08-30'),
(794, 10, 2, '0.00', '2017-08-18', 3, 3, '2017-08-30', '2017-08-30'),
(795, 11, 2, '0.00', '2017-08-18', 3, 3, '2017-08-30', '2017-08-30'),
(796, 1, 3, '1460.00', '2017-08-18', 3, 3, '2017-08-30', '2017-08-30'),
(797, 2, 3, '0.00', '2017-08-18', 3, 3, '2017-08-30', '2017-08-30'),
(798, 3, 3, '0.00', '2017-08-18', 3, 3, '2017-08-30', '2017-08-30'),
(799, 4, 3, '0.00', '2017-08-18', 3, 3, '2017-08-30', '2017-08-30'),
(800, 5, 3, '0.00', '2017-08-18', 3, 3, '2017-08-30', '2017-08-30'),
(801, 6, 3, '0.00', '2017-08-18', 3, 3, '2017-08-30', '2017-08-30'),
(802, 7, 3, '0.00', '2017-08-18', 3, 3, '2017-08-30', '2017-08-30'),
(803, 8, 3, '0.00', '2017-08-18', 3, 3, '2017-08-30', '2017-08-30'),
(804, 9, 3, '0.00', '2017-08-18', 3, 3, '2017-08-30', '2017-08-30'),
(805, 10, 3, '0.00', '2017-08-18', 3, 3, '2017-08-30', '2017-08-30'),
(806, 11, 3, '0.00', '2017-08-18', 3, 3, '2017-08-30', '2017-08-30'),
(807, 1, 4, '1400.00', '2017-08-18', 3, 3, '2017-08-30', '2017-08-30'),
(808, 2, 4, '300.00', '2017-08-18', 3, 3, '2017-08-30', '2017-08-30'),
(809, 3, 4, '200.00', '2017-08-18', 3, 3, '2017-08-30', '2017-08-30'),
(810, 4, 4, '750.00', '2017-08-18', 3, 3, '2017-08-30', '2017-08-30'),
(811, 5, 4, '1200.00', '2017-08-18', 3, 3, '2017-08-30', '2017-08-30'),
(812, 6, 4, '0.00', '2017-08-18', 3, 3, '2017-08-30', '2017-08-30'),
(813, 7, 4, '0.00', '2017-08-18', 3, 3, '2017-08-30', '2017-08-30'),
(814, 8, 4, '0.00', '2017-08-18', 3, 3, '2017-08-30', '2017-08-30'),
(815, 9, 4, '0.00', '2017-08-18', 3, 3, '2017-08-30', '2017-08-30'),
(816, 10, 4, '0.00', '2017-08-18', 3, 3, '2017-08-30', '2017-08-30'),
(817, 11, 4, '0.00', '2017-08-18', 3, 3, '2017-08-30', '2017-08-30'),
(818, 1, 5, '2500.00', '2017-08-18', 3, 3, '2017-08-30', '2017-08-30'),
(819, 2, 5, '150.00', '2017-08-18', 3, 3, '2017-08-30', '2017-08-30'),
(820, 3, 5, '2610.00', '2017-08-18', 3, 3, '2017-08-30', '2017-08-30'),
(821, 4, 5, '750.00', '2017-08-18', 3, 3, '2017-08-30', '2017-08-30'),
(822, 5, 5, '300.00', '2017-08-18', 3, 3, '2017-08-30', '2017-08-30'),
(823, 6, 5, '0.00', '2017-08-18', 3, 3, '2017-08-30', '2017-08-30'),
(824, 7, 5, '1050.00', '2017-08-18', 3, 3, '2017-08-30', '2017-08-30'),
(825, 8, 5, '0.00', '2017-08-18', 3, 3, '2017-08-30', '2017-08-30'),
(826, 9, 5, '0.00', '2017-08-18', 3, 3, '2017-08-30', '2017-08-30'),
(827, 10, 5, '0.00', '2017-08-18', 3, 3, '2017-08-30', '2017-08-30'),
(828, 11, 5, '0.00', '2017-08-18', 3, 3, '2017-08-30', '2017-08-30'),
(829, 1, 1, '1740.00', '2017-08-19', 3, 3, '2017-08-30', '2017-08-30'),
(830, 2, 1, '120.00', '2017-08-19', 3, 3, '2017-08-30', '2017-08-30'),
(831, 3, 1, '2165.00', '2017-08-19', 3, 3, '2017-08-30', '2017-08-30'),
(832, 4, 1, '300.00', '2017-08-19', 3, 3, '2017-08-30', '2017-08-30'),
(833, 5, 1, '0.00', '2017-08-19', 3, 3, '2017-08-30', '2017-08-30'),
(834, 6, 1, '0.00', '2017-08-19', 3, 3, '2017-08-30', '2017-08-30'),
(835, 7, 1, '0.00', '2017-08-19', 3, 3, '2017-08-30', '2017-08-30'),
(836, 8, 1, '0.00', '2017-08-19', 3, 3, '2017-08-30', '2017-08-30'),
(837, 9, 1, '0.00', '2017-08-19', 3, 3, '2017-08-30', '2017-08-30'),
(838, 10, 1, '0.00', '2017-08-19', 3, 3, '2017-08-30', '2017-08-30'),
(839, 11, 1, '0.00', '2017-08-19', 3, 3, '2017-08-30', '2017-08-30'),
(840, 1, 2, '260.00', '2017-08-19', 3, 3, '2017-08-30', '2017-08-30'),
(841, 2, 2, '0.00', '2017-08-19', 3, 3, '2017-08-30', '2017-08-30'),
(842, 3, 2, '0.00', '2017-08-19', 3, 3, '2017-08-30', '2017-08-30'),
(843, 4, 2, '0.00', '2017-08-19', 3, 3, '2017-08-30', '2017-08-30'),
(844, 5, 2, '0.00', '2017-08-19', 3, 3, '2017-08-30', '2017-08-30'),
(845, 6, 2, '0.00', '2017-08-19', 3, 3, '2017-08-30', '2017-08-30'),
(846, 7, 2, '0.00', '2017-08-19', 3, 3, '2017-08-30', '2017-08-30'),
(847, 8, 2, '0.00', '2017-08-19', 3, 3, '2017-08-30', '2017-08-30'),
(848, 9, 2, '0.00', '2017-08-19', 3, 3, '2017-08-30', '2017-08-30'),
(849, 10, 2, '0.00', '2017-08-19', 3, 3, '2017-08-30', '2017-08-30'),
(850, 11, 2, '0.00', '2017-08-19', 3, 3, '2017-08-30', '2017-08-30'),
(851, 1, 3, '140.00', '2017-08-19', 3, 3, '2017-08-30', '2017-08-30'),
(852, 2, 3, '0.00', '2017-08-19', 3, 3, '2017-08-30', '2017-08-30'),
(853, 3, 3, '0.00', '2017-08-19', 3, 3, '2017-08-30', '2017-08-30'),
(854, 4, 3, '0.00', '2017-08-19', 3, 3, '2017-08-30', '2017-08-30'),
(855, 5, 3, '0.00', '2017-08-19', 3, 3, '2017-08-30', '2017-08-30'),
(856, 6, 3, '0.00', '2017-08-19', 3, 3, '2017-08-30', '2017-08-30'),
(857, 7, 3, '0.00', '2017-08-19', 3, 3, '2017-08-30', '2017-08-30'),
(858, 8, 3, '0.00', '2017-08-19', 3, 3, '2017-08-30', '2017-08-30'),
(859, 9, 3, '0.00', '2017-08-19', 3, 3, '2017-08-30', '2017-08-30'),
(860, 10, 3, '0.00', '2017-08-19', 3, 3, '2017-08-30', '2017-08-30'),
(861, 11, 3, '0.00', '2017-08-19', 3, 3, '2017-08-30', '2017-08-30'),
(862, 1, 4, '940.00', '2017-08-19', 3, 3, '2017-08-30', '2017-08-30'),
(863, 2, 4, '180.00', '2017-08-19', 3, 3, '2017-08-30', '2017-08-30'),
(864, 3, 4, '790.00', '2017-08-19', 3, 3, '2017-08-30', '2017-08-30'),
(865, 4, 4, '0.00', '2017-08-19', 3, 3, '2017-08-30', '2017-08-30'),
(866, 5, 4, '0.00', '2017-08-19', 3, 3, '2017-08-30', '2017-08-30'),
(867, 6, 4, '0.00', '2017-08-19', 3, 3, '2017-08-30', '2017-08-30'),
(868, 7, 4, '0.00', '2017-08-19', 3, 3, '2017-08-30', '2017-08-30'),
(869, 8, 4, '0.00', '2017-08-19', 3, 3, '2017-08-30', '2017-08-30'),
(870, 9, 4, '0.00', '2017-08-19', 3, 3, '2017-08-30', '2017-08-30'),
(871, 10, 4, '0.00', '2017-08-19', 3, 3, '2017-08-30', '2017-08-30'),
(872, 11, 4, '0.00', '2017-08-19', 3, 3, '2017-08-30', '2017-08-30'),
(873, 1, 5, '2800.00', '2017-08-19', 3, 3, '2017-08-30', '2017-08-30'),
(874, 2, 5, '325.00', '2017-08-19', 3, 3, '2017-08-30', '2017-08-30'),
(875, 3, 5, '1440.00', '2017-08-19', 3, 3, '2017-08-30', '2017-08-30'),
(876, 4, 5, '900.00', '2017-08-19', 3, 3, '2017-08-30', '2017-08-30'),
(877, 5, 5, '0.00', '2017-08-19', 3, 3, '2017-08-30', '2017-08-30'),
(878, 6, 5, '0.00', '2017-08-19', 3, 3, '2017-08-30', '2017-08-30'),
(879, 7, 5, '600.00', '2017-08-19', 3, 3, '2017-08-30', '2017-08-30'),
(880, 8, 5, '0.00', '2017-08-19', 3, 3, '2017-08-30', '2017-08-30'),
(881, 9, 5, '0.00', '2017-08-19', 3, 3, '2017-08-30', '2017-08-30'),
(882, 10, 5, '0.00', '2017-08-19', 3, 3, '2017-08-30', '2017-08-30'),
(883, 11, 5, '0.00', '2017-08-19', 3, 3, '2017-08-30', '2017-08-30'),
(884, 1, 6, '70.00', '2017-08-19', 3, 3, '2017-08-30', '2017-08-30'),
(885, 2, 6, '0.00', '2017-08-19', 3, 3, '2017-08-30', '2017-08-30'),
(886, 3, 6, '0.00', '2017-08-19', 3, 3, '2017-08-30', '2017-08-30'),
(887, 4, 6, '0.00', '2017-08-19', 3, 3, '2017-08-30', '2017-08-30'),
(888, 5, 6, '0.00', '2017-08-19', 3, 3, '2017-08-30', '2017-08-30'),
(889, 6, 6, '0.00', '2017-08-19', 3, 3, '2017-08-30', '2017-08-30'),
(890, 7, 6, '0.00', '2017-08-19', 3, 3, '2017-08-30', '2017-08-30'),
(891, 8, 6, '0.00', '2017-08-19', 3, 3, '2017-08-30', '2017-08-30'),
(892, 9, 6, '0.00', '2017-08-19', 3, 3, '2017-08-30', '2017-08-30'),
(893, 10, 6, '0.00', '2017-08-19', 3, 3, '2017-08-30', '2017-08-30'),
(894, 11, 6, '0.00', '2017-08-19', 3, 3, '2017-08-30', '2017-08-30'),
(895, 1, 7, '50.00', '2017-08-19', 3, 3, '2017-08-30', '2017-08-30'),
(896, 2, 7, '0.00', '2017-08-19', 3, 3, '2017-08-30', '2017-08-30'),
(897, 3, 7, '0.00', '2017-08-19', 3, 3, '2017-08-30', '2017-08-30'),
(898, 4, 7, '0.00', '2017-08-19', 3, 3, '2017-08-30', '2017-08-30'),
(899, 5, 7, '0.00', '2017-08-19', 3, 3, '2017-08-30', '2017-08-30'),
(900, 6, 7, '0.00', '2017-08-19', 3, 3, '2017-08-30', '2017-08-30'),
(901, 7, 7, '0.00', '2017-08-19', 3, 3, '2017-08-30', '2017-08-30'),
(902, 8, 7, '0.00', '2017-08-19', 3, 3, '2017-08-30', '2017-08-30'),
(903, 9, 7, '0.00', '2017-08-19', 3, 3, '2017-08-30', '2017-08-30'),
(904, 10, 7, '0.00', '2017-08-19', 3, 3, '2017-08-30', '2017-08-30'),
(905, 11, 7, '0.00', '2017-08-19', 3, 3, '2017-08-30', '2017-08-30'),
(906, 1, 1, '3360.00', '2017-08-20', 3, 3, '2017-08-30', '2017-08-30'),
(907, 2, 1, '270.00', '2017-08-20', 3, 3, '2017-08-30', '2017-08-30'),
(908, 3, 1, '1505.00', '2017-08-20', 3, 3, '2017-08-30', '2017-08-30'),
(909, 4, 1, '300.00', '2017-08-20', 3, 3, '2017-08-30', '2017-08-30'),
(910, 5, 1, '2650.00', '2017-08-20', 3, 3, '2017-08-30', '2017-08-30'),
(911, 6, 1, '0.00', '2017-08-20', 3, 3, '2017-08-30', '2017-08-30'),
(912, 7, 1, '0.00', '2017-08-20', 3, 3, '2017-08-30', '2017-08-30'),
(913, 8, 1, '0.00', '2017-08-20', 3, 3, '2017-08-30', '2017-08-30'),
(914, 9, 1, '0.00', '2017-08-20', 3, 3, '2017-08-30', '2017-08-30'),
(915, 10, 1, '0.00', '2017-08-20', 3, 3, '2017-08-30', '2017-08-30'),
(916, 11, 1, '24000.00', '2017-08-20', 3, 3, '2017-08-30', '2017-08-30'),
(917, 1, 2, '140.00', '2017-08-20', 3, 3, '2017-08-30', '2017-08-30'),
(918, 2, 2, '0.00', '2017-08-20', 3, 3, '2017-08-30', '2017-08-30'),
(919, 3, 2, '0.00', '2017-08-20', 3, 3, '2017-08-30', '2017-08-30'),
(920, 4, 2, '0.00', '2017-08-20', 3, 3, '2017-08-30', '2017-08-30'),
(921, 5, 2, '0.00', '2017-08-20', 3, 3, '2017-08-30', '2017-08-30'),
(922, 6, 2, '0.00', '2017-08-20', 3, 3, '2017-08-30', '2017-08-30'),
(923, 7, 2, '0.00', '2017-08-20', 3, 3, '2017-08-30', '2017-08-30'),
(924, 8, 2, '0.00', '2017-08-20', 3, 3, '2017-08-30', '2017-08-30'),
(925, 9, 2, '0.00', '2017-08-20', 3, 3, '2017-08-30', '2017-08-30'),
(926, 10, 2, '0.00', '2017-08-20', 3, 3, '2017-08-30', '2017-08-30'),
(927, 11, 2, '0.00', '2017-08-20', 3, 3, '2017-08-30', '2017-08-30'),
(928, 1, 3, '280.00', '2017-08-20', 3, 3, '2017-08-30', '2017-08-30'),
(929, 2, 3, '0.00', '2017-08-20', 3, 3, '2017-08-30', '2017-08-30'),
(930, 3, 3, '0.00', '2017-08-20', 3, 3, '2017-08-30', '2017-08-30'),
(931, 4, 3, '0.00', '2017-08-20', 3, 3, '2017-08-30', '2017-08-30'),
(932, 5, 3, '0.00', '2017-08-20', 3, 3, '2017-08-30', '2017-08-30'),
(933, 6, 3, '0.00', '2017-08-20', 3, 3, '2017-08-30', '2017-08-30'),
(934, 7, 3, '0.00', '2017-08-20', 3, 3, '2017-08-30', '2017-08-30'),
(935, 8, 3, '0.00', '2017-08-20', 3, 3, '2017-08-30', '2017-08-30'),
(936, 9, 3, '0.00', '2017-08-20', 3, 3, '2017-08-30', '2017-08-30'),
(937, 10, 3, '0.00', '2017-08-20', 3, 3, '2017-08-30', '2017-08-30'),
(938, 11, 3, '0.00', '2017-08-20', 3, 3, '2017-08-30', '2017-08-30'),
(939, 1, 4, '1200.00', '2017-08-20', 3, 3, '2017-08-30', '2017-08-30'),
(940, 2, 4, '270.00', '2017-08-20', 3, 3, '2017-08-30', '2017-08-30'),
(941, 3, 4, '740.00', '2017-08-20', 3, 3, '2017-08-30', '2017-08-30'),
(942, 4, 4, '300.00', '2017-08-20', 3, 3, '2017-08-30', '2017-08-30'),
(943, 5, 4, '800.00', '2017-08-20', 3, 3, '2017-08-30', '2017-08-30'),
(944, 6, 4, '0.00', '2017-08-20', 3, 3, '2017-08-30', '2017-08-30'),
(945, 7, 4, '0.00', '2017-08-20', 3, 3, '2017-08-30', '2017-08-30'),
(946, 8, 4, '0.00', '2017-08-20', 3, 3, '2017-08-30', '2017-08-30'),
(947, 9, 4, '0.00', '2017-08-20', 3, 3, '2017-08-30', '2017-08-30'),
(948, 10, 4, '0.00', '2017-08-20', 3, 3, '2017-08-30', '2017-08-30'),
(949, 11, 4, '0.00', '2017-08-20', 3, 3, '2017-08-30', '2017-08-30'),
(950, 1, 5, '2100.00', '2017-08-20', 3, 3, '2017-08-30', '2017-08-30'),
(951, 2, 5, '200.00', '2017-08-20', 3, 3, '2017-08-30', '2017-08-30'),
(952, 3, 5, '1840.00', '2017-08-20', 3, 3, '2017-08-30', '2017-08-30'),
(953, 4, 5, '1050.00', '2017-08-20', 3, 3, '2017-08-30', '2017-08-30'),
(954, 5, 5, '0.00', '2017-08-20', 3, 3, '2017-08-30', '2017-08-30'),
(955, 6, 5, '0.00', '2017-08-20', 3, 3, '2017-08-30', '2017-08-30'),
(956, 7, 5, '900.00', '2017-08-20', 3, 3, '2017-08-30', '2017-08-30'),
(957, 8, 5, '0.00', '2017-08-20', 3, 3, '2017-08-30', '2017-08-30'),
(958, 9, 5, '0.00', '2017-08-20', 3, 3, '2017-08-30', '2017-08-30'),
(959, 10, 5, '0.00', '2017-08-20', 3, 3, '2017-08-30', '2017-08-30'),
(960, 11, 5, '0.00', '2017-08-20', 3, 3, '2017-08-30', '2017-08-30'),
(961, 1, 1, '3120.00', '2017-08-21', 3, 3, '2017-08-30', '2017-08-30'),
(962, 2, 1, '300.00', '2017-08-21', 3, 3, '2017-08-30', '2017-08-30'),
(963, 3, 1, '450.00', '2017-08-21', 3, 3, '2017-08-30', '2017-08-30'),
(964, 4, 1, '3055.00', '2017-08-21', 3, 3, '2017-08-30', '2017-08-30'),
(965, 5, 1, '2100.00', '2017-08-21', 3, 3, '2017-08-30', '2017-08-30'),
(966, 6, 1, '0.00', '2017-08-21', 3, 3, '2017-08-30', '2017-08-30'),
(967, 7, 1, '0.00', '2017-08-21', 3, 3, '2017-08-30', '2017-08-30'),
(968, 8, 1, '0.00', '2017-08-21', 3, 3, '2017-08-30', '2017-08-30'),
(969, 9, 1, '0.00', '2017-08-21', 3, 3, '2017-08-30', '2017-08-30'),
(970, 10, 1, '0.00', '2017-08-21', 3, 3, '2017-08-30', '2017-08-30'),
(971, 11, 1, '0.00', '2017-08-21', 3, 3, '2017-08-30', '2017-08-30'),
(972, 1, 2, '160.00', '2017-08-21', 3, 3, '2017-08-30', '2017-08-30'),
(973, 2, 2, '0.00', '2017-08-21', 3, 3, '2017-08-30', '2017-08-30'),
(974, 3, 2, '0.00', '2017-08-21', 3, 3, '2017-08-30', '2017-08-30'),
(975, 4, 2, '0.00', '2017-08-21', 3, 3, '2017-08-30', '2017-08-30'),
(976, 5, 2, '0.00', '2017-08-21', 3, 3, '2017-08-30', '2017-08-30'),
(977, 6, 2, '0.00', '2017-08-21', 3, 3, '2017-08-30', '2017-08-30'),
(978, 7, 2, '0.00', '2017-08-21', 3, 3, '2017-08-30', '2017-08-30'),
(979, 8, 2, '0.00', '2017-08-21', 3, 3, '2017-08-30', '2017-08-30'),
(980, 9, 2, '0.00', '2017-08-21', 3, 3, '2017-08-30', '2017-08-30'),
(981, 10, 2, '0.00', '2017-08-21', 3, 3, '2017-08-30', '2017-08-30'),
(982, 11, 2, '0.00', '2017-08-21', 3, 3, '2017-08-30', '2017-08-30'),
(983, 1, 3, '100.00', '2017-08-21', 3, 3, '2017-08-30', '2017-08-30'),
(984, 2, 3, '0.00', '2017-08-21', 3, 3, '2017-08-30', '2017-08-30'),
(985, 3, 3, '0.00', '2017-08-21', 3, 3, '2017-08-30', '2017-08-30'),
(986, 4, 3, '0.00', '2017-08-21', 3, 3, '2017-08-30', '2017-08-30'),
(987, 5, 3, '0.00', '2017-08-21', 3, 3, '2017-08-30', '2017-08-30'),
(988, 6, 3, '0.00', '2017-08-21', 3, 3, '2017-08-30', '2017-08-30'),
(989, 7, 3, '0.00', '2017-08-21', 3, 3, '2017-08-30', '2017-08-30'),
(990, 8, 3, '0.00', '2017-08-21', 3, 3, '2017-08-30', '2017-08-30'),
(991, 9, 3, '0.00', '2017-08-21', 3, 3, '2017-08-30', '2017-08-30'),
(992, 10, 3, '0.00', '2017-08-21', 3, 3, '2017-08-30', '2017-08-30'),
(993, 11, 3, '0.00', '2017-08-21', 3, 3, '2017-08-30', '2017-08-30'),
(994, 1, 4, '1940.00', '2017-08-21', 3, 3, '2017-08-30', '2017-08-30'),
(995, 2, 4, '180.00', '2017-08-21', 3, 3, '2017-08-30', '2017-08-30'),
(996, 3, 4, '1880.00', '2017-08-21', 3, 3, '2017-08-30', '2017-08-30'),
(997, 4, 4, '900.00', '2017-08-21', 3, 3, '2017-08-30', '2017-08-30'),
(998, 5, 4, '600.00', '2017-08-21', 3, 3, '2017-08-30', '2017-08-30'),
(999, 6, 4, '0.00', '2017-08-21', 3, 3, '2017-08-30', '2017-08-30'),
(1000, 7, 4, '0.00', '2017-08-21', 3, 3, '2017-08-30', '2017-08-30'),
(1001, 8, 4, '0.00', '2017-08-21', 3, 3, '2017-08-30', '2017-08-30'),
(1002, 9, 4, '0.00', '2017-08-21', 3, 3, '2017-08-30', '2017-08-30'),
(1003, 10, 4, '0.00', '2017-08-21', 3, 3, '2017-08-30', '2017-08-30'),
(1004, 11, 4, '0.00', '2017-08-21', 3, 3, '2017-08-30', '2017-08-30'),
(1005, 1, 5, '1300.00', '2017-08-21', 3, 3, '2017-08-30', '2017-08-30'),
(1006, 2, 5, '150.00', '2017-08-21', 3, 3, '2017-08-30', '2017-08-30'),
(1007, 3, 5, '960.00', '2017-08-21', 3, 3, '2017-08-30', '2017-08-30'),
(1008, 4, 5, '1200.00', '2017-08-21', 3, 3, '2017-08-30', '2017-08-30'),
(1009, 5, 5, '0.00', '2017-08-21', 3, 3, '2017-08-30', '2017-08-30'),
(1010, 6, 5, '0.00', '2017-08-21', 3, 3, '2017-08-30', '2017-08-30'),
(1011, 7, 5, '1050.00', '2017-08-21', 3, 3, '2017-08-30', '2017-08-30'),
(1012, 8, 5, '0.00', '2017-08-21', 3, 3, '2017-08-30', '2017-08-30'),
(1013, 9, 5, '0.00', '2017-08-21', 3, 3, '2017-08-30', '2017-08-30'),
(1014, 10, 5, '0.00', '2017-08-21', 3, 3, '2017-08-30', '2017-08-30'),
(1015, 11, 5, '0.00', '2017-08-21', 3, 3, '2017-08-30', '2017-08-30'),
(1016, 1, 6, '150.00', '2017-08-21', 3, 3, '2017-08-30', '2017-08-30'),
(1017, 2, 6, '0.00', '2017-08-21', 3, 3, '2017-08-30', '2017-08-30'),
(1018, 3, 6, '0.00', '2017-08-21', 3, 3, '2017-08-30', '2017-08-30'),
(1019, 4, 6, '0.00', '2017-08-21', 3, 3, '2017-08-30', '2017-08-30'),
(1020, 5, 6, '0.00', '2017-08-21', 3, 3, '2017-08-30', '2017-08-30'),
(1021, 6, 6, '0.00', '2017-08-21', 3, 3, '2017-08-30', '2017-08-30'),
(1022, 7, 6, '0.00', '2017-08-21', 3, 3, '2017-08-30', '2017-08-30'),
(1023, 8, 6, '0.00', '2017-08-21', 3, 3, '2017-08-30', '2017-08-30'),
(1024, 9, 6, '0.00', '2017-08-21', 3, 3, '2017-08-30', '2017-08-30'),
(1025, 10, 6, '0.00', '2017-08-21', 3, 3, '2017-08-30', '2017-08-30'),
(1026, 11, 6, '0.00', '2017-08-21', 3, 3, '2017-08-30', '2017-08-30'),
(1027, 1, 7, '60.00', '2017-08-21', 3, 3, '2017-08-30', '2017-08-30'),
(1028, 2, 7, '0.00', '2017-08-21', 3, 3, '2017-08-30', '2017-08-30'),
(1029, 3, 7, '0.00', '2017-08-21', 3, 3, '2017-08-30', '2017-08-30'),
(1030, 4, 7, '0.00', '2017-08-21', 3, 3, '2017-08-30', '2017-08-30'),
(1031, 5, 7, '0.00', '2017-08-21', 3, 3, '2017-08-30', '2017-08-30'),
(1032, 6, 7, '0.00', '2017-08-21', 3, 3, '2017-08-30', '2017-08-30'),
(1033, 7, 7, '0.00', '2017-08-21', 3, 3, '2017-08-30', '2017-08-30'),
(1034, 8, 7, '0.00', '2017-08-21', 3, 3, '2017-08-30', '2017-08-30'),
(1035, 9, 7, '0.00', '2017-08-21', 3, 3, '2017-08-30', '2017-08-30'),
(1036, 10, 7, '0.00', '2017-08-21', 3, 3, '2017-08-30', '2017-08-30'),
(1037, 11, 7, '0.00', '2017-08-21', 3, 3, '2017-08-30', '2017-08-30'),
(1038, 1, 1, '2700.00', '2017-08-22', 3, 3, '2017-08-30', '2017-08-30'),
(1039, 2, 1, '330.00', '2017-08-22', 3, 3, '2017-08-30', '2017-08-30'),
(1040, 3, 1, '1730.00', '2017-08-22', 3, 3, '2017-08-30', '2017-08-30'),
(1041, 4, 1, '300.00', '2017-08-22', 3, 3, '2017-08-30', '2017-08-30'),
(1042, 5, 1, '1650.00', '2017-08-22', 3, 3, '2017-08-30', '2017-08-30'),
(1043, 6, 1, '0.00', '2017-08-22', 3, 3, '2017-08-30', '2017-08-30'),
(1044, 7, 1, '0.00', '2017-08-22', 3, 3, '2017-08-30', '2017-08-30'),
(1045, 8, 1, '0.00', '2017-08-22', 3, 3, '2017-08-30', '2017-08-30'),
(1046, 9, 1, '0.00', '2017-08-22', 3, 3, '2017-08-30', '2017-08-30'),
(1047, 10, 1, '0.00', '2017-08-22', 3, 3, '2017-08-30', '2017-08-30'),
(1048, 11, 1, '0.00', '2017-08-22', 3, 3, '2017-08-30', '2017-08-30'),
(1049, 1, 2, '240.00', '2017-08-22', 3, 3, '2017-08-30', '2017-08-30'),
(1050, 2, 2, '0.00', '2017-08-22', 3, 3, '2017-08-30', '2017-08-30'),
(1051, 3, 2, '0.00', '2017-08-22', 3, 3, '2017-08-30', '2017-08-30'),
(1052, 4, 2, '0.00', '2017-08-22', 3, 3, '2017-08-30', '2017-08-30'),
(1053, 5, 2, '0.00', '2017-08-22', 3, 3, '2017-08-30', '2017-08-30'),
(1054, 6, 2, '0.00', '2017-08-22', 3, 3, '2017-08-30', '2017-08-30'),
(1055, 7, 2, '0.00', '2017-08-22', 3, 3, '2017-08-30', '2017-08-30'),
(1056, 8, 2, '0.00', '2017-08-22', 3, 3, '2017-08-30', '2017-08-30'),
(1057, 9, 2, '0.00', '2017-08-22', 3, 3, '2017-08-30', '2017-08-30'),
(1058, 10, 2, '0.00', '2017-08-22', 3, 3, '2017-08-30', '2017-08-30'),
(1059, 11, 2, '0.00', '2017-08-22', 3, 3, '2017-08-30', '2017-08-30'),
(1060, 1, 3, '440.00', '2017-08-22', 3, 3, '2017-08-30', '2017-08-30'),
(1061, 2, 3, '0.00', '2017-08-22', 3, 3, '2017-08-30', '2017-08-30'),
(1062, 3, 3, '0.00', '2017-08-22', 3, 3, '2017-08-30', '2017-08-30'),
(1063, 4, 3, '0.00', '2017-08-22', 3, 3, '2017-08-30', '2017-08-30'),
(1064, 5, 3, '0.00', '2017-08-22', 3, 3, '2017-08-30', '2017-08-30'),
(1065, 6, 3, '0.00', '2017-08-22', 3, 3, '2017-08-30', '2017-08-30'),
(1066, 7, 3, '0.00', '2017-08-22', 3, 3, '2017-08-30', '2017-08-30'),
(1067, 8, 3, '0.00', '2017-08-22', 3, 3, '2017-08-30', '2017-08-30'),
(1068, 9, 3, '0.00', '2017-08-22', 3, 3, '2017-08-30', '2017-08-30'),
(1069, 10, 3, '0.00', '2017-08-22', 3, 3, '2017-08-30', '2017-08-30'),
(1070, 11, 3, '0.00', '2017-08-22', 3, 3, '2017-08-30', '2017-08-30'),
(1071, 1, 4, '1180.00', '2017-08-22', 3, 3, '2017-08-30', '2017-08-30'),
(1072, 2, 4, '90.00', '2017-08-22', 3, 3, '2017-08-30', '2017-08-30'),
(1073, 3, 4, '980.00', '2017-08-22', 3, 3, '2017-08-30', '2017-08-30'),
(1074, 4, 4, '150.00', '2017-08-22', 3, 3, '2017-08-30', '2017-08-30'),
(1075, 5, 4, '0.00', '2017-08-22', 3, 3, '2017-08-30', '2017-08-30'),
(1076, 6, 4, '0.00', '2017-08-22', 3, 3, '2017-08-30', '2017-08-30'),
(1077, 7, 4, '0.00', '2017-08-22', 3, 3, '2017-08-30', '2017-08-30'),
(1078, 8, 4, '0.00', '2017-08-22', 3, 3, '2017-08-30', '2017-08-30'),
(1079, 9, 4, '0.00', '2017-08-22', 3, 3, '2017-08-30', '2017-08-30'),
(1080, 10, 4, '0.00', '2017-08-22', 3, 3, '2017-08-30', '2017-08-30'),
(1081, 11, 4, '0.00', '2017-08-22', 3, 3, '2017-08-30', '2017-08-30'),
(1082, 1, 5, '825.00', '2017-08-22', 3, 3, '2017-08-30', '2017-08-30'),
(1083, 2, 5, '50.00', '2017-08-22', 3, 3, '2017-08-30', '2017-08-30'),
(1084, 3, 5, '660.00', '2017-08-22', 3, 3, '2017-08-30', '2017-08-30'),
(1085, 4, 5, '150.00', '2017-08-22', 3, 3, '2017-08-30', '2017-08-30'),
(1086, 5, 5, '0.00', '2017-08-22', 3, 3, '2017-08-30', '2017-08-30'),
(1087, 6, 5, '0.00', '2017-08-22', 3, 3, '2017-08-30', '2017-08-30'),
(1088, 7, 5, '450.00', '2017-08-22', 3, 3, '2017-08-30', '2017-08-30'),
(1089, 8, 5, '0.00', '2017-08-22', 3, 3, '2017-08-30', '2017-08-30'),
(1090, 9, 5, '0.00', '2017-08-22', 3, 3, '2017-08-30', '2017-08-30'),
(1091, 10, 5, '0.00', '2017-08-22', 3, 3, '2017-08-30', '2017-08-30'),
(1092, 11, 5, '0.00', '2017-08-22', 3, 3, '2017-08-30', '2017-08-30'),
(1093, 1, 6, '170.00', '2017-08-22', 3, 3, '2017-08-30', '2017-08-30'),
(1094, 2, 6, '0.00', '2017-08-22', 3, 3, '2017-08-30', '2017-08-30'),
(1095, 3, 6, '0.00', '2017-08-22', 3, 3, '2017-08-30', '2017-08-30'),
(1096, 4, 6, '0.00', '2017-08-22', 3, 3, '2017-08-30', '2017-08-30'),
(1097, 5, 6, '0.00', '2017-08-22', 3, 3, '2017-08-30', '2017-08-30'),
(1098, 6, 6, '0.00', '2017-08-22', 3, 3, '2017-08-30', '2017-08-30'),
(1099, 7, 6, '0.00', '2017-08-22', 3, 3, '2017-08-30', '2017-08-30'),
(1100, 8, 6, '0.00', '2017-08-22', 3, 3, '2017-08-30', '2017-08-30'),
(1101, 9, 6, '0.00', '2017-08-22', 3, 3, '2017-08-30', '2017-08-30'),
(1102, 10, 6, '0.00', '2017-08-22', 3, 3, '2017-08-30', '2017-08-30'),
(1103, 11, 6, '0.00', '2017-08-22', 3, 3, '2017-08-30', '2017-08-30'),
(1104, 1, 7, '70.00', '2017-08-22', 3, 3, '2017-08-30', '2017-08-30'),
(1105, 2, 7, '0.00', '2017-08-22', 3, 3, '2017-08-30', '2017-08-30'),
(1106, 3, 7, '0.00', '2017-08-22', 3, 3, '2017-08-30', '2017-08-30'),
(1107, 4, 7, '0.00', '2017-08-22', 3, 3, '2017-08-30', '2017-08-30'),
(1108, 5, 7, '0.00', '2017-08-22', 3, 3, '2017-08-30', '2017-08-30'),
(1109, 6, 7, '0.00', '2017-08-22', 3, 3, '2017-08-30', '2017-08-30'),
(1110, 7, 7, '0.00', '2017-08-22', 3, 3, '2017-08-30', '2017-08-30'),
(1111, 8, 7, '0.00', '2017-08-22', 3, 3, '2017-08-30', '2017-08-30'),
(1112, 9, 7, '0.00', '2017-08-22', 3, 3, '2017-08-30', '2017-08-30'),
(1113, 10, 7, '0.00', '2017-08-22', 3, 3, '2017-08-30', '2017-08-30'),
(1114, 11, 7, '0.00', '2017-08-22', 3, 3, '2017-08-30', '2017-08-30'),
(1115, 1, 1, '3820.00', '2017-08-23', 3, 3, '2017-08-30', '2017-08-30'),
(1116, 2, 1, '300.00', '2017-08-23', 3, 3, '2017-08-30', '2017-08-30'),
(1117, 3, 1, '2895.00', '2017-08-23', 3, 3, '2017-08-30', '2017-08-30'),
(1118, 4, 1, '1500.00', '2017-08-23', 3, 3, '2017-08-30', '2017-08-30'),
(1119, 5, 1, '3300.00', '2017-08-23', 3, 3, '2017-08-30', '2017-08-30'),
(1120, 6, 1, '0.00', '2017-08-23', 3, 3, '2017-08-30', '2017-08-30'),
(1121, 7, 1, '0.00', '2017-08-23', 3, 3, '2017-08-30', '2017-08-30'),
(1122, 8, 1, '0.00', '2017-08-23', 3, 3, '2017-08-30', '2017-08-30'),
(1123, 9, 1, '0.00', '2017-08-23', 3, 3, '2017-08-30', '2017-08-30'),
(1124, 10, 1, '0.00', '2017-08-23', 3, 3, '2017-08-30', '2017-08-30'),
(1125, 11, 1, '0.00', '2017-08-23', 3, 3, '2017-08-30', '2017-08-30'),
(1126, 1, 2, '160.00', '2017-08-23', 3, 3, '2017-08-30', '2017-08-30'),
(1127, 2, 2, '0.00', '2017-08-23', 3, 3, '2017-08-30', '2017-08-30'),
(1128, 3, 2, '0.00', '2017-08-23', 3, 3, '2017-08-30', '2017-08-30'),
(1129, 4, 2, '0.00', '2017-08-23', 3, 3, '2017-08-30', '2017-08-30'),
(1130, 5, 2, '0.00', '2017-08-23', 3, 3, '2017-08-30', '2017-08-30'),
(1131, 6, 2, '0.00', '2017-08-23', 3, 3, '2017-08-30', '2017-08-30'),
(1132, 7, 2, '0.00', '2017-08-23', 3, 3, '2017-08-30', '2017-08-30'),
(1133, 8, 2, '0.00', '2017-08-23', 3, 3, '2017-08-30', '2017-08-30'),
(1134, 9, 2, '0.00', '2017-08-23', 3, 3, '2017-08-30', '2017-08-30'),
(1135, 10, 2, '0.00', '2017-08-23', 3, 3, '2017-08-30', '2017-08-30'),
(1136, 11, 2, '0.00', '2017-08-23', 3, 3, '2017-08-30', '2017-08-30'),
(1137, 1, 3, '500.00', '2017-08-23', 3, 3, '2017-08-30', '2017-08-30'),
(1138, 2, 3, '0.00', '2017-08-23', 3, 3, '2017-08-30', '2017-08-30'),
(1139, 3, 3, '0.00', '2017-08-23', 3, 3, '2017-08-30', '2017-08-30'),
(1140, 4, 3, '0.00', '2017-08-23', 3, 3, '2017-08-30', '2017-08-30'),
(1141, 5, 3, '0.00', '2017-08-23', 3, 3, '2017-08-30', '2017-08-30'),
(1142, 6, 3, '0.00', '2017-08-23', 3, 3, '2017-08-30', '2017-08-30'),
(1143, 7, 3, '0.00', '2017-08-23', 3, 3, '2017-08-30', '2017-08-30'),
(1144, 8, 3, '0.00', '2017-08-23', 3, 3, '2017-08-30', '2017-08-30'),
(1145, 9, 3, '0.00', '2017-08-23', 3, 3, '2017-08-30', '2017-08-30'),
(1146, 10, 3, '0.00', '2017-08-23', 3, 3, '2017-08-30', '2017-08-30'),
(1147, 11, 3, '0.00', '2017-08-23', 3, 3, '2017-08-30', '2017-08-30'),
(1148, 1, 4, '1040.00', '2017-08-23', 3, 3, '2017-08-30', '2017-08-30'),
(1149, 2, 4, '180.00', '2017-08-23', 3, 3, '2017-08-30', '2017-08-30'),
(1150, 3, 4, '100.00', '2017-08-23', 3, 3, '2017-08-30', '2017-08-30'),
(1151, 4, 4, '300.00', '2017-08-23', 3, 3, '2017-08-30', '2017-08-30'),
(1152, 5, 4, '0.00', '2017-08-23', 3, 3, '2017-08-30', '2017-08-30'),
(1153, 6, 4, '0.00', '2017-08-23', 3, 3, '2017-08-30', '2017-08-30'),
(1154, 7, 4, '0.00', '2017-08-23', 3, 3, '2017-08-30', '2017-08-30'),
(1155, 8, 4, '0.00', '2017-08-23', 3, 3, '2017-08-30', '2017-08-30'),
(1156, 9, 4, '0.00', '2017-08-23', 3, 3, '2017-08-30', '2017-08-30'),
(1157, 10, 4, '0.00', '2017-08-23', 3, 3, '2017-08-30', '2017-08-30'),
(1158, 11, 4, '0.00', '2017-08-23', 3, 3, '2017-08-30', '2017-08-30'),
(1159, 1, 6, '80.00', '2017-08-23', 3, 3, '2017-08-30', '2017-08-30'),
(1160, 2, 6, '0.00', '2017-08-23', 3, 3, '2017-08-30', '2017-08-30'),
(1161, 3, 6, '0.00', '2017-08-23', 3, 3, '2017-08-30', '2017-08-30'),
(1162, 4, 6, '0.00', '2017-08-23', 3, 3, '2017-08-30', '2017-08-30'),
(1163, 5, 6, '0.00', '2017-08-23', 3, 3, '2017-08-30', '2017-08-30'),
(1164, 6, 6, '0.00', '2017-08-23', 3, 3, '2017-08-30', '2017-08-30'),
(1165, 7, 6, '0.00', '2017-08-23', 3, 3, '2017-08-30', '2017-08-30'),
(1166, 8, 6, '0.00', '2017-08-23', 3, 3, '2017-08-30', '2017-08-30'),
(1167, 9, 6, '0.00', '2017-08-23', 3, 3, '2017-08-30', '2017-08-30'),
(1168, 10, 6, '0.00', '2017-08-23', 3, 3, '2017-08-30', '2017-08-30'),
(1169, 11, 6, '0.00', '2017-08-23', 3, 3, '2017-08-30', '2017-08-30'),
(1170, 1, 5, '1900.00', '2017-08-23', 3, 3, '2017-08-30', '2017-08-30'),
(1171, 2, 5, '175.00', '2017-08-23', 3, 3, '2017-08-30', '2017-08-30'),
(1172, 3, 5, '1660.00', '2017-08-23', 3, 3, '2017-08-30', '2017-08-30'),
(1173, 4, 5, '450.00', '2017-08-23', 3, 3, '2017-08-30', '2017-08-30'),
(1174, 5, 5, '0.00', '2017-08-23', 3, 3, '2017-08-30', '2017-08-30'),
(1175, 6, 5, '0.00', '2017-08-23', 3, 3, '2017-08-30', '2017-08-30'),
(1176, 7, 5, '150.00', '2017-08-23', 3, 3, '2017-08-30', '2017-08-30'),
(1177, 8, 5, '600.00', '2017-08-23', 3, 3, '2017-08-30', '2017-08-30'),
(1178, 9, 5, '0.00', '2017-08-23', 3, 3, '2017-08-30', '2017-08-30'),
(1179, 10, 5, '0.00', '2017-08-23', 3, 3, '2017-08-30', '2017-08-30'),
(1180, 11, 5, '0.00', '2017-08-23', 3, 3, '2017-08-30', '2017-08-30'),
(1181, 1, 7, '55.00', '2017-08-23', 3, 3, '2017-08-30', '2017-08-30'),
(1182, 2, 7, '0.00', '2017-08-23', 3, 3, '2017-08-30', '2017-08-30'),
(1183, 3, 7, '0.00', '2017-08-23', 3, 3, '2017-08-30', '2017-08-30'),
(1184, 4, 7, '0.00', '2017-08-23', 3, 3, '2017-08-30', '2017-08-30'),
(1185, 5, 7, '0.00', '2017-08-23', 3, 3, '2017-08-30', '2017-08-30'),
(1186, 6, 7, '0.00', '2017-08-23', 3, 3, '2017-08-30', '2017-08-30'),
(1187, 7, 7, '0.00', '2017-08-23', 3, 3, '2017-08-30', '2017-08-30'),
(1188, 8, 7, '0.00', '2017-08-23', 3, 3, '2017-08-30', '2017-08-30'),
(1189, 9, 7, '0.00', '2017-08-23', 3, 3, '2017-08-30', '2017-08-30'),
(1190, 10, 7, '0.00', '2017-08-23', 3, 3, '2017-08-30', '2017-08-30'),
(1191, 11, 7, '0.00', '2017-08-23', 3, 3, '2017-08-30', '2017-08-30'),
(1192, 1, 1, '3160.00', '2017-08-24', 3, 3, '2017-08-30', '2017-08-30'),
(1193, 2, 1, '330.00', '2017-08-24', 3, 3, '2017-08-30', '2017-08-30'),
(1194, 3, 1, '2525.00', '2017-08-24', 3, 3, '2017-08-30', '2017-08-30'),
(1195, 4, 1, '750.00', '2017-08-24', 3, 3, '2017-08-30', '2017-08-30'),
(1196, 5, 1, '2100.00', '2017-08-24', 3, 3, '2017-08-30', '2017-08-30'),
(1197, 6, 1, '0.00', '2017-08-24', 3, 3, '2017-08-30', '2017-08-30'),
(1198, 7, 1, '0.00', '2017-08-24', 3, 3, '2017-08-30', '2017-08-30'),
(1199, 8, 1, '0.00', '2017-08-24', 3, 3, '2017-08-30', '2017-08-30'),
(1200, 9, 1, '0.00', '2017-08-24', 3, 3, '2017-08-30', '2017-08-30'),
(1201, 10, 1, '0.00', '2017-08-24', 3, 3, '2017-08-30', '2017-08-30'),
(1202, 11, 1, '0.00', '2017-08-24', 3, 3, '2017-08-30', '2017-08-30'),
(1203, 1, 2, '170.00', '2017-08-24', 3, 3, '2017-08-30', '2017-08-30'),
(1204, 2, 2, '0.00', '2017-08-24', 3, 3, '2017-08-30', '2017-08-30'),
(1205, 3, 2, '0.00', '2017-08-24', 3, 3, '2017-08-30', '2017-08-30'),
(1206, 4, 2, '0.00', '2017-08-24', 3, 3, '2017-08-30', '2017-08-30'),
(1207, 5, 2, '0.00', '2017-08-24', 3, 3, '2017-08-30', '2017-08-30'),
(1208, 6, 2, '0.00', '2017-08-24', 3, 3, '2017-08-30', '2017-08-30'),
(1209, 7, 2, '0.00', '2017-08-24', 3, 3, '2017-08-30', '2017-08-30'),
(1210, 8, 2, '0.00', '2017-08-24', 3, 3, '2017-08-30', '2017-08-30'),
(1211, 9, 2, '0.00', '2017-08-24', 3, 3, '2017-08-30', '2017-08-30'),
(1212, 10, 2, '0.00', '2017-08-24', 3, 3, '2017-08-30', '2017-08-30'),
(1213, 11, 2, '0.00', '2017-08-24', 3, 3, '2017-08-30', '2017-08-30'),
(1214, 1, 3, '160.00', '2017-08-24', 3, 3, '2017-08-30', '2017-08-30'),
(1215, 2, 3, '0.00', '2017-08-24', 3, 3, '2017-08-30', '2017-08-30'),
(1216, 3, 3, '0.00', '2017-08-24', 3, 3, '2017-08-30', '2017-08-30'),
(1217, 4, 3, '0.00', '2017-08-24', 3, 3, '2017-08-30', '2017-08-30'),
(1218, 5, 3, '0.00', '2017-08-24', 3, 3, '2017-08-30', '2017-08-30'),
(1219, 6, 3, '0.00', '2017-08-24', 3, 3, '2017-08-30', '2017-08-30'),
(1220, 7, 3, '0.00', '2017-08-24', 3, 3, '2017-08-30', '2017-08-30'),
(1221, 8, 3, '0.00', '2017-08-24', 3, 3, '2017-08-30', '2017-08-30'),
(1222, 9, 3, '0.00', '2017-08-24', 3, 3, '2017-08-30', '2017-08-30'),
(1223, 10, 3, '0.00', '2017-08-24', 3, 3, '2017-08-30', '2017-08-30'),
(1224, 11, 3, '0.00', '2017-08-24', 3, 3, '2017-08-30', '2017-08-30'),
(1225, 1, 4, '1620.00', '2017-08-24', 3, 3, '2017-08-30', '2017-08-30'),
(1226, 2, 4, '90.00', '2017-08-24', 3, 3, '2017-08-30', '2017-08-30'),
(1227, 3, 4, '850.00', '2017-08-24', 3, 3, '2017-08-30', '2017-08-30'),
(1228, 4, 4, '450.00', '2017-08-24', 3, 3, '2017-08-30', '2017-08-30'),
(1229, 5, 4, '0.00', '2017-08-24', 3, 3, '2017-08-30', '2017-08-30'),
(1230, 6, 4, '0.00', '2017-08-24', 3, 3, '2017-08-30', '2017-08-30'),
(1231, 7, 4, '0.00', '2017-08-24', 3, 3, '2017-08-30', '2017-08-30'),
(1232, 8, 4, '0.00', '2017-08-24', 3, 3, '2017-08-30', '2017-08-30'),
(1233, 9, 4, '0.00', '2017-08-24', 3, 3, '2017-08-30', '2017-08-30'),
(1234, 10, 4, '0.00', '2017-08-24', 3, 3, '2017-08-30', '2017-08-30'),
(1235, 11, 4, '0.00', '2017-08-24', 3, 3, '2017-08-30', '2017-08-30'),
(1236, 1, 5, '2475.00', '2017-08-24', 3, 3, '2017-08-30', '2017-08-30'),
(1237, 2, 5, '175.00', '2017-08-24', 3, 3, '2017-08-30', '2017-08-30'),
(1238, 3, 5, '5260.00', '2017-08-24', 3, 3, '2017-08-30', '2017-08-30'),
(1239, 4, 5, '750.00', '2017-08-24', 3, 3, '2017-08-30', '2017-08-30'),
(1240, 5, 5, '4800.00', '2017-08-24', 3, 3, '2017-08-30', '2017-08-30'),
(1241, 6, 5, '0.00', '2017-08-24', 3, 3, '2017-08-30', '2017-08-30'),
(1242, 7, 5, '600.00', '2017-08-24', 3, 3, '2017-08-30', '2017-08-30'),
(1243, 8, 5, '0.00', '2017-08-24', 3, 3, '2017-08-30', '2017-08-30'),
(1244, 9, 5, '0.00', '2017-08-24', 3, 3, '2017-08-30', '2017-08-30'),
(1245, 10, 5, '0.00', '2017-08-24', 3, 3, '2017-08-30', '2017-08-30'),
(1246, 11, 5, '0.00', '2017-08-24', 3, 3, '2017-08-30', '2017-08-30'),
(1247, 1, 6, '100.00', '2017-08-24', 3, 3, '2017-08-30', '2017-08-30'),
(1248, 2, 6, '0.00', '2017-08-24', 3, 3, '2017-08-30', '2017-08-30'),
(1249, 3, 6, '0.00', '2017-08-24', 3, 3, '2017-08-30', '2017-08-30'),
(1250, 4, 6, '0.00', '2017-08-24', 3, 3, '2017-08-30', '2017-08-30'),
(1251, 5, 6, '0.00', '2017-08-24', 3, 3, '2017-08-30', '2017-08-30'),
(1252, 6, 6, '0.00', '2017-08-24', 3, 3, '2017-08-30', '2017-08-30'),
(1253, 7, 6, '0.00', '2017-08-24', 3, 3, '2017-08-30', '2017-08-30'),
(1254, 8, 6, '0.00', '2017-08-24', 3, 3, '2017-08-30', '2017-08-30'),
(1255, 9, 6, '0.00', '2017-08-24', 3, 3, '2017-08-30', '2017-08-30'),
(1256, 10, 6, '0.00', '2017-08-24', 3, 3, '2017-08-30', '2017-08-30'),
(1257, 11, 6, '0.00', '2017-08-24', 3, 3, '2017-08-30', '2017-08-30'),
(1258, 1, 7, '150.00', '2017-08-24', 3, 3, '2017-08-30', '2017-08-30'),
(1259, 2, 7, '0.00', '2017-08-24', 3, 3, '2017-08-30', '2017-08-30'),
(1260, 3, 7, '0.00', '2017-08-24', 3, 3, '2017-08-30', '2017-08-30'),
(1261, 4, 7, '0.00', '2017-08-24', 3, 3, '2017-08-30', '2017-08-30'),
(1262, 5, 7, '0.00', '2017-08-24', 3, 3, '2017-08-30', '2017-08-30'),
(1263, 6, 7, '0.00', '2017-08-24', 3, 3, '2017-08-30', '2017-08-30'),
(1264, 7, 7, '0.00', '2017-08-24', 3, 3, '2017-08-30', '2017-08-30'),
(1265, 8, 7, '0.00', '2017-08-24', 3, 3, '2017-08-30', '2017-08-30'),
(1266, 9, 7, '0.00', '2017-08-24', 3, 3, '2017-08-30', '2017-08-30'),
(1267, 10, 7, '0.00', '2017-08-24', 3, 3, '2017-08-30', '2017-08-30'),
(1268, 11, 7, '0.00', '2017-08-24', 3, 3, '2017-08-30', '2017-08-30'),
(1269, 1, 1, '2860.00', '2017-08-25', 3, 3, '2017-08-31', '2017-08-31'),
(1270, 2, 1, '0.00', '2017-08-25', 3, 3, '2017-08-31', '2017-08-31'),
(1271, 3, 1, '630.00', '2017-08-25', 3, 3, '2017-08-31', '2017-08-31'),
(1272, 4, 1, '300.00', '2017-08-25', 3, 3, '2017-08-31', '2017-08-31'),
(1273, 5, 1, '0.00', '2017-08-25', 3, 3, '2017-08-31', '2017-08-31'),
(1274, 6, 1, '0.00', '2017-08-25', 3, 3, '2017-08-31', '2017-08-31'),
(1275, 7, 1, '0.00', '2017-08-25', 3, 3, '2017-08-31', '2017-08-31'),
(1276, 8, 1, '0.00', '2017-08-25', 3, 3, '2017-08-31', '2017-08-31'),
(1277, 9, 1, '16500.00', '2017-08-25', 3, 3, '2017-08-31', '2017-08-31'),
(1278, 10, 1, '6600.00', '2017-08-25', 3, 3, '2017-08-31', '2017-08-31'),
(1279, 11, 1, '0.00', '2017-08-25', 3, 3, '2017-08-31', '2017-08-31'),
(1280, 1, 2, '90.00', '2017-08-25', 3, 3, '2017-08-31', '2017-08-31'),
(1281, 2, 2, '0.00', '2017-08-25', 3, 3, '2017-08-31', '2017-08-31'),
(1282, 3, 2, '0.00', '2017-08-25', 3, 3, '2017-08-31', '2017-08-31'),
(1283, 4, 2, '0.00', '2017-08-25', 3, 3, '2017-08-31', '2017-08-31'),
(1284, 5, 2, '0.00', '2017-08-25', 3, 3, '2017-08-31', '2017-08-31'),
(1285, 6, 2, '0.00', '2017-08-25', 3, 3, '2017-08-31', '2017-08-31'),
(1286, 7, 2, '0.00', '2017-08-25', 3, 3, '2017-08-31', '2017-08-31'),
(1287, 8, 2, '0.00', '2017-08-25', 3, 3, '2017-08-31', '2017-08-31'),
(1288, 9, 2, '0.00', '2017-08-25', 3, 3, '2017-08-31', '2017-08-31'),
(1289, 10, 2, '0.00', '2017-08-25', 3, 3, '2017-08-31', '2017-08-31'),
(1290, 11, 2, '0.00', '2017-08-25', 3, 3, '2017-08-31', '2017-08-31'),
(1291, 1, 3, '1120.00', '2017-08-25', 3, 3, '2017-08-31', '2017-08-31'),
(1292, 2, 3, '0.00', '2017-08-25', 3, 3, '2017-08-31', '2017-08-31'),
(1293, 3, 3, '0.00', '2017-08-25', 3, 3, '2017-08-31', '2017-08-31'),
(1294, 4, 3, '0.00', '2017-08-25', 3, 3, '2017-08-31', '2017-08-31'),
(1295, 5, 3, '0.00', '2017-08-25', 3, 3, '2017-08-31', '2017-08-31'),
(1296, 6, 3, '0.00', '2017-08-25', 3, 3, '2017-08-31', '2017-08-31'),
(1297, 7, 3, '0.00', '2017-08-25', 3, 3, '2017-08-31', '2017-08-31'),
(1298, 8, 3, '0.00', '2017-08-25', 3, 3, '2017-08-31', '2017-08-31'),
(1299, 9, 3, '0.00', '2017-08-25', 3, 3, '2017-08-31', '2017-08-31'),
(1300, 10, 3, '0.00', '2017-08-25', 3, 3, '2017-08-31', '2017-08-31'),
(1301, 11, 3, '0.00', '2017-08-25', 3, 3, '2017-08-31', '2017-08-31'),
(1302, 1, 4, '1520.00', '2017-08-25', 3, 3, '2017-08-31', '2017-08-31'),
(1303, 2, 4, '90.00', '2017-08-25', 3, 3, '2017-08-31', '2017-08-31'),
(1304, 3, 4, '990.00', '2017-08-25', 3, 3, '2017-08-31', '2017-08-31'),
(1305, 4, 4, '150.00', '2017-08-25', 3, 3, '2017-08-31', '2017-08-31'),
(1306, 5, 4, '200.00', '2017-08-25', 3, 3, '2017-08-31', '2017-08-31'),
(1307, 6, 4, '0.00', '2017-08-25', 3, 3, '2017-08-31', '2017-08-31'),
(1308, 7, 4, '0.00', '2017-08-25', 3, 3, '2017-08-31', '2017-08-31'),
(1309, 8, 4, '0.00', '2017-08-25', 3, 3, '2017-08-31', '2017-08-31'),
(1310, 9, 4, '0.00', '2017-08-25', 3, 3, '2017-08-31', '2017-08-31'),
(1311, 10, 4, '0.00', '2017-08-25', 3, 3, '2017-08-31', '2017-08-31'),
(1312, 11, 4, '0.00', '2017-08-25', 3, 3, '2017-08-31', '2017-08-31'),
(1313, 1, 5, '1000.00', '2017-08-25', 3, 3, '2017-08-31', '2017-08-31'),
(1314, 2, 5, '0.00', '2017-08-25', 3, 3, '2017-08-31', '2017-08-31'),
(1315, 3, 5, '1590.00', '2017-08-25', 3, 3, '2017-08-31', '2017-08-31'),
(1316, 4, 5, '0.00', '2017-08-25', 3, 3, '2017-08-31', '2017-08-31'),
(1317, 5, 5, '0.00', '2017-08-25', 3, 3, '2017-08-31', '2017-08-31'),
(1318, 6, 5, '0.00', '2017-08-25', 3, 3, '2017-08-31', '2017-08-31'),
(1319, 7, 5, '600.00', '2017-08-25', 3, 3, '2017-08-31', '2017-08-31'),
(1320, 8, 5, '0.00', '2017-08-25', 3, 3, '2017-08-31', '2017-08-31'),
(1321, 9, 5, '0.00', '2017-08-25', 3, 3, '2017-08-31', '2017-08-31'),
(1322, 10, 5, '0.00', '2017-08-25', 3, 3, '2017-08-31', '2017-08-31'),
(1323, 11, 5, '0.00', '2017-08-25', 3, 3, '2017-08-31', '2017-08-31'),
(1324, 1, 1, '2500.00', '2017-08-26', 3, 3, '2017-08-31', '2017-08-31'),
(1325, 2, 1, '270.00', '2017-08-26', 3, 3, '2017-08-31', '2017-08-31'),
(1326, 3, 1, '405.00', '2017-08-26', 3, 3, '2017-08-31', '2017-08-31'),
(1327, 4, 1, '150.00', '2017-08-26', 3, 3, '2017-08-31', '2017-08-31'),
(1328, 5, 1, '0.00', '2017-08-26', 3, 3, '2017-08-31', '2017-08-31'),
(1329, 6, 1, '50.00', '2017-08-26', 3, 3, '2017-08-31', '2017-08-31'),
(1330, 7, 1, '0.00', '2017-08-26', 3, 3, '2017-08-31', '2017-08-31'),
(1331, 8, 1, '0.00', '2017-08-26', 3, 3, '2017-08-31', '2017-08-31'),
(1332, 9, 1, '0.00', '2017-08-26', 3, 3, '2017-08-31', '2017-08-31'),
(1333, 10, 1, '0.00', '2017-08-26', 3, 3, '2017-08-31', '2017-08-31'),
(1334, 11, 1, '0.00', '2017-08-26', 3, 3, '2017-08-31', '2017-08-31'),
(1335, 1, 2, '350.00', '2017-08-26', 3, 3, '2017-08-31', '2017-08-31'),
(1336, 2, 2, '0.00', '2017-08-26', 3, 3, '2017-08-31', '2017-08-31'),
(1337, 3, 2, '0.00', '2017-08-26', 3, 3, '2017-08-31', '2017-08-31'),
(1338, 4, 2, '0.00', '2017-08-26', 3, 3, '2017-08-31', '2017-08-31'),
(1339, 5, 2, '0.00', '2017-08-26', 3, 3, '2017-08-31', '2017-08-31'),
(1340, 6, 2, '0.00', '2017-08-26', 3, 3, '2017-08-31', '2017-08-31'),
(1341, 7, 2, '0.00', '2017-08-26', 3, 3, '2017-08-31', '2017-08-31'),
(1342, 8, 2, '0.00', '2017-08-26', 3, 3, '2017-08-31', '2017-08-31'),
(1343, 9, 2, '0.00', '2017-08-26', 3, 3, '2017-08-31', '2017-08-31'),
(1344, 10, 2, '0.00', '2017-08-26', 3, 3, '2017-08-31', '2017-08-31'),
(1345, 11, 2, '0.00', '2017-08-26', 3, 3, '2017-08-31', '2017-08-31'),
(1346, 1, 3, '140.00', '2017-08-26', 3, 3, '2017-08-31', '2017-08-31'),
(1347, 2, 3, '0.00', '2017-08-26', 3, 3, '2017-08-31', '2017-08-31'),
(1348, 3, 3, '0.00', '2017-08-26', 3, 3, '2017-08-31', '2017-08-31'),
(1349, 4, 3, '0.00', '2017-08-26', 3, 3, '2017-08-31', '2017-08-31'),
(1350, 5, 3, '0.00', '2017-08-26', 3, 3, '2017-08-31', '2017-08-31'),
(1351, 6, 3, '0.00', '2017-08-26', 3, 3, '2017-08-31', '2017-08-31'),
(1352, 7, 3, '0.00', '2017-08-26', 3, 3, '2017-08-31', '2017-08-31'),
(1353, 8, 3, '0.00', '2017-08-26', 3, 3, '2017-08-31', '2017-08-31'),
(1354, 9, 3, '0.00', '2017-08-26', 3, 3, '2017-08-31', '2017-08-31'),
(1355, 10, 3, '0.00', '2017-08-26', 3, 3, '2017-08-31', '2017-08-31'),
(1356, 11, 3, '0.00', '2017-08-26', 3, 3, '2017-08-31', '2017-08-31'),
(1357, 1, 4, '1040.00', '2017-08-26', 3, 3, '2017-08-31', '2017-08-31'),
(1358, 2, 4, '300.00', '2017-08-26', 3, 3, '2017-08-31', '2017-08-31'),
(1359, 3, 4, '1220.00', '2017-08-26', 3, 3, '2017-08-31', '2017-08-31'),
(1360, 4, 4, '450.00', '2017-08-26', 3, 3, '2017-08-31', '2017-08-31'),
(1361, 5, 4, '0.00', '2017-08-26', 3, 3, '2017-08-31', '2017-08-31'),
(1362, 6, 4, '0.00', '2017-08-26', 3, 3, '2017-08-31', '2017-08-31'),
(1363, 7, 4, '0.00', '2017-08-26', 3, 3, '2017-08-31', '2017-08-31'),
(1364, 8, 4, '0.00', '2017-08-26', 3, 3, '2017-08-31', '2017-08-31'),
(1365, 9, 4, '0.00', '2017-08-26', 3, 3, '2017-08-31', '2017-08-31'),
(1366, 10, 4, '0.00', '2017-08-26', 3, 3, '2017-08-31', '2017-08-31'),
(1367, 11, 4, '0.00', '2017-08-26', 3, 3, '2017-08-31', '2017-08-31'),
(1368, 1, 5, '1650.00', '2017-08-26', 3, 3, '2017-08-31', '2017-08-31'),
(1369, 2, 5, '275.00', '2017-08-26', 3, 3, '2017-08-31', '2017-08-31'),
(1370, 3, 5, '880.00', '2017-08-26', 3, 3, '2017-08-31', '2017-08-31'),
(1371, 4, 5, '600.00', '2017-08-26', 3, 3, '2017-08-31', '2017-08-31'),
(1372, 5, 5, '0.00', '2017-08-26', 3, 3, '2017-08-31', '2017-08-31'),
(1373, 6, 5, '0.00', '2017-08-26', 3, 3, '2017-08-31', '2017-08-31'),
(1374, 7, 5, '600.00', '2017-08-26', 3, 3, '2017-08-31', '2017-08-31'),
(1375, 8, 5, '0.00', '2017-08-26', 3, 3, '2017-08-31', '2017-08-31'),
(1376, 9, 5, '0.00', '2017-08-26', 3, 3, '2017-08-31', '2017-08-31'),
(1377, 10, 5, '0.00', '2017-08-26', 3, 3, '2017-08-31', '2017-08-31'),
(1378, 11, 5, '0.00', '2017-08-26', 3, 3, '2017-08-31', '2017-08-31'),
(1379, 1, 6, '80.00', '2017-08-26', 3, 3, '2017-08-31', '2017-08-31'),
(1380, 2, 6, '0.00', '2017-08-26', 3, 3, '2017-08-31', '2017-08-31'),
(1381, 3, 6, '0.00', '2017-08-26', 3, 3, '2017-08-31', '2017-08-31'),
(1382, 4, 6, '0.00', '2017-08-26', 3, 3, '2017-08-31', '2017-08-31'),
(1383, 5, 6, '0.00', '2017-08-26', 3, 3, '2017-08-31', '2017-08-31'),
(1384, 6, 6, '0.00', '2017-08-26', 3, 3, '2017-08-31', '2017-08-31'),
(1385, 7, 6, '0.00', '2017-08-26', 3, 3, '2017-08-31', '2017-08-31'),
(1386, 8, 6, '0.00', '2017-08-26', 3, 3, '2017-08-31', '2017-08-31'),
(1387, 9, 6, '0.00', '2017-08-26', 3, 3, '2017-08-31', '2017-08-31'),
(1388, 10, 6, '0.00', '2017-08-26', 3, 3, '2017-08-31', '2017-08-31'),
(1389, 11, 6, '0.00', '2017-08-26', 3, 3, '2017-08-31', '2017-08-31'),
(1390, 1, 7, '105.00', '2017-08-26', 3, 3, '2017-08-31', '2017-08-31'),
(1391, 2, 7, '0.00', '2017-08-26', 3, 3, '2017-08-31', '2017-08-31'),
(1392, 3, 7, '0.00', '2017-08-26', 3, 3, '2017-08-31', '2017-08-31'),
(1393, 4, 7, '0.00', '2017-08-26', 3, 3, '2017-08-31', '2017-08-31'),
(1394, 5, 7, '0.00', '2017-08-26', 3, 3, '2017-08-31', '2017-08-31'),
(1395, 6, 7, '0.00', '2017-08-26', 3, 3, '2017-08-31', '2017-08-31'),
(1396, 7, 7, '0.00', '2017-08-26', 3, 3, '2017-08-31', '2017-08-31'),
(1397, 8, 7, '0.00', '2017-08-26', 3, 3, '2017-08-31', '2017-08-31'),
(1398, 9, 7, '0.00', '2017-08-26', 3, 3, '2017-08-31', '2017-08-31'),
(1399, 10, 7, '0.00', '2017-08-26', 3, 3, '2017-08-31', '2017-08-31'),
(1400, 11, 7, '0.00', '2017-08-26', 3, 3, '2017-08-31', '2017-08-31'),
(1401, 1, 1, '3080.00', '2017-08-28', 3, 3, '2017-08-31', '2017-08-31'),
(1402, 2, 1, '360.00', '2017-08-28', 3, 3, '2017-08-31', '2017-08-31'),
(1403, 3, 1, '1825.00', '2017-08-28', 3, 3, '2017-08-31', '2017-08-31'),
(1404, 4, 1, '600.00', '2017-08-28', 3, 3, '2017-08-31', '2017-08-31'),
(1405, 5, 1, '1230.00', '2017-08-28', 3, 3, '2017-08-31', '2017-08-31'),
(1406, 6, 1, '0.00', '2017-08-28', 3, 3, '2017-08-31', '2017-08-31'),
(1407, 7, 1, '0.00', '2017-08-28', 3, 3, '2017-08-31', '2017-08-31'),
(1408, 8, 1, '0.00', '2017-08-28', 3, 3, '2017-08-31', '2017-08-31'),
(1409, 9, 1, '0.00', '2017-08-28', 3, 3, '2017-08-31', '2017-08-31'),
(1410, 10, 1, '0.00', '2017-08-28', 3, 3, '2017-08-31', '2017-08-31'),
(1411, 11, 1, '0.00', '2017-08-28', 3, 3, '2017-08-31', '2017-08-31'),
(1412, 1, 2, '240.00', '2017-08-28', 3, 3, '2017-08-31', '2017-08-31'),
(1413, 2, 2, '0.00', '2017-08-28', 3, 3, '2017-08-31', '2017-08-31'),
(1414, 3, 2, '0.00', '2017-08-28', 3, 3, '2017-08-31', '2017-08-31'),
(1415, 4, 2, '0.00', '2017-08-28', 3, 3, '2017-08-31', '2017-08-31'),
(1416, 5, 2, '0.00', '2017-08-28', 3, 3, '2017-08-31', '2017-08-31'),
(1417, 6, 2, '0.00', '2017-08-28', 3, 3, '2017-08-31', '2017-08-31'),
(1418, 7, 2, '0.00', '2017-08-28', 3, 3, '2017-08-31', '2017-08-31'),
(1419, 8, 2, '0.00', '2017-08-28', 3, 3, '2017-08-31', '2017-08-31'),
(1420, 9, 2, '0.00', '2017-08-28', 3, 3, '2017-08-31', '2017-08-31'),
(1421, 10, 2, '0.00', '2017-08-28', 3, 3, '2017-08-31', '2017-08-31'),
(1422, 11, 2, '0.00', '2017-08-28', 3, 3, '2017-08-31', '2017-08-31'),
(1423, 1, 3, '120.00', '2017-08-28', 3, 3, '2017-08-31', '2017-08-31'),
(1424, 2, 3, '0.00', '2017-08-28', 3, 3, '2017-08-31', '2017-08-31'),
(1425, 3, 3, '0.00', '2017-08-28', 3, 3, '2017-08-31', '2017-08-31'),
(1426, 4, 3, '0.00', '2017-08-28', 3, 3, '2017-08-31', '2017-08-31'),
(1427, 5, 3, '0.00', '2017-08-28', 3, 3, '2017-08-31', '2017-08-31'),
(1428, 6, 3, '0.00', '2017-08-28', 3, 3, '2017-08-31', '2017-08-31'),
(1429, 7, 3, '0.00', '2017-08-28', 3, 3, '2017-08-31', '2017-08-31'),
(1430, 8, 3, '0.00', '2017-08-28', 3, 3, '2017-08-31', '2017-08-31'),
(1431, 9, 3, '0.00', '2017-08-28', 3, 3, '2017-08-31', '2017-08-31'),
(1432, 10, 3, '0.00', '2017-08-28', 3, 3, '2017-08-31', '2017-08-31'),
(1433, 11, 3, '0.00', '2017-08-28', 3, 3, '2017-08-31', '2017-08-31'),
(1434, 1, 4, '1280.00', '2017-08-28', 3, 3, '2017-08-31', '2017-08-31'),
(1435, 2, 4, '180.00', '2017-08-28', 3, 3, '2017-08-31', '2017-08-31'),
(1436, 3, 4, '1585.00', '2017-08-28', 3, 3, '2017-08-31', '2017-08-31'),
(1437, 4, 4, '0.00', '2017-08-28', 3, 3, '2017-08-31', '2017-08-31'),
(1438, 5, 4, '0.00', '2017-08-28', 3, 3, '2017-08-31', '2017-08-31'),
(1439, 6, 4, '50.00', '2017-08-28', 3, 3, '2017-08-31', '2017-08-31'),
(1440, 7, 4, '0.00', '2017-08-28', 3, 3, '2017-08-31', '2017-08-31'),
(1441, 8, 4, '0.00', '2017-08-28', 3, 3, '2017-08-31', '2017-08-31'),
(1442, 9, 4, '0.00', '2017-08-28', 3, 3, '2017-08-31', '2017-08-31'),
(1443, 10, 4, '0.00', '2017-08-28', 3, 3, '2017-08-31', '2017-08-31'),
(1444, 11, 4, '0.00', '2017-08-28', 3, 3, '2017-08-31', '2017-08-31'),
(1445, 1, 5, '900.00', '2017-08-28', 3, 3, '2017-08-31', '2017-08-31'),
(1446, 2, 5, '125.00', '2017-08-28', 3, 3, '2017-08-31', '2017-08-31'),
(1447, 3, 5, '1130.00', '2017-08-28', 3, 3, '2017-08-31', '2017-08-31'),
(1448, 4, 5, '300.00', '2017-08-28', 3, 3, '2017-08-31', '2017-08-31'),
(1449, 5, 5, '0.00', '2017-08-28', 3, 3, '2017-08-31', '2017-08-31'),
(1450, 6, 5, '0.00', '2017-08-28', 3, 3, '2017-08-31', '2017-08-31'),
(1451, 7, 5, '600.00', '2017-08-28', 3, 3, '2017-08-31', '2017-08-31'),
(1452, 8, 5, '0.00', '2017-08-28', 3, 3, '2017-08-31', '2017-08-31'),
(1453, 9, 5, '0.00', '2017-08-28', 3, 3, '2017-08-31', '2017-08-31'),
(1454, 10, 5, '0.00', '2017-08-28', 3, 3, '2017-08-31', '2017-08-31'),
(1455, 11, 5, '0.00', '2017-08-28', 3, 3, '2017-08-31', '2017-08-31'),
(1456, 1, 6, '230.00', '2017-08-28', 3, 3, '2017-08-31', '2017-08-31'),
(1457, 2, 6, '0.00', '2017-08-28', 3, 3, '2017-08-31', '2017-08-31'),
(1458, 3, 6, '0.00', '2017-08-28', 3, 3, '2017-08-31', '2017-08-31'),
(1459, 4, 6, '0.00', '2017-08-28', 3, 3, '2017-08-31', '2017-08-31'),
(1460, 5, 6, '0.00', '2017-08-28', 3, 3, '2017-08-31', '2017-08-31'),
(1461, 6, 6, '0.00', '2017-08-28', 3, 3, '2017-08-31', '2017-08-31'),
(1462, 7, 6, '0.00', '2017-08-28', 3, 3, '2017-08-31', '2017-08-31'),
(1463, 8, 6, '0.00', '2017-08-28', 3, 3, '2017-08-31', '2017-08-31'),
(1464, 9, 6, '0.00', '2017-08-28', 3, 3, '2017-08-31', '2017-08-31'),
(1465, 10, 6, '0.00', '2017-08-28', 3, 3, '2017-08-31', '2017-08-31'),
(1466, 11, 6, '0.00', '2017-08-28', 3, 3, '2017-08-31', '2017-08-31'),
(1467, 1, 7, '25.00', '2017-08-28', 3, 3, '2017-08-31', '2017-08-31'),
(1468, 2, 7, '0.00', '2017-08-28', 3, 3, '2017-08-31', '2017-08-31'),
(1469, 3, 7, '0.00', '2017-08-28', 3, 3, '2017-08-31', '2017-08-31');
INSERT INTO `ut_mis_hospital_incomes` (`hospital_income_row_id`, `income_item_row_id`, `hospital_row_id`, `amount`, `report_at`, `created_by`, `updated_by`, `created_at`, `updated_at`) VALUES
(1470, 4, 7, '0.00', '2017-08-28', 3, 3, '2017-08-31', '2017-08-31'),
(1471, 5, 7, '0.00', '2017-08-28', 3, 3, '2017-08-31', '2017-08-31'),
(1472, 6, 7, '0.00', '2017-08-28', 3, 3, '2017-08-31', '2017-08-31'),
(1473, 7, 7, '0.00', '2017-08-28', 3, 3, '2017-08-31', '2017-08-31'),
(1474, 8, 7, '0.00', '2017-08-28', 3, 3, '2017-08-31', '2017-08-31'),
(1475, 9, 7, '0.00', '2017-08-28', 3, 3, '2017-08-31', '2017-08-31'),
(1476, 10, 7, '0.00', '2017-08-28', 3, 3, '2017-08-31', '2017-08-31'),
(1477, 11, 7, '0.00', '2017-08-28', 3, 3, '2017-08-31', '2017-08-31'),
(1478, 1, 1, '1900.00', '2017-08-29', 3, 3, '2017-08-31', '2017-08-31'),
(1479, 2, 1, '180.00', '2017-08-29', 3, 3, '2017-08-31', '2017-08-31'),
(1480, 3, 1, '2590.00', '2017-08-29', 3, 3, '2017-08-31', '2017-08-31'),
(1481, 4, 1, '550.00', '2017-08-29', 3, 3, '2017-08-31', '2017-08-31'),
(1482, 5, 1, '1450.00', '2017-08-29', 3, 3, '2017-08-31', '2017-08-31'),
(1483, 6, 1, '0.00', '2017-08-29', 3, 3, '2017-08-31', '2017-08-31'),
(1484, 7, 1, '0.00', '2017-08-29', 3, 3, '2017-08-31', '2017-08-31'),
(1485, 8, 1, '0.00', '2017-08-29', 3, 3, '2017-08-31', '2017-08-31'),
(1486, 9, 1, '0.00', '2017-08-29', 3, 3, '2017-08-31', '2017-08-31'),
(1487, 10, 1, '0.00', '2017-08-29', 3, 3, '2017-08-31', '2017-08-31'),
(1488, 11, 1, '0.00', '2017-08-29', 3, 3, '2017-08-31', '2017-08-31'),
(1489, 1, 2, '290.00', '2017-08-29', 3, 3, '2017-08-31', '2017-08-31'),
(1490, 2, 2, '0.00', '2017-08-29', 3, 3, '2017-08-31', '2017-08-31'),
(1491, 3, 2, '0.00', '2017-08-29', 3, 3, '2017-08-31', '2017-08-31'),
(1492, 4, 2, '0.00', '2017-08-29', 3, 3, '2017-08-31', '2017-08-31'),
(1493, 5, 2, '0.00', '2017-08-29', 3, 3, '2017-08-31', '2017-08-31'),
(1494, 6, 2, '0.00', '2017-08-29', 3, 3, '2017-08-31', '2017-08-31'),
(1495, 7, 2, '0.00', '2017-08-29', 3, 3, '2017-08-31', '2017-08-31'),
(1496, 8, 2, '0.00', '2017-08-29', 3, 3, '2017-08-31', '2017-08-31'),
(1497, 9, 2, '0.00', '2017-08-29', 3, 3, '2017-08-31', '2017-08-31'),
(1498, 10, 2, '0.00', '2017-08-29', 3, 3, '2017-08-31', '2017-08-31'),
(1499, 11, 2, '0.00', '2017-08-29', 3, 3, '2017-08-31', '2017-08-31'),
(1500, 1, 3, '300.00', '2017-08-29', 3, 3, '2017-08-31', '2017-08-31'),
(1501, 2, 3, '0.00', '2017-08-29', 3, 3, '2017-08-31', '2017-08-31'),
(1502, 3, 3, '0.00', '2017-08-29', 3, 3, '2017-08-31', '2017-08-31'),
(1503, 4, 3, '0.00', '2017-08-29', 3, 3, '2017-08-31', '2017-08-31'),
(1504, 5, 3, '0.00', '2017-08-29', 3, 3, '2017-08-31', '2017-08-31'),
(1505, 6, 3, '0.00', '2017-08-29', 3, 3, '2017-08-31', '2017-08-31'),
(1506, 7, 3, '0.00', '2017-08-29', 3, 3, '2017-08-31', '2017-08-31'),
(1507, 8, 3, '0.00', '2017-08-29', 3, 3, '2017-08-31', '2017-08-31'),
(1508, 9, 3, '0.00', '2017-08-29', 3, 3, '2017-08-31', '2017-08-31'),
(1509, 10, 3, '0.00', '2017-08-29', 3, 3, '2017-08-31', '2017-08-31'),
(1510, 11, 3, '0.00', '2017-08-29', 3, 3, '2017-08-31', '2017-08-31'),
(1511, 1, 4, '1540.00', '2017-08-29', 3, 3, '2017-08-31', '2017-08-31'),
(1512, 2, 4, '270.00', '2017-08-29', 3, 3, '2017-08-31', '2017-08-31'),
(1513, 3, 4, '820.00', '2017-08-29', 3, 3, '2017-08-31', '2017-08-31'),
(1514, 4, 4, '200.00', '2017-08-29', 3, 3, '2017-08-31', '2017-08-31'),
(1515, 5, 4, '0.00', '2017-08-29', 3, 3, '2017-08-31', '2017-08-31'),
(1516, 6, 4, '0.00', '2017-08-29', 3, 3, '2017-08-31', '2017-08-31'),
(1517, 7, 4, '0.00', '2017-08-29', 3, 3, '2017-08-31', '2017-08-31'),
(1518, 8, 4, '0.00', '2017-08-29', 3, 3, '2017-08-31', '2017-08-31'),
(1519, 9, 4, '0.00', '2017-08-29', 3, 3, '2017-08-31', '2017-08-31'),
(1520, 10, 4, '0.00', '2017-08-29', 3, 3, '2017-08-31', '2017-08-31'),
(1521, 11, 4, '0.00', '2017-08-29', 3, 3, '2017-08-31', '2017-08-31'),
(1522, 1, 5, '1050.00', '2017-08-29', 3, 3, '2017-08-31', '2017-08-31'),
(1523, 2, 5, '0.00', '2017-08-29', 3, 3, '2017-08-31', '2017-08-31'),
(1524, 3, 5, '360.00', '2017-08-29', 3, 3, '2017-08-31', '2017-08-31'),
(1525, 4, 5, '150.00', '2017-08-29', 3, 3, '2017-08-31', '2017-08-31'),
(1526, 5, 5, '0.00', '2017-08-29', 3, 3, '2017-08-31', '2017-08-31'),
(1527, 6, 5, '0.00', '2017-08-29', 3, 3, '2017-08-31', '2017-08-31'),
(1528, 7, 5, '750.00', '2017-08-29', 3, 3, '2017-08-31', '2017-08-31'),
(1529, 8, 5, '0.00', '2017-08-29', 3, 3, '2017-08-31', '2017-08-31'),
(1530, 9, 5, '0.00', '2017-08-29', 3, 3, '2017-08-31', '2017-08-31'),
(1531, 10, 5, '0.00', '2017-08-29', 3, 3, '2017-08-31', '2017-08-31'),
(1532, 11, 5, '0.00', '2017-08-29', 3, 3, '2017-08-31', '2017-08-31'),
(1533, 1, 6, '60.00', '2017-08-29', 3, 3, '2017-08-31', '2017-08-31'),
(1534, 2, 6, '0.00', '2017-08-29', 3, 3, '2017-08-31', '2017-08-31'),
(1535, 3, 6, '0.00', '2017-08-29', 3, 3, '2017-08-31', '2017-08-31'),
(1536, 4, 6, '0.00', '2017-08-29', 3, 3, '2017-08-31', '2017-08-31'),
(1537, 5, 6, '0.00', '2017-08-29', 3, 3, '2017-08-31', '2017-08-31'),
(1538, 6, 6, '0.00', '2017-08-29', 3, 3, '2017-08-31', '2017-08-31'),
(1539, 7, 6, '0.00', '2017-08-29', 3, 3, '2017-08-31', '2017-08-31'),
(1540, 8, 6, '0.00', '2017-08-29', 3, 3, '2017-08-31', '2017-08-31'),
(1541, 9, 6, '0.00', '2017-08-29', 3, 3, '2017-08-31', '2017-08-31'),
(1542, 10, 6, '0.00', '2017-08-29', 3, 3, '2017-08-31', '2017-08-31'),
(1543, 11, 6, '0.00', '2017-08-29', 3, 3, '2017-08-31', '2017-08-31'),
(1544, 1, 7, '75.00', '2017-08-29', 3, 3, '2017-08-31', '2017-08-31'),
(1545, 2, 7, '0.00', '2017-08-29', 3, 3, '2017-08-31', '2017-08-31'),
(1546, 3, 7, '0.00', '2017-08-29', 3, 3, '2017-08-31', '2017-08-31'),
(1547, 4, 7, '0.00', '2017-08-29', 3, 3, '2017-08-31', '2017-08-31'),
(1548, 5, 7, '0.00', '2017-08-29', 3, 3, '2017-08-31', '2017-08-31'),
(1549, 6, 7, '0.00', '2017-08-29', 3, 3, '2017-08-31', '2017-08-31'),
(1550, 7, 7, '0.00', '2017-08-29', 3, 3, '2017-08-31', '2017-08-31'),
(1551, 8, 7, '0.00', '2017-08-29', 3, 3, '2017-08-31', '2017-08-31'),
(1552, 9, 7, '0.00', '2017-08-29', 3, 3, '2017-08-31', '2017-08-31'),
(1553, 10, 7, '0.00', '2017-08-29', 3, 3, '2017-08-31', '2017-08-31'),
(1554, 11, 7, '0.00', '2017-08-29', 3, 3, '2017-08-31', '2017-08-31'),
(1555, 1, 1, '1160.00', '2017-08-31', 3, 3, '2017-09-05', '2017-09-05'),
(1556, 2, 1, '0.00', '2017-08-31', 3, 3, '2017-09-05', '2017-09-05'),
(1557, 3, 1, '0.00', '2017-08-31', 3, 3, '2017-09-05', '2017-09-05'),
(1558, 4, 1, '0.00', '2017-08-31', 3, 3, '2017-09-05', '2017-09-05'),
(1559, 5, 1, '0.00', '2017-08-31', 3, 3, '2017-09-05', '2017-09-05'),
(1560, 6, 1, '0.00', '2017-08-31', 3, 3, '2017-09-05', '2017-09-05'),
(1561, 7, 1, '0.00', '2017-08-31', 3, 3, '2017-09-05', '2017-09-05'),
(1562, 8, 1, '0.00', '2017-08-31', 3, 3, '2017-09-05', '2017-09-05'),
(1563, 9, 1, '0.00', '2017-08-31', 3, 3, '2017-09-05', '2017-09-05'),
(1564, 10, 1, '0.00', '2017-08-31', 3, 3, '2017-09-05', '2017-09-05'),
(1565, 11, 1, '6000.00', '2017-08-31', 3, 3, '2017-09-05', '2017-09-05'),
(1566, 1, 2, '110.00', '2017-08-31', 3, 3, '2017-09-05', '2017-09-05'),
(1567, 2, 2, '0.00', '2017-08-31', 3, 3, '2017-09-05', '2017-09-05'),
(1568, 3, 2, '0.00', '2017-08-31', 3, 3, '2017-09-05', '2017-09-05'),
(1569, 4, 2, '0.00', '2017-08-31', 3, 3, '2017-09-05', '2017-09-05'),
(1570, 5, 2, '0.00', '2017-08-31', 3, 3, '2017-09-05', '2017-09-05'),
(1571, 6, 2, '0.00', '2017-08-31', 3, 3, '2017-09-05', '2017-09-05'),
(1572, 7, 2, '0.00', '2017-08-31', 3, 3, '2017-09-05', '2017-09-05'),
(1573, 8, 2, '0.00', '2017-08-31', 3, 3, '2017-09-05', '2017-09-05'),
(1574, 9, 2, '0.00', '2017-08-31', 3, 3, '2017-09-05', '2017-09-05'),
(1575, 10, 2, '0.00', '2017-08-31', 3, 3, '2017-09-05', '2017-09-05'),
(1576, 11, 2, '0.00', '2017-08-31', 3, 3, '2017-09-05', '2017-09-05'),
(1577, 1, 3, '40.00', '2017-08-31', 3, 3, '2017-09-05', '2017-09-05'),
(1578, 2, 3, '0.00', '2017-08-31', 3, 3, '2017-09-05', '2017-09-05'),
(1579, 3, 3, '0.00', '2017-08-31', 3, 3, '2017-09-05', '2017-09-05'),
(1580, 4, 3, '0.00', '2017-08-31', 3, 3, '2017-09-05', '2017-09-05'),
(1581, 5, 3, '0.00', '2017-08-31', 3, 3, '2017-09-05', '2017-09-05'),
(1582, 6, 3, '0.00', '2017-08-31', 3, 3, '2017-09-05', '2017-09-05'),
(1583, 7, 3, '0.00', '2017-08-31', 3, 3, '2017-09-05', '2017-09-05'),
(1584, 8, 3, '0.00', '2017-08-31', 3, 3, '2017-09-05', '2017-09-05'),
(1585, 9, 3, '0.00', '2017-08-31', 3, 3, '2017-09-05', '2017-09-05'),
(1586, 10, 3, '0.00', '2017-08-31', 3, 3, '2017-09-05', '2017-09-05'),
(1587, 11, 3, '0.00', '2017-08-31', 3, 3, '2017-09-05', '2017-09-05'),
(1588, 1, 4, '720.00', '2017-08-31', 3, 3, '2017-09-05', '2017-09-05'),
(1589, 2, 4, '30.00', '2017-08-31', 3, 3, '2017-09-05', '2017-09-05'),
(1590, 3, 4, '0.00', '2017-08-31', 3, 3, '2017-09-05', '2017-09-05'),
(1591, 4, 4, '0.00', '2017-08-31', 3, 3, '2017-09-05', '2017-09-05'),
(1592, 5, 4, '0.00', '2017-08-31', 3, 3, '2017-09-05', '2017-09-05'),
(1593, 6, 4, '0.00', '2017-08-31', 3, 3, '2017-09-05', '2017-09-05'),
(1594, 7, 4, '0.00', '2017-08-31', 3, 3, '2017-09-05', '2017-09-05'),
(1595, 8, 4, '0.00', '2017-08-31', 3, 3, '2017-09-05', '2017-09-05'),
(1596, 9, 4, '0.00', '2017-08-31', 3, 3, '2017-09-05', '2017-09-05'),
(1597, 10, 4, '0.00', '2017-08-31', 3, 3, '2017-09-05', '2017-09-05'),
(1598, 11, 4, '0.00', '2017-08-31', 3, 3, '2017-09-05', '2017-09-05'),
(1599, 1, 5, '275.00', '2017-08-31', 3, 3, '2017-09-05', '2017-09-05'),
(1600, 2, 5, '25.00', '2017-08-31', 3, 3, '2017-09-05', '2017-09-05'),
(1601, 3, 5, '0.00', '2017-08-31', 3, 3, '2017-09-05', '2017-09-05'),
(1602, 4, 5, '0.00', '2017-08-31', 3, 3, '2017-09-05', '2017-09-05'),
(1603, 5, 5, '900.00', '2017-08-31', 3, 3, '2017-09-05', '2017-09-05'),
(1604, 6, 5, '0.00', '2017-08-31', 3, 3, '2017-09-05', '2017-09-05'),
(1605, 7, 5, '0.00', '2017-08-31', 3, 3, '2017-09-05', '2017-09-05'),
(1606, 8, 5, '0.00', '2017-08-31', 3, 3, '2017-09-05', '2017-09-05'),
(1607, 9, 5, '0.00', '2017-08-31', 3, 3, '2017-09-05', '2017-09-05'),
(1608, 10, 5, '0.00', '2017-08-31', 3, 3, '2017-09-05', '2017-09-05'),
(1609, 11, 5, '0.00', '2017-08-31', 3, 3, '2017-09-05', '2017-09-05'),
(1610, 1, 6, '40.00', '2017-08-31', 3, 3, '2017-09-05', '2017-09-05'),
(1611, 2, 6, '0.00', '2017-08-31', 3, 3, '2017-09-05', '2017-09-05'),
(1612, 3, 6, '0.00', '2017-08-31', 3, 3, '2017-09-05', '2017-09-05'),
(1613, 4, 6, '0.00', '2017-08-31', 3, 3, '2017-09-05', '2017-09-05'),
(1614, 5, 6, '0.00', '2017-08-31', 3, 3, '2017-09-05', '2017-09-05'),
(1615, 6, 6, '0.00', '2017-08-31', 3, 3, '2017-09-05', '2017-09-05'),
(1616, 7, 6, '0.00', '2017-08-31', 3, 3, '2017-09-05', '2017-09-05'),
(1617, 8, 6, '0.00', '2017-08-31', 3, 3, '2017-09-05', '2017-09-05'),
(1618, 9, 6, '0.00', '2017-08-31', 3, 3, '2017-09-05', '2017-09-05'),
(1619, 10, 6, '0.00', '2017-08-31', 3, 3, '2017-09-05', '2017-09-05'),
(1620, 11, 6, '0.00', '2017-08-31', 3, 3, '2017-09-05', '2017-09-05'),
(1621, 1, 7, '85.00', '2017-08-31', 3, 3, '2017-09-05', '2017-09-05'),
(1622, 2, 7, '0.00', '2017-08-31', 3, 3, '2017-09-05', '2017-09-05'),
(1623, 3, 7, '0.00', '2017-08-31', 3, 3, '2017-09-05', '2017-09-05'),
(1624, 4, 7, '0.00', '2017-08-31', 3, 3, '2017-09-05', '2017-09-05'),
(1625, 5, 7, '0.00', '2017-08-31', 3, 3, '2017-09-05', '2017-09-05'),
(1626, 6, 7, '0.00', '2017-08-31', 3, 3, '2017-09-05', '2017-09-05'),
(1627, 7, 7, '0.00', '2017-08-31', 3, 3, '2017-09-05', '2017-09-05'),
(1628, 8, 7, '0.00', '2017-08-31', 3, 3, '2017-09-05', '2017-09-05'),
(1629, 9, 7, '0.00', '2017-08-31', 3, 3, '2017-09-05', '2017-09-05'),
(1630, 10, 7, '0.00', '2017-08-31', 3, 3, '2017-09-05', '2017-09-05'),
(1631, 11, 7, '0.00', '2017-08-31', 3, 3, '2017-09-05', '2017-09-05'),
(1632, 1, 1, '3000.00', '2017-08-27', 3, 3, '2017-09-07', '2017-09-07'),
(1633, 2, 1, '450.00', '2017-08-27', 3, 3, '2017-09-07', '2017-09-07'),
(1634, 3, 1, '1575.00', '2017-08-27', 3, 3, '2017-09-07', '2017-09-07'),
(1635, 4, 1, '600.00', '2017-08-27', 3, 3, '2017-09-07', '2017-09-07'),
(1636, 5, 1, '800.00', '2017-08-27', 3, 3, '2017-09-07', '2017-09-07'),
(1637, 6, 1, '50.00', '2017-08-27', 3, 3, '2017-09-07', '2017-09-07'),
(1638, 7, 1, '0.00', '2017-08-27', 3, 3, '2017-09-07', '2017-09-07'),
(1639, 8, 1, '0.00', '2017-08-27', 3, 3, '2017-09-07', '2017-09-07'),
(1640, 9, 1, '0.00', '2017-08-27', 3, 3, '2017-09-07', '2017-09-07'),
(1641, 10, 1, '0.00', '2017-08-27', 3, 3, '2017-09-07', '2017-09-07'),
(1642, 11, 1, '0.00', '2017-08-27', 3, 3, '2017-09-07', '2017-09-07'),
(1643, 1, 2, '60.00', '2017-08-27', 3, 3, '2017-09-07', '2017-09-07'),
(1644, 2, 2, '0.00', '2017-08-27', 3, 3, '2017-09-07', '2017-09-07'),
(1645, 3, 2, '0.00', '2017-08-27', 3, 3, '2017-09-07', '2017-09-07'),
(1646, 4, 2, '0.00', '2017-08-27', 3, 3, '2017-09-07', '2017-09-07'),
(1647, 5, 2, '0.00', '2017-08-27', 3, 3, '2017-09-07', '2017-09-07'),
(1648, 6, 2, '0.00', '2017-08-27', 3, 3, '2017-09-07', '2017-09-07'),
(1649, 7, 2, '0.00', '2017-08-27', 3, 3, '2017-09-07', '2017-09-07'),
(1650, 8, 2, '0.00', '2017-08-27', 3, 3, '2017-09-07', '2017-09-07'),
(1651, 9, 2, '0.00', '2017-08-27', 3, 3, '2017-09-07', '2017-09-07'),
(1652, 10, 2, '0.00', '2017-08-27', 3, 3, '2017-09-07', '2017-09-07'),
(1653, 11, 2, '0.00', '2017-08-27', 3, 3, '2017-09-07', '2017-09-07'),
(1654, 1, 3, '260.00', '2017-08-27', 3, 3, '2017-09-07', '2017-09-07'),
(1655, 2, 3, '0.00', '2017-08-27', 3, 3, '2017-09-07', '2017-09-07'),
(1656, 3, 3, '0.00', '2017-08-27', 3, 3, '2017-09-07', '2017-09-07'),
(1657, 4, 3, '0.00', '2017-08-27', 3, 3, '2017-09-07', '2017-09-07'),
(1658, 5, 3, '0.00', '2017-08-27', 3, 3, '2017-09-07', '2017-09-07'),
(1659, 6, 3, '0.00', '2017-08-27', 3, 3, '2017-09-07', '2017-09-07'),
(1660, 7, 3, '0.00', '2017-08-27', 3, 3, '2017-09-07', '2017-09-07'),
(1661, 8, 3, '0.00', '2017-08-27', 3, 3, '2017-09-07', '2017-09-07'),
(1662, 9, 3, '0.00', '2017-08-27', 3, 3, '2017-09-07', '2017-09-07'),
(1663, 10, 3, '0.00', '2017-08-27', 3, 3, '2017-09-07', '2017-09-07'),
(1664, 11, 3, '0.00', '2017-08-27', 3, 3, '2017-09-07', '2017-09-07'),
(1665, 1, 4, '1180.00', '2017-08-27', 3, 3, '2017-09-07', '2017-09-07'),
(1666, 2, 4, '90.00', '2017-08-27', 3, 3, '2017-09-07', '2017-09-07'),
(1667, 3, 4, '150.00', '2017-08-27', 3, 3, '2017-09-07', '2017-09-07'),
(1668, 4, 4, '300.00', '2017-08-27', 3, 3, '2017-09-07', '2017-09-07'),
(1669, 5, 4, '400.00', '2017-08-27', 3, 3, '2017-09-07', '2017-09-07'),
(1670, 6, 4, '0.00', '2017-08-27', 3, 3, '2017-09-07', '2017-09-07'),
(1671, 7, 4, '0.00', '2017-08-27', 3, 3, '2017-09-07', '2017-09-07'),
(1672, 8, 4, '0.00', '2017-08-27', 3, 3, '2017-09-07', '2017-09-07'),
(1673, 9, 4, '0.00', '2017-08-27', 3, 3, '2017-09-07', '2017-09-07'),
(1674, 10, 4, '0.00', '2017-08-27', 3, 3, '2017-09-07', '2017-09-07'),
(1675, 11, 4, '0.00', '2017-08-27', 3, 3, '2017-09-07', '2017-09-07'),
(1676, 1, 5, '1725.00', '2017-08-27', 3, 3, '2017-09-07', '2017-09-07'),
(1677, 2, 5, '250.00', '2017-08-27', 3, 3, '2017-09-07', '2017-09-07'),
(1678, 3, 5, '2280.00', '2017-08-27', 3, 3, '2017-09-07', '2017-09-07'),
(1679, 4, 5, '450.00', '2017-08-27', 3, 3, '2017-09-07', '2017-09-07'),
(1680, 5, 5, '0.00', '2017-08-27', 3, 3, '2017-09-07', '2017-09-07'),
(1681, 6, 5, '0.00', '2017-08-27', 3, 3, '2017-09-07', '2017-09-07'),
(1682, 7, 5, '1350.00', '2017-08-27', 3, 3, '2017-09-07', '2017-09-07'),
(1683, 8, 5, '0.00', '2017-08-27', 3, 3, '2017-09-07', '2017-09-07'),
(1684, 9, 5, '0.00', '2017-08-27', 3, 3, '2017-09-07', '2017-09-07'),
(1685, 10, 5, '0.00', '2017-08-27', 3, 3, '2017-09-07', '2017-09-07'),
(1686, 11, 5, '0.00', '2017-08-27', 3, 3, '2017-09-07', '2017-09-07'),
(1687, 1, 6, '45.00', '2017-08-27', 3, 3, '2017-09-07', '2017-09-07'),
(1688, 2, 6, '0.00', '2017-08-27', 3, 3, '2017-09-07', '2017-09-07'),
(1689, 3, 6, '0.00', '2017-08-27', 3, 3, '2017-09-07', '2017-09-07'),
(1690, 4, 6, '0.00', '2017-08-27', 3, 3, '2017-09-07', '2017-09-07'),
(1691, 5, 6, '0.00', '2017-08-27', 3, 3, '2017-09-07', '2017-09-07'),
(1692, 6, 6, '0.00', '2017-08-27', 3, 3, '2017-09-07', '2017-09-07'),
(1693, 7, 6, '0.00', '2017-08-27', 3, 3, '2017-09-07', '2017-09-07'),
(1694, 8, 6, '0.00', '2017-08-27', 3, 3, '2017-09-07', '2017-09-07'),
(1695, 9, 6, '0.00', '2017-08-27', 3, 3, '2017-09-07', '2017-09-07'),
(1696, 10, 6, '0.00', '2017-08-27', 3, 3, '2017-09-07', '2017-09-07'),
(1697, 11, 6, '0.00', '2017-08-27', 3, 3, '2017-09-07', '2017-09-07'),
(1698, 1, 7, '140.00', '2017-08-27', 3, 3, '2017-09-07', '2017-09-07'),
(1699, 2, 7, '0.00', '2017-08-27', 3, 3, '2017-09-07', '2017-09-07'),
(1700, 3, 7, '0.00', '2017-08-27', 3, 3, '2017-09-07', '2017-09-07'),
(1701, 4, 7, '0.00', '2017-08-27', 3, 3, '2017-09-07', '2017-09-07'),
(1702, 5, 7, '0.00', '2017-08-27', 3, 3, '2017-09-07', '2017-09-07'),
(1703, 6, 7, '0.00', '2017-08-27', 3, 3, '2017-09-07', '2017-09-07'),
(1704, 7, 7, '0.00', '2017-08-27', 3, 3, '2017-09-07', '2017-09-07'),
(1705, 8, 7, '0.00', '2017-08-27', 3, 3, '2017-09-07', '2017-09-07'),
(1706, 9, 7, '0.00', '2017-08-27', 3, 3, '2017-09-07', '2017-09-07'),
(1707, 10, 7, '0.00', '2017-08-27', 3, 3, '2017-09-07', '2017-09-07'),
(1708, 11, 7, '0.00', '2017-08-27', 3, 3, '2017-09-07', '2017-09-07');

-- --------------------------------------------------------

--
-- Table structure for table `ut_mis_hospital_pathologies`
--

CREATE TABLE `ut_mis_hospital_pathologies` (
  `hospital_pathology_row_id` int(11) NOT NULL,
  `pathology_item_row_id` int(11) NOT NULL,
  `hospital_row_id` int(11) NOT NULL,
  `amount` int(11) NOT NULL,
  `report_at` date NOT NULL,
  `created_by` int(11) NOT NULL,
  `updated_by` int(11) NOT NULL,
  `created_at` date NOT NULL,
  `updated_at` date NOT NULL
) ENGINE=InnoDB DEFAULT CHARSET=latin1;

--
-- Dumping data for table `ut_mis_hospital_pathologies`
--

INSERT INTO `ut_mis_hospital_pathologies` (`hospital_pathology_row_id`, `pathology_item_row_id`, `hospital_row_id`, `amount`, `report_at`, `created_by`, `updated_by`, `created_at`, `updated_at`) VALUES
(1, 1, 5, 2, '2017-07-05', 2, 2, '2017-07-05', '2017-07-05'),
(2, 2, 5, 5, '2017-07-05', 2, 2, '2017-07-05', '2017-07-05'),
(3, 3, 5, 1, '2017-07-05', 2, 2, '2017-07-05', '2017-07-05'),
(4, 4, 5, 0, '2017-07-05', 2, 2, '2017-07-05', '2017-07-05'),
(5, 5, 5, 0, '2017-07-05', 2, 2, '2017-07-05', '2017-07-05'),
(6, 6, 5, 0, '2017-07-05', 2, 2, '2017-07-05', '2017-07-05'),
(7, 1, 2, 5, '2017-07-05', 2, 2, '2017-07-05', '2017-07-05'),
(8, 2, 2, 3, '2017-07-05', 2, 2, '2017-07-05', '2017-07-05'),
(9, 3, 2, 2, '2017-07-05', 2, 2, '2017-07-05', '2017-07-05'),
(10, 4, 2, 1, '2017-07-05', 2, 2, '2017-07-05', '2017-07-05'),
(11, 5, 2, 12, '2017-07-05', 2, 2, '2017-07-05', '2017-07-05'),
(12, 6, 2, 5, '2017-07-05', 2, 2, '2017-07-05', '2017-07-05'),
(13, 1, 4, 10, '2017-07-05', 2, 2, '2017-07-05', '2017-07-05'),
(14, 2, 4, 24, '2017-07-05', 2, 2, '2017-07-05', '2017-07-05'),
(15, 3, 4, 2, '2017-07-05', 2, 2, '2017-07-05', '2017-07-05'),
(16, 4, 4, 0, '2017-07-05', 2, 2, '2017-07-05', '2017-07-05'),
(17, 5, 4, 0, '2017-07-05', 2, 2, '2017-07-05', '2017-07-05'),
(18, 6, 4, 1, '2017-07-05', 2, 2, '2017-07-05', '2017-07-05'),
(19, 1, 1, 16, '2017-07-05', 2, 2, '2017-07-05', '2017-07-05'),
(20, 2, 1, 31, '2017-07-05', 2, 2, '2017-07-05', '2017-07-05'),
(21, 3, 1, 5, '2017-07-05', 2, 2, '2017-07-05', '2017-07-05'),
(22, 4, 1, 0, '2017-07-05', 2, 2, '2017-07-05', '2017-07-05'),
(23, 5, 1, 0, '2017-07-05', 2, 2, '2017-07-05', '2017-07-05'),
(24, 6, 1, 1, '2017-07-05', 2, 2, '2017-07-05', '2017-07-05'),
(25, 1, 3, 21, '2017-07-05', 2, 2, '2017-07-05', '2017-07-05'),
(26, 2, 3, 29, '2017-07-05', 2, 2, '2017-07-05', '2017-07-05'),
(27, 3, 3, 9, '2017-07-05', 2, 2, '2017-07-05', '2017-07-05'),
(28, 4, 3, 8, '2017-07-05', 2, 2, '2017-07-05', '2017-07-05'),
(29, 5, 3, 23, '2017-07-05', 2, 2, '2017-07-05', '2017-07-05'),
(30, 6, 3, 1, '2017-07-05', 2, 2, '2017-07-05', '2017-07-05'),
(31, 1, 1, 16, '2017-08-01', 3, 3, '2017-08-05', '2017-08-05'),
(32, 2, 1, 38, '2017-08-01', 3, 3, '2017-08-05', '2017-08-05'),
(33, 3, 1, 3, '2017-08-01', 3, 3, '2017-08-05', '2017-08-05'),
(34, 4, 1, 6, '2017-08-01', 3, 3, '2017-08-05', '2017-08-05'),
(35, 5, 1, 0, '2017-08-01', 3, 3, '2017-08-05', '2017-08-05'),
(36, 7, 1, 0, '2017-08-01', 3, 3, '2017-08-05', '2017-08-05'),
(37, 8, 1, 0, '2017-08-01', 3, 3, '2017-08-05', '2017-08-05'),
(38, 6, 1, 0, '2017-08-01', 3, 3, '2017-08-05', '2017-08-05'),
(39, 1, 4, 8, '2017-08-01', 3, 3, '2017-08-05', '2017-08-05'),
(40, 2, 4, 13, '2017-08-01', 3, 3, '2017-08-05', '2017-08-05'),
(41, 3, 4, 2, '2017-08-01', 3, 3, '2017-08-05', '2017-08-05'),
(42, 4, 4, 0, '2017-08-01', 3, 3, '2017-08-05', '2017-08-05'),
(43, 5, 4, 0, '2017-08-01', 3, 3, '2017-08-05', '2017-08-05'),
(44, 7, 4, 0, '2017-08-01', 3, 3, '2017-08-05', '2017-08-05'),
(45, 8, 4, 0, '2017-08-01', 3, 3, '2017-08-05', '2017-08-05'),
(46, 6, 4, 0, '2017-08-01', 3, 3, '2017-08-05', '2017-08-05'),
(47, 1, 5, 7, '2017-08-01', 3, 3, '2017-08-05', '2017-08-05'),
(48, 2, 5, 13, '2017-08-01', 3, 3, '2017-08-05', '2017-08-05'),
(49, 3, 5, 2, '2017-08-01', 3, 3, '2017-08-05', '2017-08-05'),
(50, 4, 5, 0, '2017-08-01', 3, 3, '2017-08-05', '2017-08-05'),
(51, 5, 5, 0, '2017-08-01', 3, 3, '2017-08-05', '2017-08-05'),
(52, 7, 5, 2, '2017-08-01', 3, 3, '2017-08-05', '2017-08-05'),
(53, 8, 5, 3, '2017-08-01', 3, 3, '2017-08-05', '2017-08-05'),
(54, 6, 5, 0, '2017-08-01', 3, 3, '2017-08-05', '2017-08-05'),
(55, 1, 1, 18, '2017-08-03', 3, 3, '2017-08-05', '2017-08-05'),
(56, 2, 1, 28, '2017-08-03', 3, 3, '2017-08-05', '2017-08-05'),
(57, 3, 1, 6, '2017-08-03', 3, 3, '2017-08-05', '2017-08-05'),
(58, 4, 1, 0, '2017-08-03', 3, 3, '2017-08-05', '2017-08-05'),
(59, 5, 1, 0, '2017-08-03', 3, 3, '2017-08-05', '2017-08-05'),
(60, 7, 1, 0, '2017-08-03', 3, 3, '2017-08-05', '2017-08-05'),
(61, 8, 1, 0, '2017-08-03', 3, 3, '2017-08-05', '2017-08-05'),
(62, 6, 1, 0, '2017-08-03', 3, 3, '2017-08-05', '2017-08-05'),
(63, 1, 4, 11, '2017-08-03', 3, 3, '2017-08-05', '2017-08-05'),
(64, 2, 4, 16, '2017-08-03', 3, 3, '2017-08-05', '2017-08-05'),
(65, 3, 4, 2, '2017-08-03', 3, 3, '2017-08-05', '2017-08-05'),
(66, 4, 4, 0, '2017-08-03', 3, 3, '2017-08-05', '2017-08-05'),
(67, 5, 4, 0, '2017-08-03', 3, 3, '2017-08-05', '2017-08-05'),
(68, 7, 4, 0, '2017-08-03', 3, 3, '2017-08-05', '2017-08-05'),
(69, 8, 4, 0, '2017-08-03', 3, 3, '2017-08-05', '2017-08-05'),
(70, 6, 4, 0, '2017-08-03', 3, 3, '2017-08-05', '2017-08-05'),
(71, 1, 5, 24, '2017-08-03', 3, 3, '2017-08-05', '2017-08-05'),
(72, 2, 5, 46, '2017-08-03', 3, 3, '2017-08-05', '2017-08-05'),
(73, 3, 5, 17, '2017-08-03', 3, 3, '2017-08-05', '2017-08-05'),
(74, 4, 5, 8, '2017-08-03', 3, 3, '2017-08-05', '2017-08-05'),
(75, 5, 5, 0, '2017-08-03', 3, 3, '2017-08-05', '2017-08-05'),
(76, 7, 5, 3, '2017-08-03', 3, 3, '2017-08-05', '2017-08-05'),
(77, 8, 5, 4, '2017-08-03', 3, 3, '2017-08-05', '2017-08-05'),
(78, 6, 5, 0, '2017-08-03', 3, 3, '2017-08-05', '2017-08-05'),
(79, 1, 1, 7, '2017-08-04', 3, 3, '2017-08-09', '2017-08-09'),
(80, 2, 1, 11, '2017-08-04', 3, 3, '2017-08-09', '2017-08-09'),
(81, 3, 1, 1, '2017-08-04', 3, 3, '2017-08-09', '2017-08-09'),
(82, 4, 1, 0, '2017-08-04', 3, 3, '2017-08-09', '2017-08-09'),
(83, 5, 1, 0, '2017-08-04', 3, 3, '2017-08-09', '2017-08-09'),
(84, 7, 1, 0, '2017-08-04', 3, 3, '2017-08-09', '2017-08-09'),
(85, 8, 1, 0, '2017-08-04', 3, 3, '2017-08-09', '2017-08-09'),
(86, 6, 1, 0, '2017-08-04', 3, 3, '2017-08-09', '2017-08-09'),
(87, 1, 4, 2, '2017-08-04', 3, 3, '2017-08-09', '2017-08-09'),
(88, 2, 4, 2, '2017-08-04', 3, 3, '2017-08-09', '2017-08-09'),
(89, 3, 4, 2, '2017-08-04', 3, 3, '2017-08-09', '2017-08-09'),
(90, 4, 4, 0, '2017-08-04', 3, 3, '2017-08-09', '2017-08-09'),
(91, 5, 4, 0, '2017-08-04', 3, 3, '2017-08-09', '2017-08-09'),
(92, 7, 4, 0, '2017-08-04', 3, 3, '2017-08-09', '2017-08-09'),
(93, 8, 4, 0, '2017-08-04', 3, 3, '2017-08-09', '2017-08-09'),
(94, 6, 4, 0, '2017-08-04', 3, 3, '2017-08-09', '2017-08-09'),
(95, 1, 5, 8, '2017-08-04', 3, 3, '2017-08-09', '2017-08-09'),
(96, 2, 5, 12, '2017-08-04', 3, 3, '2017-08-09', '2017-08-09'),
(97, 3, 5, 1, '2017-08-04', 3, 3, '2017-08-09', '2017-08-09'),
(98, 4, 5, 3, '2017-08-04', 3, 3, '2017-08-09', '2017-08-09'),
(99, 5, 5, 0, '2017-08-04', 3, 3, '2017-08-09', '2017-08-09'),
(100, 7, 5, 3, '2017-08-04', 3, 3, '2017-08-09', '2017-08-09'),
(101, 8, 5, 6, '2017-08-04', 3, 3, '2017-08-09', '2017-08-09'),
(102, 6, 5, 0, '2017-08-04', 3, 3, '2017-08-09', '2017-08-09'),
(103, 1, 1, 15, '2017-08-05', 3, 3, '2017-08-16', '2017-08-16'),
(104, 2, 1, 24, '2017-08-05', 3, 3, '2017-08-16', '2017-08-16'),
(105, 3, 1, 13, '2017-08-05', 3, 3, '2017-08-16', '2017-08-16'),
(106, 4, 1, 0, '2017-08-05', 3, 3, '2017-08-16', '2017-08-16'),
(107, 5, 1, 0, '2017-08-05', 3, 3, '2017-08-16', '2017-08-16'),
(108, 7, 1, 0, '2017-08-05', 3, 3, '2017-08-16', '2017-08-16'),
(109, 8, 1, 0, '2017-08-05', 3, 3, '2017-08-16', '2017-08-16'),
(110, 6, 1, 0, '2017-08-05', 3, 3, '2017-08-16', '2017-08-16'),
(111, 1, 4, 7, '2017-08-05', 3, 3, '2017-08-16', '2017-08-16'),
(112, 2, 4, 12, '2017-08-05', 3, 3, '2017-08-16', '2017-08-16'),
(113, 3, 4, 3, '2017-08-05', 3, 3, '2017-08-16', '2017-08-16'),
(114, 4, 4, 0, '2017-08-05', 3, 3, '2017-08-16', '2017-08-16'),
(115, 5, 4, 0, '2017-08-05', 3, 3, '2017-08-16', '2017-08-16'),
(116, 7, 4, 0, '2017-08-05', 3, 3, '2017-08-16', '2017-08-16'),
(117, 8, 4, 0, '2017-08-05', 3, 3, '2017-08-16', '2017-08-16'),
(118, 6, 4, 0, '2017-08-05', 3, 3, '2017-08-16', '2017-08-16'),
(119, 1, 5, 14, '2017-08-05', 3, 3, '2017-08-16', '2017-08-16'),
(120, 2, 5, 21, '2017-08-05', 3, 3, '2017-08-16', '2017-08-16'),
(121, 3, 5, 4, '2017-08-05', 3, 3, '2017-08-16', '2017-08-16'),
(122, 4, 5, 0, '2017-08-05', 3, 3, '2017-08-16', '2017-08-16'),
(123, 5, 5, 0, '2017-08-05', 3, 3, '2017-08-16', '2017-08-16'),
(124, 7, 5, 2, '2017-08-05', 3, 3, '2017-08-16', '2017-08-16'),
(125, 8, 5, 2, '2017-08-05', 3, 3, '2017-08-16', '2017-08-16'),
(126, 6, 5, 0, '2017-08-05', 3, 3, '2017-08-16', '2017-08-16'),
(127, 1, 1, 27, '2017-08-06', 3, 3, '2017-08-16', '2017-08-16'),
(128, 2, 1, 44, '2017-08-06', 3, 3, '2017-08-16', '2017-08-16'),
(129, 3, 1, 9, '2017-08-06', 3, 3, '2017-08-16', '2017-08-16'),
(130, 4, 1, 13, '2017-08-06', 3, 3, '2017-08-16', '2017-08-16'),
(131, 5, 1, 0, '2017-08-06', 3, 3, '2017-08-16', '2017-08-16'),
(132, 7, 1, 0, '2017-08-06', 3, 3, '2017-08-16', '2017-08-16'),
(133, 8, 1, 0, '2017-08-06', 3, 3, '2017-08-16', '2017-08-16'),
(134, 6, 1, 0, '2017-08-06', 3, 3, '2017-08-16', '2017-08-16'),
(135, 1, 4, 17, '2017-08-06', 3, 3, '2017-08-16', '2017-08-16'),
(136, 2, 4, 25, '2017-08-06', 3, 3, '2017-08-16', '2017-08-16'),
(137, 3, 4, 1, '2017-08-06', 3, 3, '2017-08-16', '2017-08-16'),
(138, 4, 4, 3, '2017-08-06', 3, 3, '2017-08-16', '2017-08-16'),
(139, 5, 4, 0, '2017-08-06', 3, 3, '2017-08-16', '2017-08-16'),
(140, 7, 4, 0, '2017-08-06', 3, 3, '2017-08-16', '2017-08-16'),
(141, 8, 4, 0, '2017-08-06', 3, 3, '2017-08-16', '2017-08-16'),
(142, 6, 4, 0, '2017-08-06', 3, 3, '2017-08-16', '2017-08-16'),
(143, 1, 5, 10, '2017-08-06', 3, 3, '2017-08-16', '2017-08-16'),
(144, 2, 5, 19, '2017-08-06', 3, 3, '2017-08-16', '2017-08-16'),
(145, 3, 5, 8, '2017-08-06', 3, 3, '2017-08-16', '2017-08-16'),
(146, 4, 5, 0, '2017-08-06', 3, 3, '2017-08-16', '2017-08-16'),
(147, 5, 5, 0, '2017-08-06', 3, 3, '2017-08-16', '2017-08-16'),
(148, 7, 5, 3, '2017-08-06', 3, 3, '2017-08-16', '2017-08-16'),
(149, 8, 5, 4, '2017-08-06', 3, 3, '2017-08-16', '2017-08-16'),
(150, 6, 5, 0, '2017-08-06', 3, 3, '2017-08-16', '2017-08-16'),
(151, 1, 1, 29, '2017-08-07', 3, 3, '2017-08-20', '2017-08-20'),
(152, 2, 1, 41, '2017-08-07', 3, 3, '2017-08-20', '2017-08-20'),
(153, 3, 1, 9, '2017-08-07', 3, 3, '2017-08-20', '2017-08-20'),
(154, 4, 1, 11, '2017-08-07', 3, 3, '2017-08-20', '2017-08-20'),
(155, 5, 1, 0, '2017-08-07', 3, 3, '2017-08-20', '2017-08-20'),
(156, 7, 1, 0, '2017-08-07', 3, 3, '2017-08-20', '2017-08-20'),
(157, 8, 1, 0, '2017-08-07', 3, 3, '2017-08-20', '2017-08-20'),
(158, 6, 1, 0, '2017-08-07', 3, 3, '2017-08-20', '2017-08-20'),
(159, 1, 4, 16, '2017-08-07', 3, 3, '2017-08-20', '2017-08-20'),
(160, 2, 4, 22, '2017-08-07', 3, 3, '2017-08-20', '2017-08-20'),
(161, 3, 4, 4, '2017-08-07', 3, 3, '2017-08-20', '2017-08-20'),
(162, 4, 4, 0, '2017-08-07', 3, 3, '2017-08-20', '2017-08-20'),
(163, 5, 4, 0, '2017-08-07', 3, 3, '2017-08-20', '2017-08-20'),
(164, 7, 4, 0, '2017-08-07', 3, 3, '2017-08-20', '2017-08-20'),
(165, 8, 4, 0, '2017-08-07', 3, 3, '2017-08-20', '2017-08-20'),
(166, 6, 4, 0, '2017-08-07', 3, 3, '2017-08-20', '2017-08-20'),
(167, 1, 5, 7, '2017-08-07', 3, 3, '2017-08-20', '2017-08-20'),
(168, 2, 5, 12, '2017-08-07', 3, 3, '2017-08-20', '2017-08-20'),
(169, 3, 5, 4, '2017-08-07', 3, 3, '2017-08-20', '2017-08-20'),
(170, 4, 5, 0, '2017-08-07', 3, 3, '2017-08-20', '2017-08-20'),
(171, 5, 5, 0, '2017-08-07', 3, 3, '2017-08-20', '2017-08-20'),
(172, 7, 5, 5, '2017-08-07', 3, 3, '2017-08-20', '2017-08-20'),
(173, 8, 5, 7, '2017-08-07', 3, 3, '2017-08-20', '2017-08-20'),
(174, 6, 5, 0, '2017-08-07', 3, 3, '2017-08-20', '2017-08-20'),
(175, 1, 1, 10, '2017-08-10', 3, 3, '2017-08-20', '2017-08-20'),
(176, 2, 1, 16, '2017-08-10', 3, 3, '2017-08-20', '2017-08-20'),
(177, 3, 1, 7, '2017-08-10', 3, 3, '2017-08-20', '2017-08-20'),
(178, 4, 1, 5, '2017-08-10', 3, 3, '2017-08-20', '2017-08-20'),
(179, 5, 1, 0, '2017-08-10', 3, 3, '2017-08-20', '2017-08-20'),
(180, 7, 1, 0, '2017-08-10', 3, 3, '2017-08-20', '2017-08-20'),
(181, 8, 1, 0, '2017-08-10', 3, 3, '2017-08-20', '2017-08-20'),
(182, 6, 1, 0, '2017-08-10', 3, 3, '2017-08-20', '2017-08-20'),
(183, 1, 4, 11, '2017-08-10', 3, 3, '2017-08-20', '2017-08-20'),
(184, 2, 4, 12, '2017-08-10', 3, 3, '2017-08-20', '2017-08-20'),
(185, 3, 4, 3, '2017-08-10', 3, 3, '2017-08-20', '2017-08-20'),
(186, 4, 4, 0, '2017-08-10', 3, 3, '2017-08-20', '2017-08-20'),
(187, 5, 4, 0, '2017-08-10', 3, 3, '2017-08-20', '2017-08-20'),
(188, 7, 4, 0, '2017-08-10', 3, 3, '2017-08-20', '2017-08-20'),
(189, 8, 4, 0, '2017-08-10', 3, 3, '2017-08-20', '2017-08-20'),
(190, 6, 4, 0, '2017-08-10', 3, 3, '2017-08-20', '2017-08-20'),
(191, 1, 5, 21, '2017-08-10', 3, 3, '2017-08-20', '2017-08-20'),
(192, 2, 5, 52, '2017-08-10', 3, 3, '2017-08-20', '2017-08-20'),
(193, 3, 5, 7, '2017-08-10', 3, 3, '2017-08-20', '2017-08-20'),
(194, 4, 5, 6, '2017-08-10', 3, 3, '2017-08-20', '2017-08-20'),
(195, 5, 5, 0, '2017-08-10', 3, 3, '2017-08-20', '2017-08-20'),
(196, 7, 5, 6, '2017-08-10', 3, 3, '2017-08-20', '2017-08-20'),
(197, 8, 5, 11, '2017-08-10', 3, 3, '2017-08-20', '2017-08-20'),
(198, 6, 5, 0, '2017-08-10', 3, 3, '2017-08-20', '2017-08-20'),
(199, 1, 1, 4, '2017-08-11', 3, 3, '2017-08-20', '2017-08-20'),
(200, 2, 1, 8, '2017-08-11', 3, 3, '2017-08-20', '2017-08-20'),
(201, 3, 1, 3, '2017-08-11', 3, 3, '2017-08-20', '2017-08-20'),
(202, 4, 1, 0, '2017-08-11', 3, 3, '2017-08-20', '2017-08-20'),
(203, 5, 1, 0, '2017-08-11', 3, 3, '2017-08-20', '2017-08-20'),
(204, 7, 1, 0, '2017-08-11', 3, 3, '2017-08-20', '2017-08-20'),
(205, 8, 1, 0, '2017-08-11', 3, 3, '2017-08-20', '2017-08-20'),
(206, 6, 1, 0, '2017-08-11', 3, 3, '2017-08-20', '2017-08-20'),
(207, 1, 4, 4, '2017-08-11', 3, 3, '2017-08-20', '2017-08-20'),
(208, 2, 4, 5, '2017-08-11', 3, 3, '2017-08-20', '2017-08-20'),
(209, 3, 4, 3, '2017-08-11', 3, 3, '2017-08-20', '2017-08-20'),
(210, 4, 4, 0, '2017-08-11', 3, 3, '2017-08-20', '2017-08-20'),
(211, 5, 4, 0, '2017-08-11', 3, 3, '2017-08-20', '2017-08-20'),
(212, 7, 4, 0, '2017-08-11', 3, 3, '2017-08-20', '2017-08-20'),
(213, 8, 4, 0, '2017-08-11', 3, 3, '2017-08-20', '2017-08-20'),
(214, 6, 4, 0, '2017-08-11', 3, 3, '2017-08-20', '2017-08-20'),
(215, 1, 5, 10, '2017-08-11', 3, 3, '2017-08-20', '2017-08-20'),
(216, 2, 5, 23, '2017-08-11', 3, 3, '2017-08-20', '2017-08-20'),
(217, 3, 5, 1, '2017-08-11', 3, 3, '2017-08-20', '2017-08-20'),
(218, 4, 5, 2, '2017-08-11', 3, 3, '2017-08-20', '2017-08-20'),
(219, 5, 5, 0, '2017-08-11', 3, 3, '2017-08-20', '2017-08-20'),
(220, 7, 5, 0, '2017-08-11', 3, 3, '2017-08-20', '2017-08-20'),
(221, 8, 5, 0, '2017-08-11', 3, 3, '2017-08-20', '2017-08-20'),
(222, 6, 5, 0, '2017-08-11', 3, 3, '2017-08-20', '2017-08-20'),
(223, 1, 1, 1, '2017-08-12', 3, 3, '2017-08-20', '2017-08-20'),
(224, 2, 1, 1, '2017-08-12', 3, 3, '2017-08-20', '2017-08-20'),
(225, 3, 1, 1, '2017-08-12', 3, 3, '2017-08-20', '2017-08-20'),
(226, 4, 1, 0, '2017-08-12', 3, 3, '2017-08-20', '2017-08-20'),
(227, 5, 1, 0, '2017-08-12', 3, 3, '2017-08-20', '2017-08-20'),
(228, 7, 1, 0, '2017-08-12', 3, 3, '2017-08-20', '2017-08-20'),
(229, 8, 1, 0, '2017-08-12', 3, 3, '2017-08-20', '2017-08-20'),
(230, 6, 1, 0, '2017-08-12', 3, 3, '2017-08-20', '2017-08-20'),
(231, 1, 4, 1, '2017-08-12', 3, 3, '2017-08-20', '2017-08-20'),
(232, 2, 4, 1, '2017-08-12', 3, 3, '2017-08-20', '2017-08-20'),
(233, 3, 4, 1, '2017-08-12', 3, 3, '2017-08-20', '2017-08-20'),
(234, 4, 4, 0, '2017-08-12', 3, 3, '2017-08-20', '2017-08-20'),
(235, 5, 4, 0, '2017-08-12', 3, 3, '2017-08-20', '2017-08-20'),
(236, 7, 4, 0, '2017-08-12', 3, 3, '2017-08-20', '2017-08-20'),
(237, 8, 4, 0, '2017-08-12', 3, 3, '2017-08-20', '2017-08-20'),
(238, 6, 4, 0, '2017-08-12', 3, 3, '2017-08-20', '2017-08-20'),
(239, 1, 5, 8, '2017-08-12', 3, 3, '2017-08-20', '2017-08-20'),
(240, 2, 5, 10, '2017-08-12', 3, 3, '2017-08-20', '2017-08-20'),
(241, 3, 5, 1, '2017-08-12', 3, 3, '2017-08-20', '2017-08-20'),
(242, 4, 5, 0, '2017-08-12', 3, 3, '2017-08-20', '2017-08-20'),
(243, 5, 5, 0, '2017-08-12', 3, 3, '2017-08-20', '2017-08-20'),
(244, 7, 5, 1, '2017-08-12', 3, 3, '2017-08-20', '2017-08-20'),
(245, 8, 5, 1, '2017-08-12', 3, 3, '2017-08-20', '2017-08-20'),
(246, 6, 5, 0, '2017-08-12', 3, 3, '2017-08-20', '2017-08-20'),
(247, 1, 1, 25, '2017-08-13', 3, 3, '2017-08-20', '2017-08-20'),
(248, 2, 1, 52, '2017-08-13', 3, 3, '2017-08-20', '2017-08-20'),
(249, 3, 1, 7, '2017-08-13', 3, 3, '2017-08-20', '2017-08-20'),
(250, 4, 1, 0, '2017-08-13', 3, 3, '2017-08-20', '2017-08-20'),
(251, 5, 1, 0, '2017-08-13', 3, 3, '2017-08-20', '2017-08-20'),
(252, 7, 1, 0, '2017-08-13', 3, 3, '2017-08-20', '2017-08-20'),
(253, 8, 1, 0, '2017-08-13', 3, 3, '2017-08-20', '2017-08-20'),
(254, 6, 1, 0, '2017-08-13', 3, 3, '2017-08-20', '2017-08-20'),
(255, 1, 3, 7, '2017-08-13', 3, 3, '2017-08-20', '2017-08-20'),
(256, 2, 3, 7, '2017-08-13', 3, 3, '2017-08-20', '2017-08-20'),
(257, 3, 3, 4, '2017-08-13', 3, 3, '2017-08-20', '2017-08-20'),
(258, 4, 3, 0, '2017-08-13', 3, 3, '2017-08-20', '2017-08-20'),
(259, 5, 3, 0, '2017-08-13', 3, 3, '2017-08-20', '2017-08-20'),
(260, 7, 3, 0, '2017-08-13', 3, 3, '2017-08-20', '2017-08-20'),
(261, 8, 3, 0, '2017-08-13', 3, 3, '2017-08-20', '2017-08-20'),
(262, 6, 3, 0, '2017-08-13', 3, 3, '2017-08-20', '2017-08-20'),
(263, 1, 5, 7, '2017-08-13', 3, 3, '2017-08-20', '2017-08-20'),
(264, 2, 5, 13, '2017-08-13', 3, 3, '2017-08-20', '2017-08-20'),
(265, 3, 5, 4, '2017-08-13', 3, 3, '2017-08-20', '2017-08-20'),
(266, 4, 5, 0, '2017-08-13', 3, 3, '2017-08-20', '2017-08-20'),
(267, 5, 5, 0, '2017-08-13', 3, 3, '2017-08-20', '2017-08-20'),
(268, 7, 5, 3, '2017-08-13', 3, 3, '2017-08-20', '2017-08-20'),
(269, 8, 5, 3, '2017-08-13', 3, 3, '2017-08-20', '2017-08-20'),
(270, 6, 5, 0, '2017-08-13', 3, 3, '2017-08-20', '2017-08-20'),
(271, 1, 1, 11, '2017-08-14', 3, 3, '2017-08-30', '2017-08-30'),
(272, 2, 1, 15, '2017-08-14', 3, 3, '2017-08-30', '2017-08-30'),
(273, 3, 1, 4, '2017-08-14', 3, 3, '2017-08-30', '2017-08-30'),
(274, 4, 1, 0, '2017-08-14', 3, 3, '2017-08-30', '2017-08-30'),
(275, 5, 1, 0, '2017-08-14', 3, 3, '2017-08-30', '2017-08-30'),
(276, 7, 1, 0, '2017-08-14', 3, 3, '2017-08-30', '2017-08-30'),
(277, 8, 1, 0, '2017-08-14', 3, 3, '2017-08-30', '2017-08-30'),
(278, 6, 1, 0, '2017-08-14', 3, 3, '2017-08-30', '2017-08-30'),
(279, 1, 4, 11, '2017-08-14', 3, 3, '2017-08-30', '2017-08-30'),
(280, 2, 4, 12, '2017-08-14', 3, 3, '2017-08-30', '2017-08-30'),
(281, 3, 4, 1, '2017-08-14', 3, 3, '2017-08-30', '2017-08-30'),
(282, 4, 4, 2, '2017-08-14', 3, 3, '2017-08-30', '2017-08-30'),
(283, 5, 4, 0, '2017-08-14', 3, 3, '2017-08-30', '2017-08-30'),
(284, 7, 4, 0, '2017-08-14', 3, 3, '2017-08-30', '2017-08-30'),
(285, 8, 4, 0, '2017-08-14', 3, 3, '2017-08-30', '2017-08-30'),
(286, 6, 4, 0, '2017-08-14', 3, 3, '2017-08-30', '2017-08-30'),
(287, 1, 5, 4, '2017-08-14', 3, 3, '2017-08-30', '2017-08-30'),
(288, 2, 5, 11, '2017-08-14', 3, 3, '2017-08-30', '2017-08-30'),
(289, 3, 5, 0, '2017-08-14', 3, 3, '2017-08-30', '2017-08-30'),
(290, 4, 5, 2, '2017-08-14', 3, 3, '2017-08-30', '2017-08-30'),
(291, 5, 5, 3, '2017-08-14', 3, 3, '2017-08-30', '2017-08-30'),
(292, 7, 5, 0, '2017-08-14', 3, 3, '2017-08-30', '2017-08-30'),
(293, 8, 5, 0, '2017-08-14', 3, 3, '2017-08-30', '2017-08-30'),
(294, 6, 5, 0, '2017-08-14', 3, 3, '2017-08-30', '2017-08-30'),
(295, 1, 1, 8, '2017-08-17', 3, 3, '2017-08-30', '2017-08-30'),
(296, 2, 1, 15, '2017-08-17', 3, 3, '2017-08-30', '2017-08-30'),
(297, 3, 1, 1, '2017-08-17', 3, 3, '2017-08-30', '2017-08-30'),
(298, 4, 1, 11, '2017-08-17', 3, 3, '2017-08-30', '2017-08-30'),
(299, 5, 1, 0, '2017-08-17', 3, 3, '2017-08-30', '2017-08-30'),
(300, 7, 1, 0, '2017-08-17', 3, 3, '2017-08-30', '2017-08-30'),
(301, 8, 1, 0, '2017-08-17', 3, 3, '2017-08-30', '2017-08-30'),
(302, 6, 1, 0, '2017-08-17', 3, 3, '2017-08-30', '2017-08-30'),
(303, 1, 4, 13, '2017-08-17', 3, 3, '2017-08-30', '2017-08-30'),
(304, 2, 4, 22, '2017-08-17', 3, 3, '2017-08-30', '2017-08-30'),
(305, 3, 4, 3, '2017-08-17', 3, 3, '2017-08-30', '2017-08-30'),
(306, 4, 4, 0, '2017-08-17', 3, 3, '2017-08-30', '2017-08-30'),
(307, 5, 4, 0, '2017-08-17', 3, 3, '2017-08-30', '2017-08-30'),
(308, 7, 4, 0, '2017-08-17', 3, 3, '2017-08-30', '2017-08-30'),
(309, 8, 4, 0, '2017-08-17', 3, 3, '2017-08-30', '2017-08-30'),
(310, 6, 4, 0, '2017-08-17', 3, 3, '2017-08-30', '2017-08-30'),
(311, 1, 5, 10, '2017-08-17', 3, 3, '2017-08-30', '2017-08-30'),
(312, 2, 5, 15, '2017-08-17', 3, 3, '2017-08-30', '2017-08-30'),
(313, 3, 5, 5, '2017-08-17', 3, 3, '2017-08-30', '2017-08-30'),
(314, 4, 5, 12, '2017-08-17', 3, 3, '2017-08-30', '2017-08-30'),
(315, 5, 5, 0, '2017-08-17', 3, 3, '2017-08-30', '2017-08-30'),
(316, 7, 5, 10, '2017-08-17', 3, 3, '2017-08-30', '2017-08-30'),
(317, 8, 5, 15, '2017-08-17', 3, 3, '2017-08-30', '2017-08-30'),
(318, 6, 5, 0, '2017-08-17', 3, 3, '2017-08-30', '2017-08-30'),
(319, 1, 1, 6, '2017-08-18', 3, 3, '2017-08-30', '2017-08-30'),
(320, 2, 1, 7, '2017-08-18', 3, 3, '2017-08-30', '2017-08-30'),
(321, 3, 1, 2, '2017-08-18', 3, 3, '2017-08-30', '2017-08-30'),
(322, 4, 1, 0, '2017-08-18', 3, 3, '2017-08-30', '2017-08-30'),
(323, 5, 1, 0, '2017-08-18', 3, 3, '2017-08-30', '2017-08-30'),
(324, 7, 1, 0, '2017-08-18', 3, 3, '2017-08-30', '2017-08-30'),
(325, 8, 1, 0, '2017-08-18', 3, 3, '2017-08-30', '2017-08-30'),
(326, 6, 1, 0, '2017-08-18', 3, 3, '2017-08-30', '2017-08-30'),
(327, 1, 4, 11, '2017-08-18', 3, 3, '2017-08-30', '2017-08-30'),
(328, 2, 4, 4, '2017-08-18', 3, 3, '2017-08-30', '2017-08-30'),
(329, 3, 4, 5, '2017-08-18', 3, 3, '2017-08-30', '2017-08-30'),
(330, 4, 4, 6, '2017-08-18', 3, 3, '2017-08-30', '2017-08-30'),
(331, 5, 4, 0, '2017-08-18', 3, 3, '2017-08-30', '2017-08-30'),
(332, 7, 4, 0, '2017-08-18', 3, 3, '2017-08-30', '2017-08-30'),
(333, 8, 4, 0, '2017-08-18', 3, 3, '2017-08-30', '2017-08-30'),
(334, 6, 4, 0, '2017-08-18', 3, 3, '2017-08-30', '2017-08-30'),
(335, 1, 5, 15, '2017-08-18', 3, 3, '2017-08-30', '2017-08-30'),
(336, 2, 5, 28, '2017-08-18', 3, 3, '2017-08-30', '2017-08-30'),
(337, 3, 5, 5, '2017-08-18', 3, 3, '2017-08-30', '2017-08-30'),
(338, 4, 5, 1, '2017-08-18', 3, 3, '2017-08-30', '2017-08-30'),
(339, 5, 5, 0, '2017-08-18', 3, 3, '2017-08-30', '2017-08-30'),
(340, 7, 5, 7, '2017-08-18', 3, 3, '2017-08-30', '2017-08-30'),
(341, 8, 5, 7, '2017-08-18', 3, 3, '2017-08-30', '2017-08-30'),
(342, 6, 5, 0, '2017-08-18', 3, 3, '2017-08-30', '2017-08-30'),
(343, 1, 1, 11, '2017-08-19', 3, 3, '2017-08-30', '2017-08-30'),
(344, 2, 1, 23, '2017-08-19', 3, 3, '2017-08-30', '2017-08-30'),
(345, 3, 1, 2, '2017-08-19', 3, 3, '2017-08-30', '2017-08-30'),
(346, 4, 1, 0, '2017-08-19', 3, 3, '2017-08-30', '2017-08-30'),
(347, 5, 1, 0, '2017-08-19', 3, 3, '2017-08-30', '2017-08-30'),
(348, 7, 1, 0, '2017-08-19', 3, 3, '2017-08-30', '2017-08-30'),
(349, 8, 1, 0, '2017-08-19', 3, 3, '2017-08-30', '2017-08-30'),
(350, 6, 1, 0, '2017-08-19', 3, 3, '2017-08-30', '2017-08-30'),
(351, 1, 4, 5, '2017-08-19', 3, 3, '2017-08-30', '2017-08-30'),
(352, 2, 4, 8, '2017-08-19', 3, 3, '2017-08-30', '2017-08-30'),
(353, 3, 4, 0, '2017-08-19', 3, 3, '2017-08-30', '2017-08-30'),
(354, 4, 4, 0, '2017-08-19', 3, 3, '2017-08-30', '2017-08-30'),
(355, 5, 4, 0, '2017-08-19', 3, 3, '2017-08-30', '2017-08-30'),
(356, 7, 4, 0, '2017-08-19', 3, 3, '2017-08-30', '2017-08-30'),
(357, 8, 4, 0, '2017-08-19', 3, 3, '2017-08-30', '2017-08-30'),
(358, 6, 4, 0, '2017-08-19', 3, 3, '2017-08-30', '2017-08-30'),
(359, 1, 5, 13, '2017-08-19', 3, 3, '2017-08-30', '2017-08-30'),
(360, 2, 5, 20, '2017-08-19', 3, 3, '2017-08-30', '2017-08-30'),
(361, 3, 5, 6, '2017-08-19', 3, 3, '2017-08-30', '2017-08-30'),
(362, 4, 5, 0, '2017-08-19', 3, 3, '2017-08-30', '2017-08-30'),
(363, 5, 5, 0, '2017-08-19', 3, 3, '2017-08-30', '2017-08-30'),
(364, 7, 5, 3, '2017-08-19', 3, 3, '2017-08-30', '2017-08-30'),
(365, 8, 5, 4, '2017-08-19', 3, 3, '2017-08-30', '2017-08-30'),
(366, 6, 5, 0, '2017-08-19', 3, 3, '2017-08-30', '2017-08-30'),
(367, 1, 1, 13, '2017-08-20', 3, 3, '2017-08-30', '2017-08-30'),
(368, 2, 1, 23, '2017-08-20', 3, 3, '2017-08-30', '2017-08-30'),
(369, 3, 1, 2, '2017-08-20', 3, 3, '2017-08-30', '2017-08-30'),
(370, 4, 1, 0, '2017-08-20', 3, 3, '2017-08-30', '2017-08-30'),
(371, 5, 1, 0, '2017-08-20', 3, 3, '2017-08-30', '2017-08-30'),
(372, 7, 1, 0, '2017-08-20', 3, 3, '2017-08-30', '2017-08-30'),
(373, 8, 1, 0, '2017-08-20', 3, 3, '2017-08-30', '2017-08-30'),
(374, 6, 1, 0, '2017-08-20', 3, 3, '2017-08-30', '2017-08-30'),
(375, 1, 4, 10, '2017-08-20', 3, 3, '2017-08-30', '2017-08-30'),
(376, 2, 4, 11, '2017-08-20', 3, 3, '2017-08-30', '2017-08-30'),
(377, 3, 4, 2, '2017-08-20', 3, 3, '2017-08-30', '2017-08-30'),
(378, 4, 4, 4, '2017-08-20', 3, 3, '2017-08-30', '2017-08-30'),
(379, 5, 4, 0, '2017-08-20', 3, 3, '2017-08-30', '2017-08-30'),
(380, 7, 4, 0, '2017-08-20', 3, 3, '2017-08-30', '2017-08-30'),
(381, 8, 4, 0, '2017-08-20', 3, 3, '2017-08-30', '2017-08-30'),
(382, 6, 4, 0, '2017-08-20', 3, 3, '2017-08-30', '2017-08-30'),
(383, 1, 5, 11, '2017-08-20', 3, 3, '2017-08-30', '2017-08-30'),
(384, 2, 5, 23, '2017-08-20', 3, 3, '2017-08-30', '2017-08-30'),
(385, 3, 5, 7, '2017-08-20', 3, 3, '2017-08-30', '2017-08-30'),
(386, 4, 5, 0, '2017-08-20', 3, 3, '2017-08-30', '2017-08-30'),
(387, 5, 5, 0, '2017-08-20', 3, 3, '2017-08-30', '2017-08-30'),
(388, 7, 5, 4, '2017-08-20', 3, 3, '2017-08-30', '2017-08-30'),
(389, 8, 5, 6, '2017-08-20', 3, 3, '2017-08-30', '2017-08-30'),
(390, 6, 5, 0, '2017-08-20', 3, 3, '2017-08-30', '2017-08-30'),
(391, 1, 1, 17, '2017-08-21', 3, 3, '2017-08-30', '2017-08-30'),
(392, 2, 1, 40, '2017-08-21', 3, 3, '2017-08-30', '2017-08-30'),
(393, 3, 1, 4, '2017-08-21', 3, 3, '2017-08-30', '2017-08-30'),
(394, 4, 1, 10, '2017-08-21', 3, 3, '2017-08-30', '2017-08-30'),
(395, 5, 1, 0, '2017-08-21', 3, 3, '2017-08-30', '2017-08-30'),
(396, 7, 1, 0, '2017-08-21', 3, 3, '2017-08-30', '2017-08-30'),
(397, 8, 1, 0, '2017-08-21', 3, 3, '2017-08-30', '2017-08-30'),
(398, 6, 1, 0, '2017-08-21', 3, 3, '2017-08-30', '2017-08-30'),
(399, 1, 4, 23, '2017-08-21', 3, 3, '2017-08-30', '2017-08-30'),
(400, 2, 4, 28, '2017-08-21', 3, 3, '2017-08-30', '2017-08-30'),
(401, 3, 4, 6, '2017-08-21', 3, 3, '2017-08-30', '2017-08-30'),
(402, 4, 4, 3, '2017-08-21', 3, 3, '2017-08-30', '2017-08-30'),
(403, 5, 4, 0, '2017-08-21', 3, 3, '2017-08-30', '2017-08-30'),
(404, 7, 4, 0, '2017-08-21', 3, 3, '2017-08-30', '2017-08-30'),
(405, 8, 4, 0, '2017-08-21', 3, 3, '2017-08-30', '2017-08-30'),
(406, 6, 4, 0, '2017-08-21', 3, 3, '2017-08-30', '2017-08-30'),
(407, 1, 5, 8, '2017-08-21', 3, 3, '2017-08-30', '2017-08-30'),
(408, 2, 5, 14, '2017-08-21', 3, 3, '2017-08-30', '2017-08-30'),
(409, 3, 5, 8, '2017-08-21', 3, 3, '2017-08-30', '2017-08-30'),
(410, 4, 5, 0, '2017-08-21', 3, 3, '2017-08-30', '2017-08-30'),
(411, 5, 5, 0, '2017-08-21', 3, 3, '2017-08-30', '2017-08-30'),
(412, 7, 5, 4, '2017-08-21', 3, 3, '2017-08-30', '2017-08-30'),
(413, 8, 5, 7, '2017-08-21', 3, 3, '2017-08-30', '2017-08-30'),
(414, 6, 5, 0, '2017-08-21', 3, 3, '2017-08-30', '2017-08-30'),
(415, 1, 1, 16, '2017-08-22', 3, 3, '2017-08-30', '2017-08-30'),
(416, 2, 1, 27, '2017-08-22', 3, 3, '2017-08-30', '2017-08-30'),
(417, 3, 1, 3, '2017-08-22', 3, 3, '2017-08-30', '2017-08-30'),
(418, 4, 1, 0, '2017-08-22', 3, 3, '2017-08-30', '2017-08-30'),
(419, 5, 1, 0, '2017-08-22', 3, 3, '2017-08-30', '2017-08-30'),
(420, 7, 1, 0, '2017-08-22', 3, 3, '2017-08-30', '2017-08-30'),
(421, 8, 1, 0, '2017-08-22', 3, 3, '2017-08-30', '2017-08-30'),
(422, 6, 1, 0, '2017-08-22', 3, 3, '2017-08-30', '2017-08-30'),
(423, 1, 4, 5, '2017-08-22', 3, 3, '2017-08-30', '2017-08-30'),
(424, 2, 4, 10, '2017-08-22', 3, 3, '2017-08-30', '2017-08-30'),
(425, 3, 4, 1, '2017-08-22', 3, 3, '2017-08-30', '2017-08-30'),
(426, 4, 4, 0, '2017-08-22', 3, 3, '2017-08-30', '2017-08-30'),
(427, 5, 4, 0, '2017-08-22', 3, 3, '2017-08-30', '2017-08-30'),
(428, 7, 4, 0, '2017-08-22', 3, 3, '2017-08-30', '2017-08-30'),
(429, 8, 4, 0, '2017-08-22', 3, 3, '2017-08-30', '2017-08-30'),
(430, 6, 4, 0, '2017-08-22', 3, 3, '2017-08-30', '2017-08-30'),
(431, 1, 5, 3, '2017-08-22', 3, 3, '2017-08-30', '2017-08-30'),
(432, 2, 5, 6, '2017-08-22', 3, 3, '2017-08-30', '2017-08-30'),
(433, 3, 5, 1, '2017-08-22', 3, 3, '2017-08-30', '2017-08-30'),
(434, 4, 5, 0, '2017-08-22', 3, 3, '2017-08-30', '2017-08-30'),
(435, 5, 5, 0, '2017-08-22', 3, 3, '2017-08-30', '2017-08-30'),
(436, 7, 5, 2, '2017-08-22', 3, 3, '2017-08-30', '2017-08-30'),
(437, 8, 5, 3, '2017-08-22', 3, 3, '2017-08-30', '2017-08-30'),
(438, 6, 5, 0, '2017-08-22', 3, 3, '2017-08-30', '2017-08-30'),
(439, 1, 1, 28, '2017-08-23', 3, 3, '2017-08-30', '2017-08-30'),
(440, 2, 1, 42, '2017-08-23', 3, 3, '2017-08-30', '2017-08-30'),
(441, 3, 1, 11, '2017-08-23', 3, 3, '2017-08-30', '2017-08-30'),
(442, 4, 1, 17, '2017-08-23', 3, 3, '2017-08-30', '2017-08-30'),
(443, 5, 1, 0, '2017-08-23', 3, 3, '2017-08-30', '2017-08-30'),
(444, 7, 1, 0, '2017-08-23', 3, 3, '2017-08-30', '2017-08-30'),
(445, 8, 1, 0, '2017-08-23', 3, 3, '2017-08-30', '2017-08-30'),
(446, 6, 1, 0, '2017-08-23', 3, 3, '2017-08-30', '2017-08-30'),
(447, 1, 4, 2, '2017-08-23', 3, 3, '2017-08-30', '2017-08-30'),
(448, 2, 4, 2, '2017-08-23', 3, 3, '2017-08-30', '2017-08-30'),
(449, 3, 4, 2, '2017-08-23', 3, 3, '2017-08-30', '2017-08-30'),
(450, 4, 4, 0, '2017-08-23', 3, 3, '2017-08-30', '2017-08-30'),
(451, 5, 4, 0, '2017-08-23', 3, 3, '2017-08-30', '2017-08-30'),
(452, 7, 4, 0, '2017-08-23', 3, 3, '2017-08-30', '2017-08-30'),
(453, 8, 4, 0, '2017-08-23', 3, 3, '2017-08-30', '2017-08-30'),
(454, 6, 4, 0, '2017-08-23', 3, 3, '2017-08-30', '2017-08-30'),
(455, 1, 5, 7, '2017-08-23', 3, 3, '2017-08-30', '2017-08-30'),
(456, 2, 5, 12, '2017-08-23', 3, 3, '2017-08-30', '2017-08-30'),
(457, 3, 5, 3, '2017-08-23', 3, 3, '2017-08-30', '2017-08-30'),
(458, 4, 5, 0, '2017-08-23', 3, 3, '2017-08-30', '2017-08-30'),
(459, 5, 5, 0, '2017-08-23', 3, 3, '2017-08-30', '2017-08-30'),
(460, 7, 5, 1, '2017-08-23', 3, 3, '2017-08-30', '2017-08-30'),
(461, 8, 5, 1, '2017-08-23', 3, 3, '2017-08-30', '2017-08-30'),
(462, 6, 5, 0, '2017-08-23', 3, 3, '2017-08-30', '2017-08-30'),
(463, 1, 1, 20, '2017-08-24', 3, 3, '2017-08-30', '2017-08-30'),
(464, 2, 1, 42, '2017-08-24', 3, 3, '2017-08-30', '2017-08-30'),
(465, 3, 1, 5, '2017-08-24', 3, 3, '2017-08-30', '2017-08-30'),
(466, 4, 1, 10, '2017-08-24', 3, 3, '2017-08-30', '2017-08-30'),
(467, 5, 1, 0, '2017-08-24', 3, 3, '2017-08-30', '2017-08-30'),
(468, 7, 1, 0, '2017-08-24', 3, 3, '2017-08-30', '2017-08-30'),
(469, 8, 1, 0, '2017-08-24', 3, 3, '2017-08-30', '2017-08-30'),
(470, 6, 1, 0, '2017-08-24', 3, 3, '2017-08-30', '2017-08-30'),
(471, 1, 4, 13, '2017-08-24', 3, 3, '2017-08-30', '2017-08-30'),
(472, 2, 4, 15, '2017-08-24', 3, 3, '2017-08-30', '2017-08-30'),
(473, 3, 4, 3, '2017-08-24', 3, 3, '2017-08-30', '2017-08-30'),
(474, 4, 4, 0, '2017-08-24', 3, 3, '2017-08-30', '2017-08-30'),
(475, 5, 4, 0, '2017-08-24', 3, 3, '2017-08-30', '2017-08-30'),
(476, 7, 4, 0, '2017-08-24', 3, 3, '2017-08-30', '2017-08-30'),
(477, 8, 4, 0, '2017-08-24', 3, 3, '2017-08-30', '2017-08-30'),
(478, 6, 4, 0, '2017-08-24', 3, 3, '2017-08-30', '2017-08-30'),
(479, 1, 5, 25, '2017-08-24', 3, 3, '2017-08-30', '2017-08-30'),
(480, 2, 5, 45, '2017-08-24', 3, 3, '2017-08-30', '2017-08-30'),
(481, 3, 5, 5, '2017-08-24', 3, 3, '2017-08-30', '2017-08-30'),
(482, 4, 5, 16, '2017-08-24', 3, 3, '2017-08-30', '2017-08-30'),
(483, 5, 5, 0, '2017-08-24', 3, 3, '2017-08-30', '2017-08-30'),
(484, 7, 5, 4, '2017-08-24', 3, 3, '2017-08-30', '2017-08-30'),
(485, 8, 5, 4, '2017-08-24', 3, 3, '2017-08-30', '2017-08-30'),
(486, 6, 5, 0, '2017-08-24', 3, 3, '2017-08-30', '2017-08-30'),
(487, 1, 1, 6, '2017-08-25', 3, 3, '2017-08-31', '2017-08-31'),
(488, 2, 1, 7, '2017-08-25', 3, 3, '2017-08-31', '2017-08-31'),
(489, 3, 1, 2, '2017-08-25', 3, 3, '2017-08-31', '2017-08-31'),
(490, 4, 1, 0, '2017-08-25', 3, 3, '2017-08-31', '2017-08-31'),
(491, 5, 1, 0, '2017-08-25', 3, 3, '2017-08-31', '2017-08-31'),
(492, 7, 1, 0, '2017-08-25', 3, 3, '2017-08-31', '2017-08-31'),
(493, 8, 1, 0, '2017-08-25', 3, 3, '2017-08-31', '2017-08-31'),
(494, 6, 1, 0, '2017-08-25', 3, 3, '2017-08-31', '2017-08-31'),
(495, 1, 4, 9, '2017-08-25', 3, 3, '2017-08-31', '2017-08-31'),
(496, 2, 4, 12, '2017-08-25', 3, 3, '2017-08-31', '2017-08-31'),
(497, 3, 4, 2, '2017-08-25', 3, 3, '2017-08-31', '2017-08-31'),
(498, 4, 4, 0, '2017-08-25', 3, 3, '2017-08-31', '2017-08-31'),
(499, 5, 4, 0, '2017-08-25', 3, 3, '2017-08-31', '2017-08-31'),
(500, 7, 4, 0, '2017-08-25', 3, 3, '2017-08-31', '2017-08-31'),
(501, 8, 4, 0, '2017-08-25', 3, 3, '2017-08-31', '2017-08-31'),
(502, 6, 4, 0, '2017-08-25', 3, 3, '2017-08-31', '2017-08-31'),
(503, 1, 5, 10, '2017-08-25', 3, 3, '2017-08-31', '2017-08-31'),
(504, 2, 5, 15, '2017-08-25', 3, 3, '2017-08-31', '2017-08-31'),
(505, 3, 5, 0, '2017-08-25', 3, 3, '2017-08-31', '2017-08-31'),
(506, 4, 5, 0, '2017-08-25', 3, 3, '2017-08-31', '2017-08-31'),
(507, 5, 5, 0, '2017-08-25', 3, 3, '2017-08-31', '2017-08-31'),
(508, 7, 5, 3, '2017-08-25', 3, 3, '2017-08-31', '2017-08-31'),
(509, 8, 5, 4, '2017-08-25', 3, 3, '2017-08-31', '2017-08-31'),
(510, 6, 5, 0, '2017-08-25', 3, 3, '2017-08-31', '2017-08-31'),
(511, 1, 1, 5, '2017-08-26', 3, 3, '2017-08-31', '2017-08-31'),
(512, 2, 1, 5, '2017-08-26', 3, 3, '2017-08-31', '2017-08-31'),
(513, 3, 1, 1, '2017-08-26', 3, 3, '2017-08-31', '2017-08-31'),
(514, 4, 1, 0, '2017-08-26', 3, 3, '2017-08-31', '2017-08-31'),
(515, 5, 1, 1, '2017-08-26', 3, 3, '2017-08-31', '2017-08-31'),
(516, 7, 1, 0, '2017-08-26', 3, 3, '2017-08-31', '2017-08-31'),
(517, 8, 1, 0, '2017-08-26', 3, 3, '2017-08-31', '2017-08-31'),
(518, 6, 1, 0, '2017-08-26', 3, 3, '2017-08-31', '2017-08-31'),
(519, 1, 4, 10, '2017-08-26', 3, 3, '2017-08-31', '2017-08-31'),
(520, 2, 4, 15, '2017-08-26', 3, 3, '2017-08-31', '2017-08-31'),
(521, 3, 4, 3, '2017-08-26', 3, 3, '2017-08-31', '2017-08-31'),
(522, 4, 4, 0, '2017-08-26', 3, 3, '2017-08-31', '2017-08-31'),
(523, 5, 4, 0, '2017-08-26', 3, 3, '2017-08-31', '2017-08-31'),
(524, 7, 4, 0, '2017-08-26', 3, 3, '2017-08-31', '2017-08-31'),
(525, 8, 4, 0, '2017-08-26', 3, 3, '2017-08-31', '2017-08-31'),
(526, 6, 4, 0, '2017-08-26', 3, 3, '2017-08-31', '2017-08-31'),
(527, 1, 5, 6, '2017-08-26', 3, 3, '2017-08-31', '2017-08-31'),
(528, 2, 5, 11, '2017-08-26', 3, 3, '2017-08-31', '2017-08-31'),
(529, 3, 5, 4, '2017-08-26', 3, 3, '2017-08-31', '2017-08-31'),
(530, 4, 5, 0, '2017-08-26', 3, 3, '2017-08-31', '2017-08-31'),
(531, 5, 5, 4, '2017-08-26', 3, 3, '2017-08-31', '2017-08-31'),
(532, 7, 5, 2, '2017-08-26', 3, 3, '2017-08-31', '2017-08-31'),
(533, 8, 5, 0, '2017-08-26', 3, 3, '2017-08-31', '2017-08-31'),
(534, 6, 5, 0, '2017-08-26', 3, 3, '2017-08-31', '2017-08-31'),
(535, 1, 1, 13, '2017-08-28', 3, 3, '2017-08-31', '2017-08-31'),
(536, 2, 1, 22, '2017-08-28', 3, 3, '2017-08-31', '2017-08-31'),
(537, 3, 1, 4, '2017-08-28', 3, 3, '2017-08-31', '2017-08-31'),
(538, 4, 1, 9, '2017-08-28', 3, 3, '2017-08-31', '2017-08-31'),
(539, 5, 1, 0, '2017-08-28', 3, 3, '2017-08-31', '2017-08-31'),
(540, 7, 1, 0, '2017-08-28', 3, 3, '2017-08-31', '2017-08-31'),
(541, 8, 1, 0, '2017-08-28', 3, 3, '2017-08-31', '2017-08-31'),
(542, 6, 1, 0, '2017-08-28', 3, 3, '2017-08-31', '2017-08-31'),
(543, 1, 4, 9, '2017-08-28', 3, 3, '2017-08-31', '2017-08-31'),
(544, 2, 4, 15, '2017-08-28', 3, 3, '2017-08-31', '2017-08-31'),
(545, 3, 4, 0, '2017-08-28', 3, 3, '2017-08-31', '2017-08-31'),
(546, 4, 4, 0, '2017-08-28', 3, 3, '2017-08-31', '2017-08-31'),
(547, 5, 4, 0, '2017-08-28', 3, 3, '2017-08-31', '2017-08-31'),
(548, 7, 4, 0, '2017-08-28', 3, 3, '2017-08-31', '2017-08-31'),
(549, 8, 4, 0, '2017-08-28', 3, 3, '2017-08-31', '2017-08-31'),
(550, 6, 4, 0, '2017-08-28', 3, 3, '2017-08-31', '2017-08-31'),
(551, 1, 5, 5, '2017-08-28', 3, 3, '2017-08-31', '2017-08-31'),
(552, 2, 5, 11, '2017-08-28', 3, 3, '2017-08-31', '2017-08-31'),
(553, 3, 5, 2, '2017-08-28', 3, 3, '2017-08-31', '2017-08-31'),
(554, 4, 5, 0, '2017-08-28', 3, 3, '2017-08-31', '2017-08-31'),
(555, 5, 5, 0, '2017-08-28', 3, 3, '2017-08-31', '2017-08-31'),
(556, 7, 5, 2, '2017-08-28', 3, 3, '2017-08-31', '2017-08-31'),
(557, 8, 5, 4, '2017-08-28', 3, 3, '2017-08-31', '2017-08-31'),
(558, 6, 5, 0, '2017-08-28', 3, 3, '2017-08-31', '2017-08-31'),
(559, 1, 1, 19, '2017-08-29', 3, 3, '2017-08-31', '2017-08-31'),
(560, 2, 1, 32, '2017-08-29', 3, 3, '2017-08-31', '2017-08-31'),
(561, 3, 1, 4, '2017-08-29', 3, 3, '2017-08-31', '2017-08-31'),
(562, 4, 1, 0, '2017-08-29', 3, 3, '2017-08-31', '2017-08-31'),
(563, 5, 1, 0, '2017-08-29', 3, 3, '2017-08-31', '2017-08-31'),
(564, 7, 1, 0, '2017-08-29', 3, 3, '2017-08-31', '2017-08-31'),
(565, 8, 1, 0, '2017-08-29', 3, 3, '2017-08-31', '2017-08-31'),
(566, 6, 1, 0, '2017-08-29', 3, 3, '2017-08-31', '2017-08-31'),
(567, 1, 4, 7, '2017-08-29', 3, 3, '2017-08-31', '2017-08-31'),
(568, 2, 4, 9, '2017-08-29', 3, 3, '2017-08-31', '2017-08-31'),
(569, 3, 4, 0, '2017-08-29', 3, 3, '2017-08-31', '2017-08-31'),
(570, 4, 4, 1, '2017-08-29', 3, 3, '2017-08-31', '2017-08-31'),
(571, 5, 4, 0, '2017-08-29', 3, 3, '2017-08-31', '2017-08-31'),
(572, 7, 4, 0, '2017-08-29', 3, 3, '2017-08-31', '2017-08-31'),
(573, 8, 4, 0, '2017-08-29', 3, 3, '2017-08-31', '2017-08-31'),
(574, 6, 4, 0, '2017-08-29', 3, 3, '2017-08-31', '2017-08-31'),
(575, 1, 5, 3, '2017-08-29', 3, 3, '2017-08-31', '2017-08-31'),
(576, 2, 5, 5, '2017-08-29', 3, 3, '2017-08-31', '2017-08-31'),
(577, 3, 5, 1, '2017-08-29', 3, 3, '2017-08-31', '2017-08-31'),
(578, 4, 5, 0, '2017-08-29', 3, 3, '2017-08-31', '2017-08-31'),
(579, 5, 5, 0, '2017-08-29', 3, 3, '2017-08-31', '2017-08-31'),
(580, 7, 5, 3, '2017-08-29', 3, 3, '2017-08-31', '2017-08-31'),
(581, 8, 5, 5, '2017-08-29', 3, 3, '2017-08-31', '2017-08-31'),
(582, 6, 5, 0, '2017-08-29', 3, 3, '2017-08-31', '2017-08-31'),
(583, 1, 5, 0, '2017-08-31', 3, 3, '2017-09-05', '2017-09-05'),
(584, 2, 5, 0, '2017-08-31', 3, 3, '2017-09-05', '2017-09-05'),
(585, 3, 5, 0, '2017-08-31', 3, 3, '2017-09-05', '2017-09-05'),
(586, 4, 5, 3, '2017-08-31', 3, 3, '2017-09-05', '2017-09-05'),
(587, 5, 5, 0, '2017-08-31', 3, 3, '2017-09-05', '2017-09-05'),
(588, 7, 5, 0, '2017-08-31', 3, 3, '2017-09-05', '2017-09-05'),
(589, 8, 5, 0, '2017-08-31', 3, 3, '2017-09-05', '2017-09-05'),
(590, 6, 5, 0, '2017-08-31', 3, 3, '2017-09-05', '2017-09-05'),
(591, 1, 1, 14, '2017-08-27', 3, 3, '2017-09-07', '2017-09-07'),
(592, 2, 1, 19, '2017-08-27', 3, 3, '2017-09-07', '2017-09-07'),
(593, 3, 1, 6, '2017-08-27', 3, 3, '2017-09-07', '2017-09-07'),
(594, 4, 1, 0, '2017-08-27', 3, 3, '2017-09-07', '2017-09-07'),
(595, 5, 1, 1, '2017-08-27', 3, 3, '2017-09-07', '2017-09-07'),
(596, 7, 1, 0, '2017-08-27', 3, 3, '2017-09-07', '2017-09-07'),
(597, 8, 1, 0, '2017-08-27', 3, 3, '2017-09-07', '2017-09-07'),
(598, 6, 1, 0, '2017-08-27', 3, 3, '2017-09-07', '2017-09-07'),
(599, 1, 4, 5, '2017-08-27', 3, 3, '2017-09-07', '2017-09-07'),
(600, 2, 4, 3, '2017-08-27', 3, 3, '2017-09-07', '2017-09-07'),
(601, 3, 4, 2, '2017-08-27', 3, 3, '2017-09-07', '2017-09-07'),
(602, 4, 4, 2, '2017-08-27', 3, 3, '2017-09-07', '2017-09-07'),
(603, 5, 4, 0, '2017-08-27', 3, 3, '2017-09-07', '2017-09-07'),
(604, 7, 4, 0, '2017-08-27', 3, 3, '2017-09-07', '2017-09-07'),
(605, 8, 4, 0, '2017-08-27', 3, 3, '2017-09-07', '2017-09-07'),
(606, 6, 4, 0, '2017-08-27', 3, 3, '2017-09-07', '2017-09-07'),
(607, 1, 5, 12, '2017-08-27', 3, 3, '2017-09-07', '2017-09-07'),
(608, 2, 5, 22, '2017-08-27', 3, 3, '2017-09-07', '2017-09-07'),
(609, 3, 5, 3, '2017-08-27', 3, 3, '2017-09-07', '2017-09-07'),
(610, 4, 5, 0, '2017-08-27', 3, 3, '2017-09-07', '2017-09-07'),
(611, 5, 5, 0, '2017-08-27', 3, 3, '2017-09-07', '2017-09-07'),
(612, 7, 5, 6, '2017-08-27', 3, 3, '2017-09-07', '2017-09-07'),
(613, 8, 5, 9, '2017-08-27', 3, 3, '2017-09-07', '2017-09-07'),
(614, 6, 5, 0, '2017-08-27', 3, 3, '2017-09-07', '2017-09-07');

-- --------------------------------------------------------

--
-- Table structure for table `ut_mis_hospital_patients`
--

CREATE TABLE `ut_mis_hospital_patients` (
  `hospital_patient_row_id` int(11) NOT NULL,
  `patient_type_row_id` int(11) NOT NULL,
  `hospital_row_id` int(11) NOT NULL,
  `amount` int(11) NOT NULL,
  `report_at` date NOT NULL,
  `created_by` int(11) NOT NULL,
  `updated_by` int(11) NOT NULL,
  `created_at` date NOT NULL,
  `updated_at` date NOT NULL
) ENGINE=InnoDB DEFAULT CHARSET=latin1;

--
-- Dumping data for table `ut_mis_hospital_patients`
--

INSERT INTO `ut_mis_hospital_patients` (`hospital_patient_row_id`, `patient_type_row_id`, `hospital_row_id`, `amount`, `report_at`, `created_by`, `updated_by`, `created_at`, `updated_at`) VALUES
(5, 1, 2, 0, '2017-07-01', 2, 2, '2017-07-03', '2017-07-03'),
(6, 2, 2, 17, '2017-07-01', 2, 2, '2017-07-03', '2017-07-03'),
(7, 3, 2, 0, '2017-07-01', 2, 2, '2017-07-03', '2017-07-03'),
(8, 4, 2, 0, '2017-07-01', 2, 2, '2017-07-03', '2017-07-03'),
(9, 1, 1, 11, '2017-07-01', 2, 2, '2017-07-03', '2017-07-05'),
(10, 2, 1, 21, '2017-07-01', 2, 2, '2017-07-03', '2017-07-05'),
(11, 3, 1, 0, '2017-07-01', 2, 2, '2017-07-03', '2017-07-05'),
(12, 4, 1, 3, '2017-07-01', 2, 2, '2017-07-03', '2017-07-05'),
(13, 1, 3, 0, '2017-07-01', 2, 2, '2017-07-03', '2017-07-03'),
(14, 2, 3, 21, '2017-07-01', 2, 2, '2017-07-03', '2017-07-03'),
(15, 3, 3, 0, '2017-07-01', 2, 2, '2017-07-03', '2017-07-03'),
(16, 4, 3, 0, '2017-07-01', 2, 2, '2017-07-03', '2017-07-03'),
(17, 1, 5, 41, '2017-07-11', 2, 2, '2017-07-03', '2017-07-04'),
(18, 2, 5, 35, '2017-07-11', 2, 2, '2017-07-03', '2017-07-04'),
(19, 3, 5, 0, '2017-07-11', 2, 2, '2017-07-03', '2017-07-04'),
(20, 4, 5, 0, '2017-07-11', 2, 2, '2017-07-03', '2017-07-04'),
(21, 4, 4, 5, '2017-07-02', 2, 2, '2017-07-04', '2017-07-10'),
(22, 2, 4, 21, '2017-07-02', 2, 2, '2017-07-04', '2017-07-10'),
(23, 3, 4, 7, '2017-07-02', 2, 2, '2017-07-04', '2017-07-10'),
(24, 1, 4, 25, '2017-07-02', 2, 2, '2017-07-04', '2017-07-10'),
(25, 1, 5, 25, '2017-07-01', 2, 2, '2017-07-09', '2017-07-09'),
(26, 2, 5, 15, '2017-07-01', 2, 2, '2017-07-09', '2017-07-09'),
(27, 3, 5, 9, '2017-07-01', 2, 2, '2017-07-09', '2017-07-09'),
(28, 4, 5, 11, '2017-07-01', 2, 2, '2017-07-09', '2017-07-09'),
(29, 1, 4, 35, '2017-07-01', 2, 2, '2017-07-09', '2017-07-09'),
(30, 2, 4, 55, '2017-07-01', 2, 2, '2017-07-09', '2017-07-09'),
(31, 3, 4, 21, '2017-07-01', 2, 2, '2017-07-09', '2017-07-09'),
(32, 4, 4, 9, '2017-07-01', 2, 2, '2017-07-09', '2017-07-09'),
(33, 1, 1, 89, '2017-08-01', 3, 3, '2017-08-05', '2017-08-05'),
(34, 2, 1, 56, '2017-08-01', 3, 3, '2017-08-05', '2017-08-05'),
(35, 3, 1, 0, '2017-08-01', 3, 3, '2017-08-05', '2017-08-05'),
(36, 4, 1, 4, '2017-08-01', 3, 3, '2017-08-05', '2017-08-05'),
(37, 5, 1, 0, '2017-08-01', 3, 3, '2017-08-05', '2017-08-05'),
(38, 6, 1, 0, '2017-08-01', 3, 3, '2017-08-05', '2017-08-05'),
(39, 1, 2, 0, '2017-08-01', 3, 3, '2017-08-05', '2017-08-05'),
(40, 2, 2, 49, '2017-08-01', 3, 3, '2017-08-05', '2017-08-05'),
(41, 3, 2, 0, '2017-08-01', 3, 3, '2017-08-05', '2017-08-05'),
(42, 4, 2, 0, '2017-08-01', 3, 3, '2017-08-05', '2017-08-05'),
(43, 5, 2, 0, '2017-08-01', 3, 3, '2017-08-05', '2017-08-05'),
(44, 6, 2, 0, '2017-08-01', 3, 3, '2017-08-05', '2017-08-05'),
(45, 1, 3, 0, '2017-08-01', 3, 3, '2017-08-05', '2017-08-05'),
(46, 2, 3, 42, '2017-08-01', 3, 3, '2017-08-05', '2017-08-05'),
(47, 3, 3, 0, '2017-08-01', 3, 3, '2017-08-05', '2017-08-05'),
(48, 4, 3, 0, '2017-08-01', 3, 3, '2017-08-05', '2017-08-05'),
(49, 5, 3, 0, '2017-08-01', 3, 3, '2017-08-05', '2017-08-05'),
(50, 6, 3, 0, '2017-08-01', 3, 3, '2017-08-05', '2017-08-05'),
(51, 1, 4, 38, '2017-08-01', 3, 3, '2017-08-05', '2017-08-05'),
(52, 2, 4, 39, '2017-08-01', 3, 3, '2017-08-05', '2017-08-05'),
(53, 3, 4, 0, '2017-08-01', 3, 3, '2017-08-05', '2017-08-05'),
(54, 4, 4, 0, '2017-08-01', 3, 3, '2017-08-05', '2017-08-05'),
(55, 5, 4, 0, '2017-08-01', 3, 3, '2017-08-05', '2017-08-05'),
(56, 6, 4, 0, '2017-08-01', 3, 3, '2017-08-05', '2017-08-05'),
(57, 1, 5, 40, '2017-08-01', 3, 3, '2017-08-05', '2017-08-05'),
(58, 2, 5, 11, '2017-08-01', 3, 3, '2017-08-05', '2017-08-05'),
(59, 3, 5, 0, '2017-08-01', 3, 3, '2017-08-05', '2017-08-05'),
(60, 4, 5, 0, '2017-08-01', 3, 3, '2017-08-05', '2017-08-05'),
(61, 5, 5, 1, '2017-08-01', 3, 3, '2017-08-05', '2017-08-05'),
(62, 6, 5, 4, '2017-08-01', 3, 3, '2017-08-05', '2017-08-05'),
(63, 1, 6, 0, '2017-08-01', 3, 3, '2017-08-05', '2017-08-05'),
(64, 2, 6, 6, '2017-08-01', 3, 3, '2017-08-05', '2017-08-05'),
(65, 3, 6, 0, '2017-08-01', 3, 3, '2017-08-05', '2017-08-05'),
(66, 4, 6, 0, '2017-08-01', 3, 3, '2017-08-05', '2017-08-05'),
(67, 5, 6, 0, '2017-08-01', 3, 3, '2017-08-05', '2017-08-05'),
(68, 6, 6, 0, '2017-08-01', 3, 3, '2017-08-05', '2017-08-05'),
(69, 1, 7, 0, '2017-08-01', 3, 3, '2017-08-05', '2017-08-05'),
(70, 2, 7, 8, '2017-08-01', 3, 3, '2017-08-05', '2017-08-05'),
(71, 3, 7, 0, '2017-08-01', 3, 3, '2017-08-05', '2017-08-05'),
(72, 4, 7, 0, '2017-08-01', 3, 3, '2017-08-05', '2017-08-05'),
(73, 5, 7, 0, '2017-08-01', 3, 3, '2017-08-05', '2017-08-05'),
(74, 6, 7, 0, '2017-08-01', 3, 3, '2017-08-05', '2017-08-05'),
(75, 1, 1, 111, '2017-08-03', 3, 3, '2017-08-05', '2017-08-05'),
(76, 2, 1, 41, '2017-08-03', 3, 3, '2017-08-05', '2017-08-05'),
(77, 3, 1, 0, '2017-08-03', 3, 3, '2017-08-05', '2017-08-05'),
(78, 4, 1, 8, '2017-08-03', 3, 3, '2017-08-05', '2017-08-05'),
(79, 5, 1, 0, '2017-08-03', 3, 3, '2017-08-05', '2017-08-05'),
(80, 6, 1, 0, '2017-08-03', 3, 3, '2017-08-05', '2017-08-05'),
(81, 1, 2, 0, '2017-08-03', 3, 3, '2017-08-05', '2017-08-05'),
(82, 2, 2, 31, '2017-08-03', 3, 3, '2017-08-05', '2017-08-05'),
(83, 3, 2, 0, '2017-08-03', 3, 3, '2017-08-05', '2017-08-05'),
(84, 4, 2, 0, '2017-08-03', 3, 3, '2017-08-05', '2017-08-05'),
(85, 5, 2, 0, '2017-08-03', 3, 3, '2017-08-05', '2017-08-05'),
(86, 6, 2, 0, '2017-08-03', 3, 3, '2017-08-05', '2017-08-05'),
(87, 1, 3, 0, '2017-08-03', 3, 3, '2017-08-05', '2017-08-05'),
(88, 2, 3, 12, '2017-08-03', 3, 3, '2017-08-05', '2017-08-05'),
(89, 3, 3, 0, '2017-08-03', 3, 3, '2017-08-05', '2017-08-05'),
(90, 4, 3, 0, '2017-08-03', 3, 3, '2017-08-05', '2017-08-05'),
(91, 5, 3, 0, '2017-08-03', 3, 3, '2017-08-05', '2017-08-05'),
(92, 6, 3, 0, '2017-08-03', 3, 3, '2017-08-05', '2017-08-05'),
(93, 1, 4, 36, '2017-08-03', 3, 3, '2017-08-05', '2017-08-05'),
(94, 2, 4, 42, '2017-08-03', 3, 3, '2017-08-05', '2017-08-05'),
(95, 3, 4, 0, '2017-08-03', 3, 3, '2017-08-05', '2017-08-05'),
(96, 4, 4, 0, '2017-08-03', 3, 3, '2017-08-05', '2017-08-05'),
(97, 5, 4, 0, '2017-08-03', 3, 3, '2017-08-05', '2017-08-05'),
(98, 6, 4, 0, '2017-08-03', 3, 3, '2017-08-05', '2017-08-05'),
(99, 1, 5, 80, '2017-08-03', 3, 3, '2017-08-05', '2017-08-05'),
(100, 2, 5, 25, '2017-08-03', 3, 3, '2017-08-05', '2017-08-05'),
(101, 3, 5, 0, '2017-08-03', 3, 3, '2017-08-05', '2017-08-05'),
(102, 4, 5, 13, '2017-08-03', 3, 3, '2017-08-05', '2017-08-05'),
(103, 5, 5, 7, '2017-08-03', 3, 3, '2017-08-05', '2017-08-05'),
(104, 6, 5, 7, '2017-08-03', 3, 3, '2017-08-05', '2017-08-05'),
(105, 1, 6, 0, '2017-08-03', 3, 3, '2017-08-05', '2017-08-05'),
(106, 2, 6, 26, '2017-08-03', 3, 3, '2017-08-05', '2017-08-05'),
(107, 4, 6, 0, '2017-08-03', 3, 3, '2017-08-05', '2017-08-05'),
(108, 5, 6, 0, '2017-08-03', 3, 3, '2017-08-05', '2017-08-05'),
(109, 6, 6, 0, '2017-08-03', 3, 3, '2017-08-05', '2017-08-05'),
(110, 1, 7, 0, '2017-08-03', 3, 3, '2017-08-05', '2017-08-05'),
(111, 2, 7, 0, '2017-08-03', 3, 3, '2017-08-05', '2017-08-05'),
(112, 4, 7, 0, '2017-08-03', 3, 3, '2017-08-05', '2017-08-05'),
(113, 5, 7, 0, '2017-08-03', 3, 3, '2017-08-05', '2017-08-05'),
(114, 6, 7, 0, '2017-08-03', 3, 3, '2017-08-05', '2017-08-05'),
(115, 1, 1, 99, '2017-08-04', 3, 3, '2017-08-09', '2017-08-09'),
(116, 2, 1, 48, '2017-08-04', 3, 3, '2017-08-09', '2017-08-09'),
(117, 4, 1, 29, '2017-08-04', 3, 3, '2017-08-09', '2017-08-09'),
(118, 5, 1, 0, '2017-08-04', 3, 3, '2017-08-09', '2017-08-09'),
(119, 6, 1, 0, '2017-08-04', 3, 3, '2017-08-09', '2017-08-09'),
(120, 1, 2, 0, '2017-08-04', 3, 3, '2017-08-09', '2017-08-09'),
(121, 2, 2, 8, '2017-08-04', 3, 3, '2017-08-09', '2017-08-09'),
(122, 4, 2, 0, '2017-08-04', 3, 3, '2017-08-09', '2017-08-09'),
(123, 5, 2, 0, '2017-08-04', 3, 3, '2017-08-09', '2017-08-09'),
(124, 6, 2, 0, '2017-08-04', 3, 3, '2017-08-09', '2017-08-09'),
(125, 1, 3, 0, '2017-08-04', 3, 3, '2017-08-09', '2017-08-09'),
(126, 2, 3, 78, '2017-08-04', 3, 3, '2017-08-09', '2017-08-09'),
(127, 4, 3, 0, '2017-08-04', 3, 3, '2017-08-09', '2017-08-09'),
(128, 5, 3, 0, '2017-08-04', 3, 3, '2017-08-09', '2017-08-09'),
(129, 6, 3, 0, '2017-08-04', 3, 3, '2017-08-09', '2017-08-09'),
(130, 1, 4, 49, '2017-08-04', 3, 3, '2017-08-09', '2017-08-09'),
(131, 2, 4, 35, '2017-08-04', 3, 3, '2017-08-09', '2017-08-09'),
(132, 4, 4, 0, '2017-08-04', 3, 3, '2017-08-09', '2017-08-09'),
(133, 5, 4, 0, '2017-08-04', 3, 3, '2017-08-09', '2017-08-09'),
(134, 6, 4, 0, '2017-08-04', 3, 3, '2017-08-09', '2017-08-09'),
(135, 1, 5, 43, '2017-08-04', 3, 3, '2017-08-09', '2017-08-09'),
(136, 2, 5, 69, '2017-08-04', 3, 3, '2017-08-09', '2017-08-09'),
(137, 4, 5, 0, '2017-08-04', 3, 3, '2017-08-09', '2017-08-09'),
(138, 5, 5, 2, '2017-08-04', 3, 3, '2017-08-09', '2017-08-09'),
(139, 6, 5, 6, '2017-08-04', 3, 3, '2017-08-09', '2017-08-09'),
(140, 1, 1, 79, '2017-08-05', 3, 3, '2017-08-16', '2017-08-16'),
(141, 2, 1, 24, '2017-08-05', 3, 3, '2017-08-16', '2017-08-16'),
(142, 4, 1, 0, '2017-08-05', 3, 3, '2017-08-16', '2017-08-16'),
(143, 5, 1, 0, '2017-08-05', 3, 3, '2017-08-16', '2017-08-16'),
(144, 6, 1, 0, '2017-08-05', 3, 3, '2017-08-16', '2017-08-16'),
(145, 1, 2, 0, '2017-08-05', 3, 3, '2017-08-16', '2017-08-16'),
(146, 2, 2, 47, '2017-08-05', 3, 3, '2017-08-16', '2017-08-16'),
(147, 4, 2, 0, '2017-08-05', 3, 3, '2017-08-16', '2017-08-16'),
(148, 5, 2, 0, '2017-08-05', 3, 3, '2017-08-16', '2017-08-16'),
(149, 6, 2, 0, '2017-08-05', 3, 3, '2017-08-16', '2017-08-16'),
(150, 1, 3, 0, '2017-08-05', 3, 3, '2017-08-16', '2017-08-16'),
(151, 2, 3, 1, '2017-08-05', 3, 3, '2017-08-16', '2017-08-16'),
(152, 4, 3, 0, '2017-08-05', 3, 3, '2017-08-16', '2017-08-16'),
(153, 5, 3, 0, '2017-08-05', 3, 3, '2017-08-16', '2017-08-16'),
(154, 6, 3, 0, '2017-08-05', 3, 3, '2017-08-16', '2017-08-16'),
(155, 1, 4, 33, '2017-08-05', 3, 3, '2017-08-16', '2017-08-16'),
(156, 2, 4, 33, '2017-08-05', 3, 3, '2017-08-16', '2017-08-16'),
(157, 4, 4, 0, '2017-08-05', 3, 3, '2017-08-16', '2017-08-16'),
(158, 5, 4, 0, '2017-08-05', 3, 3, '2017-08-16', '2017-08-16'),
(159, 6, 4, 0, '2017-08-05', 3, 3, '2017-08-16', '2017-08-16'),
(160, 1, 5, 75, '2017-08-05', 3, 3, '2017-08-16', '2017-08-16'),
(161, 2, 5, 30, '2017-08-05', 3, 3, '2017-08-16', '2017-08-16'),
(162, 4, 5, 0, '2017-08-05', 3, 3, '2017-08-16', '2017-08-16'),
(163, 5, 5, 6, '2017-08-05', 3, 3, '2017-08-16', '2017-08-16'),
(164, 6, 5, 0, '2017-08-05', 3, 3, '2017-08-16', '2017-08-16'),
(165, 7, 5, 5, '2017-08-05', 3, 3, '2017-08-16', '2017-08-16'),
(166, 1, 6, 0, '2017-08-05', 3, 3, '2017-08-16', '2017-08-16'),
(167, 2, 6, 14, '2017-08-05', 3, 3, '2017-08-16', '2017-08-16'),
(168, 4, 6, 0, '2017-08-05', 3, 3, '2017-08-16', '2017-08-16'),
(169, 5, 6, 0, '2017-08-05', 3, 3, '2017-08-16', '2017-08-16'),
(170, 6, 6, 0, '2017-08-05', 3, 3, '2017-08-16', '2017-08-16'),
(171, 7, 6, 0, '2017-08-05', 3, 3, '2017-08-16', '2017-08-16'),
(172, 1, 7, 0, '2017-08-05', 3, 3, '2017-08-16', '2017-08-16'),
(173, 2, 7, 14, '2017-08-05', 3, 3, '2017-08-16', '2017-08-16'),
(174, 4, 7, 0, '2017-08-05', 3, 3, '2017-08-16', '2017-08-16'),
(175, 5, 7, 0, '2017-08-05', 3, 3, '2017-08-16', '2017-08-16'),
(176, 6, 7, 0, '2017-08-05', 3, 3, '2017-08-16', '2017-08-16'),
(177, 7, 7, 0, '2017-08-05', 3, 3, '2017-08-16', '2017-08-16'),
(178, 1, 1, 112, '2017-08-06', 3, 3, '2017-08-16', '2017-08-16'),
(179, 2, 1, 74, '2017-08-06', 3, 3, '2017-08-16', '2017-08-16'),
(180, 4, 1, 20, '2017-08-06', 3, 3, '2017-08-16', '2017-08-16'),
(181, 5, 1, 0, '2017-08-06', 3, 3, '2017-08-16', '2017-08-16'),
(182, 6, 1, 0, '2017-08-06', 3, 3, '2017-08-16', '2017-08-16'),
(183, 7, 1, 0, '2017-08-06', 3, 3, '2017-08-16', '2017-08-16'),
(184, 1, 2, 0, '2017-08-06', 3, 3, '2017-08-16', '2017-08-16'),
(185, 2, 2, 33, '2017-08-06', 3, 3, '2017-08-16', '2017-08-16'),
(186, 4, 2, 0, '2017-08-06', 3, 3, '2017-08-16', '2017-08-16'),
(187, 5, 2, 0, '2017-08-06', 3, 3, '2017-08-16', '2017-08-16'),
(188, 6, 2, 0, '2017-08-06', 3, 3, '2017-08-16', '2017-08-16'),
(189, 7, 2, 0, '2017-08-06', 3, 3, '2017-08-16', '2017-08-16'),
(190, 1, 3, 0, '2017-08-06', 3, 3, '2017-08-16', '2017-08-16'),
(191, 2, 3, 13, '2017-08-06', 3, 3, '2017-08-16', '2017-08-16'),
(192, 4, 3, 0, '2017-08-06', 3, 3, '2017-08-16', '2017-08-16'),
(193, 5, 3, 0, '2017-08-06', 3, 3, '2017-08-16', '2017-08-16'),
(194, 6, 3, 0, '2017-08-06', 3, 3, '2017-08-16', '2017-08-16'),
(195, 7, 3, 0, '2017-08-06', 3, 3, '2017-08-16', '2017-08-16'),
(196, 1, 4, 33, '2017-08-06', 3, 3, '2017-08-16', '2017-08-16'),
(197, 2, 4, 33, '2017-08-06', 3, 3, '2017-08-16', '2017-08-16'),
(198, 4, 4, 0, '2017-08-06', 3, 3, '2017-08-16', '2017-08-16'),
(199, 5, 4, 0, '2017-08-06', 3, 3, '2017-08-16', '2017-08-16'),
(200, 6, 4, 0, '2017-08-06', 3, 3, '2017-08-16', '2017-08-16'),
(201, 7, 4, 0, '2017-08-06', 3, 3, '2017-08-16', '2017-08-16'),
(202, 1, 5, 76, '2017-08-06', 3, 3, '2017-08-16', '2017-08-16'),
(203, 2, 5, 18, '2017-08-06', 3, 3, '2017-08-16', '2017-08-16'),
(204, 4, 5, 0, '2017-08-06', 3, 3, '2017-08-16', '2017-08-16'),
(205, 5, 5, 7, '2017-08-06', 3, 3, '2017-08-16', '2017-08-16'),
(206, 6, 5, 2, '2017-08-06', 3, 3, '2017-08-16', '2017-08-16'),
(207, 7, 5, 0, '2017-08-06', 3, 3, '2017-08-16', '2017-08-16'),
(208, 1, 6, 0, '2017-08-06', 3, 3, '2017-08-16', '2017-08-16'),
(209, 2, 6, 7, '2017-08-06', 3, 3, '2017-08-16', '2017-08-16'),
(210, 4, 6, 0, '2017-08-06', 3, 3, '2017-08-16', '2017-08-16'),
(211, 5, 6, 0, '2017-08-06', 3, 3, '2017-08-16', '2017-08-16'),
(212, 6, 6, 0, '2017-08-06', 3, 3, '2017-08-16', '2017-08-16'),
(213, 7, 6, 0, '2017-08-06', 3, 3, '2017-08-16', '2017-08-16'),
(214, 1, 7, 0, '2017-08-06', 3, 3, '2017-08-16', '2017-08-16'),
(215, 2, 7, 18, '2017-08-06', 3, 3, '2017-08-16', '2017-08-16'),
(216, 4, 7, 0, '2017-08-06', 3, 3, '2017-08-16', '2017-08-16'),
(217, 5, 7, 0, '2017-08-06', 3, 3, '2017-08-16', '2017-08-16'),
(218, 6, 7, 0, '2017-08-06', 3, 3, '2017-08-16', '2017-08-16'),
(219, 7, 7, 0, '2017-08-06', 3, 3, '2017-08-16', '2017-08-16'),
(220, 1, 1, 110, '2017-08-07', 3, 3, '2017-08-20', '2017-08-20'),
(221, 2, 1, 80, '2017-08-07', 3, 3, '2017-08-20', '2017-08-20'),
(222, 4, 1, 14, '2017-08-07', 3, 3, '2017-08-20', '2017-08-20'),
(223, 5, 1, 0, '2017-08-07', 3, 3, '2017-08-20', '2017-08-20'),
(224, 6, 1, 0, '2017-08-07', 3, 3, '2017-08-20', '2017-08-20'),
(225, 7, 1, 0, '2017-08-07', 3, 3, '2017-08-20', '2017-08-20'),
(226, 1, 2, 0, '2017-08-07', 3, 3, '2017-08-20', '2017-08-20'),
(227, 2, 2, 32, '2017-08-07', 3, 3, '2017-08-20', '2017-08-20'),
(228, 4, 2, 0, '2017-08-07', 3, 3, '2017-08-20', '2017-08-20'),
(229, 5, 2, 0, '2017-08-07', 3, 3, '2017-08-20', '2017-08-20'),
(230, 6, 2, 0, '2017-08-07', 3, 3, '2017-08-20', '2017-08-20'),
(231, 7, 2, 0, '2017-08-07', 3, 3, '2017-08-20', '2017-08-20'),
(232, 1, 3, 0, '2017-08-07', 3, 3, '2017-08-20', '2017-08-20'),
(233, 2, 3, 1, '2017-08-07', 3, 3, '2017-08-20', '2017-08-20'),
(234, 4, 3, 0, '2017-08-07', 3, 3, '2017-08-20', '2017-08-20'),
(235, 5, 3, 0, '2017-08-07', 3, 3, '2017-08-20', '2017-08-20'),
(236, 6, 3, 0, '2017-08-07', 3, 3, '2017-08-20', '2017-08-20'),
(237, 7, 3, 0, '2017-08-07', 3, 3, '2017-08-20', '2017-08-20'),
(238, 1, 4, 33, '2017-08-07', 3, 3, '2017-08-20', '2017-08-20'),
(239, 2, 4, 56, '2017-08-07', 3, 3, '2017-08-20', '2017-08-20'),
(240, 4, 4, 0, '2017-08-07', 3, 3, '2017-08-20', '2017-08-20'),
(241, 5, 4, 0, '2017-08-07', 3, 3, '2017-08-20', '2017-08-20'),
(242, 6, 4, 0, '2017-08-07', 3, 3, '2017-08-20', '2017-08-20'),
(243, 7, 4, 0, '2017-08-07', 3, 3, '2017-08-20', '2017-08-20'),
(244, 1, 5, 24, '2017-08-07', 3, 3, '2017-08-20', '2017-08-20'),
(245, 2, 5, 16, '2017-08-07', 3, 3, '2017-08-20', '2017-08-20'),
(246, 4, 5, 0, '2017-08-07', 3, 3, '2017-08-20', '2017-08-20'),
(247, 5, 5, 5, '2017-08-07', 3, 3, '2017-08-20', '2017-08-20'),
(248, 6, 5, 2, '2017-08-07', 3, 3, '2017-08-20', '2017-08-20'),
(249, 7, 5, 0, '2017-08-07', 3, 3, '2017-08-20', '2017-08-20'),
(250, 1, 6, 0, '2017-08-07', 3, 3, '2017-08-20', '2017-08-20'),
(251, 2, 6, 4, '2017-08-07', 3, 3, '2017-08-20', '2017-08-20'),
(252, 4, 6, 0, '2017-08-07', 3, 3, '2017-08-20', '2017-08-20'),
(253, 5, 6, 0, '2017-08-07', 3, 3, '2017-08-20', '2017-08-20'),
(254, 6, 6, 0, '2017-08-07', 3, 3, '2017-08-20', '2017-08-20'),
(255, 7, 6, 0, '2017-08-07', 3, 3, '2017-08-20', '2017-08-20'),
(256, 1, 7, 0, '2017-08-07', 3, 3, '2017-08-20', '2017-08-20'),
(257, 2, 7, 8, '2017-08-07', 3, 3, '2017-08-20', '2017-08-20'),
(258, 4, 7, 0, '2017-08-07', 3, 3, '2017-08-20', '2017-08-20'),
(259, 5, 7, 0, '2017-08-07', 3, 3, '2017-08-20', '2017-08-20'),
(260, 6, 7, 0, '2017-08-07', 3, 3, '2017-08-20', '2017-08-20'),
(261, 7, 7, 0, '2017-08-07', 3, 3, '2017-08-20', '2017-08-20'),
(262, 1, 1, 111, '2017-08-10', 3, 3, '2017-08-20', '2017-08-20'),
(263, 2, 1, 59, '2017-08-10', 3, 3, '2017-08-20', '2017-08-20'),
(264, 4, 1, 6, '2017-08-10', 3, 3, '2017-08-20', '2017-08-20'),
(265, 5, 1, 0, '2017-08-10', 3, 3, '2017-08-20', '2017-08-20'),
(266, 6, 1, 0, '2017-08-10', 3, 3, '2017-08-20', '2017-08-20'),
(267, 7, 1, 0, '2017-08-10', 3, 3, '2017-08-20', '2017-08-20'),
(268, 1, 2, 39, '2017-08-10', 3, 3, '2017-08-20', '2017-08-20'),
(269, 2, 2, 0, '2017-08-10', 3, 3, '2017-08-20', '2017-08-20'),
(270, 4, 2, 0, '2017-08-10', 3, 3, '2017-08-20', '2017-08-20'),
(271, 5, 2, 0, '2017-08-10', 3, 3, '2017-08-20', '2017-08-20'),
(272, 6, 2, 0, '2017-08-10', 3, 3, '2017-08-20', '2017-08-20'),
(273, 7, 2, 0, '2017-08-10', 3, 3, '2017-08-20', '2017-08-20'),
(274, 1, 3, 5, '2017-08-10', 3, 3, '2017-08-20', '2017-08-20'),
(275, 2, 3, 0, '2017-08-10', 3, 3, '2017-08-20', '2017-08-20'),
(276, 4, 3, 0, '2017-08-10', 3, 3, '2017-08-20', '2017-08-20'),
(277, 5, 3, 0, '2017-08-10', 3, 3, '2017-08-20', '2017-08-20'),
(278, 6, 3, 0, '2017-08-10', 3, 3, '2017-08-20', '2017-08-20'),
(279, 7, 3, 0, '2017-08-10', 3, 3, '2017-08-20', '2017-08-20'),
(280, 1, 4, 31, '2017-08-10', 3, 3, '2017-08-20', '2017-08-20'),
(281, 2, 4, 37, '2017-08-10', 3, 3, '2017-08-20', '2017-08-20'),
(282, 4, 4, 0, '2017-08-10', 3, 3, '2017-08-20', '2017-08-20'),
(283, 5, 4, 0, '2017-08-10', 3, 3, '2017-08-20', '2017-08-20'),
(284, 6, 4, 0, '2017-08-10', 3, 3, '2017-08-20', '2017-08-20'),
(285, 7, 4, 0, '2017-08-10', 3, 3, '2017-08-20', '2017-08-20'),
(286, 1, 5, 58, '2017-08-10', 3, 3, '2017-08-20', '2017-08-20'),
(287, 2, 5, 22, '2017-08-10', 3, 3, '2017-08-20', '2017-08-20'),
(288, 4, 5, 16, '2017-08-10', 3, 3, '2017-08-20', '2017-08-20'),
(289, 5, 5, 8, '2017-08-10', 3, 3, '2017-08-20', '2017-08-20'),
(290, 6, 5, 7, '2017-08-10', 3, 3, '2017-08-20', '2017-08-20'),
(291, 7, 5, 0, '2017-08-10', 3, 3, '2017-08-20', '2017-08-20'),
(292, 1, 6, 10, '2017-08-10', 3, 3, '2017-08-20', '2017-08-20'),
(293, 2, 6, 0, '2017-08-10', 3, 3, '2017-08-20', '2017-08-20'),
(294, 4, 6, 0, '2017-08-10', 3, 3, '2017-08-20', '2017-08-20'),
(295, 5, 6, 0, '2017-08-10', 3, 3, '2017-08-20', '2017-08-20'),
(296, 6, 6, 0, '2017-08-10', 3, 3, '2017-08-20', '2017-08-20'),
(297, 7, 6, 0, '2017-08-10', 3, 3, '2017-08-20', '2017-08-20'),
(298, 1, 7, 9, '2017-08-10', 3, 3, '2017-08-20', '2017-08-20'),
(299, 2, 7, 0, '2017-08-10', 3, 3, '2017-08-20', '2017-08-20'),
(300, 4, 7, 0, '2017-08-10', 3, 3, '2017-08-20', '2017-08-20'),
(301, 5, 7, 0, '2017-08-10', 3, 3, '2017-08-20', '2017-08-20'),
(302, 6, 7, 0, '2017-08-10', 3, 3, '2017-08-20', '2017-08-20'),
(303, 7, 7, 0, '2017-08-10', 3, 3, '2017-08-20', '2017-08-20'),
(304, 1, 1, 87, '2017-08-11', 3, 3, '2017-08-20', '2017-08-20'),
(305, 2, 1, 0, '2017-08-11', 3, 3, '2017-08-20', '2017-08-20'),
(306, 4, 1, 0, '2017-08-11', 3, 3, '2017-08-20', '2017-08-20'),
(307, 5, 1, 0, '2017-08-11', 3, 3, '2017-08-20', '2017-08-20'),
(308, 6, 1, 0, '2017-08-11', 3, 3, '2017-08-20', '2017-08-20'),
(309, 7, 1, 34, '2017-08-11', 3, 3, '2017-08-20', '2017-08-20'),
(310, 1, 2, 0, '2017-08-11', 3, 3, '2017-08-20', '2017-08-20'),
(311, 2, 2, 11, '2017-08-11', 3, 3, '2017-08-20', '2017-08-20'),
(312, 4, 2, 0, '2017-08-11', 3, 3, '2017-08-20', '2017-08-20'),
(313, 5, 2, 0, '2017-08-11', 3, 3, '2017-08-20', '2017-08-20'),
(314, 6, 2, 0, '2017-08-11', 3, 3, '2017-08-20', '2017-08-20'),
(315, 7, 2, 0, '2017-08-11', 3, 3, '2017-08-20', '2017-08-20'),
(316, 1, 3, 0, '2017-08-11', 3, 3, '2017-08-20', '2017-08-20'),
(317, 2, 3, 26, '2017-08-11', 3, 3, '2017-08-20', '2017-08-20'),
(318, 4, 3, 0, '2017-08-11', 3, 3, '2017-08-20', '2017-08-20'),
(319, 5, 3, 0, '2017-08-11', 3, 3, '2017-08-20', '2017-08-20'),
(320, 6, 3, 0, '2017-08-11', 3, 3, '2017-08-20', '2017-08-20'),
(321, 7, 3, 0, '2017-08-11', 3, 3, '2017-08-20', '2017-08-20'),
(322, 1, 4, 20, '2017-08-11', 3, 3, '2017-08-20', '2017-08-20'),
(323, 2, 4, 12, '2017-08-11', 3, 3, '2017-08-20', '2017-08-20'),
(324, 4, 4, 0, '2017-08-11', 3, 3, '2017-08-20', '2017-08-20'),
(325, 5, 4, 0, '2017-08-11', 3, 3, '2017-08-20', '2017-08-20'),
(326, 6, 4, 0, '2017-08-11', 3, 3, '2017-08-20', '2017-08-20'),
(327, 7, 4, 0, '2017-08-11', 3, 3, '2017-08-20', '2017-08-20'),
(328, 1, 5, 1, '2017-08-11', 3, 3, '2017-08-20', '2017-08-20'),
(329, 2, 5, 60, '2017-08-11', 3, 3, '2017-08-20', '2017-08-20'),
(330, 4, 5, 0, '2017-08-11', 3, 3, '2017-08-20', '2017-08-20'),
(331, 5, 5, 0, '2017-08-11', 3, 3, '2017-08-20', '2017-08-20'),
(332, 6, 5, 0, '2017-08-11', 3, 3, '2017-08-20', '2017-08-20'),
(333, 7, 5, 0, '2017-08-11', 3, 3, '2017-08-20', '2017-08-20'),
(334, 1, 1, 47, '2017-08-12', 3, 3, '2017-08-20', '2017-08-20'),
(335, 2, 1, 21, '2017-08-12', 3, 3, '2017-08-20', '2017-08-20'),
(336, 4, 1, 0, '2017-08-12', 3, 3, '2017-08-20', '2017-08-20'),
(337, 5, 1, 0, '2017-08-12', 3, 3, '2017-08-20', '2017-08-20'),
(338, 6, 1, 0, '2017-08-12', 3, 3, '2017-08-20', '2017-08-20'),
(339, 7, 1, 0, '2017-08-12', 3, 3, '2017-08-20', '2017-08-20'),
(340, 1, 2, 0, '2017-08-12', 3, 3, '2017-08-20', '2017-08-20'),
(341, 2, 2, 14, '2017-08-12', 3, 3, '2017-08-20', '2017-08-20'),
(342, 4, 2, 0, '2017-08-12', 3, 3, '2017-08-20', '2017-08-20'),
(343, 5, 2, 0, '2017-08-12', 3, 3, '2017-08-20', '2017-08-20'),
(344, 6, 2, 0, '2017-08-12', 3, 3, '2017-08-20', '2017-08-20'),
(345, 7, 2, 0, '2017-08-12', 3, 3, '2017-08-20', '2017-08-20'),
(346, 1, 3, 0, '2017-08-12', 3, 3, '2017-08-20', '2017-08-20'),
(347, 2, 3, 3, '2017-08-12', 3, 3, '2017-08-20', '2017-08-20'),
(348, 4, 3, 0, '2017-08-12', 3, 3, '2017-08-20', '2017-08-20'),
(349, 5, 3, 0, '2017-08-12', 3, 3, '2017-08-20', '2017-08-20'),
(350, 6, 3, 0, '2017-08-12', 3, 3, '2017-08-20', '2017-08-20'),
(351, 7, 3, 0, '2017-08-12', 3, 3, '2017-08-20', '2017-08-20'),
(352, 1, 4, 16, '2017-08-12', 3, 3, '2017-08-20', '2017-08-20'),
(353, 2, 4, 15, '2017-08-12', 3, 3, '2017-08-20', '2017-08-20'),
(354, 4, 4, 0, '2017-08-12', 3, 3, '2017-08-20', '2017-08-20'),
(355, 5, 4, 0, '2017-08-12', 3, 3, '2017-08-20', '2017-08-20'),
(356, 6, 4, 0, '2017-08-12', 3, 3, '2017-08-20', '2017-08-20'),
(357, 7, 4, 0, '2017-08-12', 3, 3, '2017-08-20', '2017-08-20'),
(358, 1, 5, 22, '2017-08-12', 3, 3, '2017-08-20', '2017-08-20'),
(359, 2, 5, 13, '2017-08-12', 3, 3, '2017-08-20', '2017-08-20'),
(360, 4, 5, 0, '2017-08-12', 3, 3, '2017-08-20', '2017-08-20'),
(361, 5, 5, 0, '2017-08-12', 3, 3, '2017-08-20', '2017-08-20'),
(362, 6, 5, 0, '2017-08-12', 3, 3, '2017-08-20', '2017-08-20'),
(363, 7, 5, 0, '2017-08-12', 3, 3, '2017-08-20', '2017-08-20'),
(364, 1, 7, 0, '2017-08-12', 3, 3, '2017-08-20', '2017-08-20'),
(365, 2, 7, 1, '2017-08-12', 3, 3, '2017-08-20', '2017-08-20'),
(366, 4, 7, 0, '2017-08-12', 3, 3, '2017-08-20', '2017-08-20'),
(367, 5, 7, 0, '2017-08-12', 3, 3, '2017-08-20', '2017-08-20'),
(368, 6, 7, 0, '2017-08-12', 3, 3, '2017-08-20', '2017-08-20'),
(369, 7, 7, 0, '2017-08-12', 3, 3, '2017-08-20', '2017-08-20'),
(370, 1, 1, 46, '2017-08-13', 3, 3, '2017-08-20', '2017-08-20'),
(371, 2, 1, 43, '2017-08-13', 3, 3, '2017-08-20', '2017-08-20'),
(372, 4, 1, 10, '2017-08-13', 3, 3, '2017-08-20', '2017-08-20'),
(373, 5, 1, 7, '2017-08-13', 3, 3, '2017-08-20', '2017-08-20'),
(374, 6, 1, 0, '2017-08-13', 3, 3, '2017-08-20', '2017-08-20'),
(375, 7, 1, 0, '2017-08-13', 3, 3, '2017-08-20', '2017-08-20'),
(376, 1, 3, 0, '2017-08-13', 3, 3, '2017-08-20', '2017-08-20'),
(377, 2, 3, 18, '2017-08-13', 3, 3, '2017-08-20', '2017-08-20'),
(378, 4, 3, 0, '2017-08-13', 3, 3, '2017-08-20', '2017-08-20'),
(379, 5, 3, 0, '2017-08-13', 3, 3, '2017-08-20', '2017-08-20'),
(380, 6, 3, 0, '2017-08-13', 3, 3, '2017-08-20', '2017-08-20'),
(381, 7, 3, 0, '2017-08-13', 3, 3, '2017-08-20', '2017-08-20'),
(382, 1, 4, 20, '2017-08-13', 3, 3, '2017-08-20', '2017-08-20'),
(383, 2, 4, 33, '2017-08-13', 3, 3, '2017-08-20', '2017-08-20'),
(384, 4, 4, 0, '2017-08-13', 3, 3, '2017-08-20', '2017-08-20'),
(385, 5, 4, 0, '2017-08-13', 3, 3, '2017-08-20', '2017-08-20'),
(386, 6, 4, 0, '2017-08-13', 3, 3, '2017-08-20', '2017-08-20'),
(387, 7, 4, 0, '2017-08-13', 3, 3, '2017-08-20', '2017-08-20'),
(388, 1, 5, 45, '2017-08-13', 3, 3, '2017-08-20', '2017-08-20'),
(389, 2, 5, 22, '2017-08-13', 3, 3, '2017-08-20', '2017-08-20'),
(390, 4, 5, 0, '2017-08-13', 3, 3, '2017-08-20', '2017-08-20'),
(391, 5, 5, 0, '2017-08-13', 3, 3, '2017-08-20', '2017-08-20'),
(392, 6, 5, 3, '2017-08-13', 3, 3, '2017-08-20', '2017-08-20'),
(393, 7, 5, 0, '2017-08-13', 3, 3, '2017-08-20', '2017-08-20'),
(394, 1, 6, 0, '2017-08-13', 3, 3, '2017-08-20', '2017-08-20'),
(395, 2, 6, 13, '2017-08-13', 3, 3, '2017-08-20', '2017-08-20'),
(396, 4, 6, 0, '2017-08-13', 3, 3, '2017-08-20', '2017-08-20'),
(397, 5, 6, 0, '2017-08-13', 3, 3, '2017-08-20', '2017-08-20'),
(398, 6, 6, 0, '2017-08-13', 3, 3, '2017-08-20', '2017-08-20'),
(399, 7, 6, 0, '2017-08-13', 3, 3, '2017-08-20', '2017-08-20'),
(400, 1, 7, 0, '2017-08-13', 3, 3, '2017-08-20', '2017-08-20'),
(401, 2, 7, 2, '2017-08-13', 3, 3, '2017-08-20', '2017-08-20'),
(402, 4, 7, 0, '2017-08-13', 3, 3, '2017-08-20', '2017-08-20'),
(403, 5, 7, 0, '2017-08-13', 3, 3, '2017-08-20', '2017-08-20'),
(404, 6, 7, 0, '2017-08-13', 3, 3, '2017-08-20', '2017-08-20'),
(405, 7, 7, 0, '2017-08-13', 3, 3, '2017-08-20', '2017-08-20'),
(406, 1, 1, 71, '2017-08-14', 3, 3, '2017-08-30', '2017-08-30'),
(407, 2, 1, 36, '2017-08-14', 3, 3, '2017-08-30', '2017-08-30'),
(408, 4, 1, 7, '2017-08-14', 3, 3, '2017-08-30', '2017-08-30'),
(409, 5, 1, 0, '2017-08-14', 3, 3, '2017-08-30', '2017-08-30'),
(410, 6, 1, 0, '2017-08-14', 3, 3, '2017-08-30', '2017-08-30'),
(411, 7, 1, 0, '2017-08-14', 3, 3, '2017-08-30', '2017-08-30'),
(412, 1, 2, 0, '2017-08-14', 3, 3, '2017-08-30', '2017-08-30'),
(413, 2, 2, 19, '2017-08-14', 3, 3, '2017-08-30', '2017-08-30'),
(414, 4, 2, 0, '2017-08-14', 3, 3, '2017-08-30', '2017-08-30'),
(415, 5, 2, 0, '2017-08-14', 3, 3, '2017-08-30', '2017-08-30'),
(416, 6, 2, 0, '2017-08-14', 3, 3, '2017-08-30', '2017-08-30'),
(417, 7, 2, 0, '2017-08-14', 3, 3, '2017-08-30', '2017-08-30'),
(418, 1, 3, 0, '2017-08-14', 3, 3, '2017-08-30', '2017-08-30'),
(419, 2, 3, 7, '2017-08-14', 3, 3, '2017-08-30', '2017-08-30'),
(420, 4, 3, 0, '2017-08-14', 3, 3, '2017-08-30', '2017-08-30'),
(421, 5, 3, 0, '2017-08-14', 3, 3, '2017-08-30', '2017-08-30'),
(422, 6, 3, 0, '2017-08-14', 3, 3, '2017-08-30', '2017-08-30'),
(423, 7, 3, 0, '2017-08-14', 3, 3, '2017-08-30', '2017-08-30'),
(424, 1, 4, 30, '2017-08-14', 3, 3, '2017-08-30', '2017-08-30'),
(425, 2, 4, 53, '2017-08-14', 3, 3, '2017-08-30', '2017-08-30'),
(426, 4, 4, 0, '2017-08-14', 3, 3, '2017-08-30', '2017-08-30'),
(427, 5, 4, 0, '2017-08-14', 3, 3, '2017-08-30', '2017-08-30'),
(428, 6, 4, 0, '2017-08-14', 3, 3, '2017-08-30', '2017-08-30'),
(429, 7, 4, 0, '2017-08-14', 3, 3, '2017-08-30', '2017-08-30'),
(430, 1, 5, 33, '2017-08-14', 3, 3, '2017-08-30', '2017-08-30'),
(431, 2, 5, 8, '2017-08-14', 3, 3, '2017-08-30', '2017-08-30'),
(432, 4, 5, 0, '2017-08-14', 3, 3, '2017-08-30', '2017-08-30'),
(433, 5, 5, 0, '2017-08-14', 3, 3, '2017-08-30', '2017-08-30'),
(434, 6, 5, 4, '2017-08-14', 3, 3, '2017-08-30', '2017-08-30'),
(435, 7, 5, 0, '2017-08-14', 3, 3, '2017-08-30', '2017-08-30'),
(436, 1, 6, 0, '2017-08-14', 3, 3, '2017-08-30', '2017-08-30'),
(437, 2, 6, 15, '2017-08-14', 3, 3, '2017-08-30', '2017-08-30'),
(438, 4, 6, 0, '2017-08-14', 3, 3, '2017-08-30', '2017-08-30'),
(439, 5, 6, 0, '2017-08-14', 3, 3, '2017-08-30', '2017-08-30'),
(440, 6, 6, 0, '2017-08-14', 3, 3, '2017-08-30', '2017-08-30'),
(441, 7, 6, 0, '2017-08-14', 3, 3, '2017-08-30', '2017-08-30'),
(442, 1, 7, 0, '2017-08-14', 3, 3, '2017-08-30', '2017-08-30'),
(443, 2, 7, 18, '2017-08-14', 3, 3, '2017-08-30', '2017-08-30'),
(444, 4, 7, 0, '2017-08-14', 3, 3, '2017-08-30', '2017-08-30'),
(445, 5, 7, 0, '2017-08-14', 3, 3, '2017-08-30', '2017-08-30'),
(446, 6, 7, 0, '2017-08-14', 3, 3, '2017-08-30', '2017-08-30'),
(447, 7, 7, 0, '2017-08-14', 3, 3, '2017-08-30', '2017-08-30'),
(448, 1, 1, 55, '2017-08-17', 3, 3, '2017-08-30', '2017-08-30'),
(449, 2, 1, 31, '2017-08-17', 3, 3, '2017-08-30', '2017-08-30'),
(450, 4, 1, 11, '2017-08-17', 3, 3, '2017-08-30', '2017-08-30'),
(451, 5, 1, 0, '2017-08-17', 3, 3, '2017-08-30', '2017-08-30'),
(452, 6, 1, 0, '2017-08-17', 3, 3, '2017-08-30', '2017-08-30'),
(453, 7, 1, 0, '2017-08-17', 3, 3, '2017-08-30', '2017-08-30'),
(454, 1, 2, 0, '2017-08-17', 3, 3, '2017-08-30', '2017-08-30'),
(455, 2, 2, 8, '2017-08-17', 3, 3, '2017-08-30', '2017-08-30'),
(456, 4, 2, 0, '2017-08-17', 3, 3, '2017-08-30', '2017-08-30'),
(457, 5, 2, 0, '2017-08-17', 3, 3, '2017-08-30', '2017-08-30'),
(458, 6, 2, 0, '2017-08-17', 3, 3, '2017-08-30', '2017-08-30'),
(459, 7, 2, 0, '2017-08-17', 3, 3, '2017-08-30', '2017-08-30'),
(460, 1, 3, 0, '2017-08-17', 3, 3, '2017-08-30', '2017-08-30'),
(461, 2, 3, 5, '2017-08-17', 3, 3, '2017-08-30', '2017-08-30'),
(462, 4, 3, 0, '2017-08-17', 3, 3, '2017-08-30', '2017-08-30'),
(463, 5, 3, 0, '2017-08-17', 3, 3, '2017-08-30', '2017-08-30'),
(464, 6, 3, 0, '2017-08-17', 3, 3, '2017-08-30', '2017-08-30'),
(465, 7, 3, 0, '2017-08-17', 3, 3, '2017-08-30', '2017-08-30'),
(466, 1, 4, 36, '2017-08-17', 3, 3, '2017-08-30', '2017-08-30'),
(467, 2, 4, 61, '2017-08-17', 3, 3, '2017-08-30', '2017-08-30'),
(468, 4, 4, 0, '2017-08-17', 3, 3, '2017-08-30', '2017-08-30'),
(469, 5, 4, 0, '2017-08-17', 3, 3, '2017-08-30', '2017-08-30'),
(470, 6, 4, 0, '2017-08-17', 3, 3, '2017-08-30', '2017-08-30'),
(471, 7, 4, 0, '2017-08-17', 3, 3, '2017-08-30', '2017-08-30'),
(472, 1, 5, 78, '2017-08-17', 3, 3, '2017-08-30', '2017-08-30'),
(473, 2, 5, 37, '2017-08-17', 3, 3, '2017-08-30', '2017-08-30'),
(474, 4, 5, 17, '2017-08-17', 3, 3, '2017-08-30', '2017-08-30'),
(475, 5, 5, 1, '2017-08-17', 3, 3, '2017-08-30', '2017-08-30'),
(476, 6, 5, 14, '2017-08-17', 3, 3, '2017-08-30', '2017-08-30'),
(477, 7, 5, 0, '2017-08-17', 3, 3, '2017-08-30', '2017-08-30'),
(478, 1, 7, 0, '2017-08-17', 3, 3, '2017-08-30', '2017-08-30'),
(479, 2, 7, 18, '2017-08-17', 3, 3, '2017-08-30', '2017-08-30'),
(480, 4, 7, 0, '2017-08-17', 3, 3, '2017-08-30', '2017-08-30'),
(481, 5, 7, 0, '2017-08-17', 3, 3, '2017-08-30', '2017-08-30'),
(482, 6, 7, 0, '2017-08-17', 3, 3, '2017-08-30', '2017-08-30'),
(483, 7, 7, 0, '2017-08-17', 3, 3, '2017-08-30', '2017-08-30'),
(484, 1, 1, 38, '2017-08-18', 3, 3, '2017-08-30', '2017-08-30'),
(485, 2, 1, 45, '2017-08-18', 3, 3, '2017-08-30', '2017-08-30'),
(486, 4, 1, 0, '2017-08-18', 3, 3, '2017-08-30', '2017-08-30'),
(487, 5, 1, 26, '2017-08-18', 3, 3, '2017-08-30', '2017-08-30'),
(488, 6, 1, 0, '2017-08-18', 3, 3, '2017-08-30', '2017-08-30'),
(489, 7, 1, 0, '2017-08-18', 3, 3, '2017-08-30', '2017-08-30'),
(490, 1, 2, 0, '2017-08-18', 3, 3, '2017-08-30', '2017-08-30'),
(491, 2, 2, 23, '2017-08-18', 3, 3, '2017-08-30', '2017-08-30'),
(492, 4, 2, 0, '2017-08-18', 3, 3, '2017-08-30', '2017-08-30'),
(493, 5, 2, 0, '2017-08-18', 3, 3, '2017-08-30', '2017-08-30'),
(494, 6, 2, 0, '2017-08-18', 3, 3, '2017-08-30', '2017-08-30'),
(495, 7, 2, 0, '2017-08-18', 3, 3, '2017-08-30', '2017-08-30'),
(496, 1, 3, 0, '2017-08-18', 3, 3, '2017-08-30', '2017-08-30'),
(497, 2, 3, 73, '2017-08-18', 3, 3, '2017-08-30', '2017-08-30'),
(498, 4, 3, 0, '2017-08-18', 3, 3, '2017-08-30', '2017-08-30'),
(499, 5, 3, 0, '2017-08-18', 3, 3, '2017-08-30', '2017-08-30'),
(500, 6, 3, 0, '2017-08-18', 3, 3, '2017-08-30', '2017-08-30'),
(501, 7, 3, 0, '2017-08-18', 3, 3, '2017-08-30', '2017-08-30'),
(502, 1, 4, 35, '2017-08-18', 3, 3, '2017-08-30', '2017-08-30'),
(503, 2, 4, 0, '2017-08-18', 3, 3, '2017-08-30', '2017-08-30'),
(504, 4, 4, 37, '2017-08-18', 3, 3, '2017-08-30', '2017-08-30'),
(505, 5, 4, 0, '2017-08-18', 3, 3, '2017-08-30', '2017-08-30'),
(506, 6, 4, 0, '2017-08-18', 3, 3, '2017-08-30', '2017-08-30'),
(507, 7, 4, 0, '2017-08-18', 3, 3, '2017-08-30', '2017-08-30'),
(508, 1, 5, 37, '2017-08-18', 3, 3, '2017-08-30', '2017-08-30'),
(509, 2, 5, 63, '2017-08-18', 3, 3, '2017-08-30', '2017-08-30'),
(510, 4, 5, 0, '2017-08-18', 3, 3, '2017-08-30', '2017-08-30'),
(511, 5, 5, 0, '2017-08-18', 3, 3, '2017-08-30', '2017-08-30'),
(512, 6, 5, 0, '2017-08-18', 3, 3, '2017-08-30', '2017-08-30'),
(513, 7, 5, 0, '2017-08-18', 3, 3, '2017-08-30', '2017-08-30'),
(514, 1, 1, 52, '2017-08-19', 3, 3, '2017-08-30', '2017-08-30'),
(515, 2, 1, 41, '2017-08-19', 3, 3, '2017-08-30', '2017-08-30'),
(516, 4, 1, 0, '2017-08-19', 3, 3, '2017-08-30', '2017-08-30'),
(517, 5, 1, 0, '2017-08-19', 3, 3, '2017-08-30', '2017-08-30'),
(518, 6, 1, 0, '2017-08-19', 3, 3, '2017-08-30', '2017-08-30'),
(519, 7, 1, 0, '2017-08-19', 3, 3, '2017-08-30', '2017-08-30'),
(520, 1, 2, 0, '2017-08-19', 3, 3, '2017-08-30', '2017-08-30'),
(521, 2, 2, 33, '2017-08-19', 3, 3, '2017-08-30', '2017-08-30'),
(522, 4, 2, 0, '2017-08-19', 3, 3, '2017-08-30', '2017-08-30'),
(523, 5, 2, 0, '2017-08-19', 3, 3, '2017-08-30', '2017-08-30'),
(524, 6, 2, 0, '2017-08-19', 3, 3, '2017-08-30', '2017-08-30'),
(525, 7, 2, 0, '2017-08-19', 3, 3, '2017-08-30', '2017-08-30'),
(526, 1, 3, 0, '2017-08-19', 3, 3, '2017-08-30', '2017-08-30'),
(527, 2, 3, 7, '2017-08-19', 3, 3, '2017-08-30', '2017-08-30'),
(528, 4, 3, 0, '2017-08-19', 3, 3, '2017-08-30', '2017-08-30'),
(529, 5, 3, 0, '2017-08-19', 3, 3, '2017-08-30', '2017-08-30'),
(530, 6, 3, 0, '2017-08-19', 3, 3, '2017-08-30', '2017-08-30'),
(531, 7, 3, 0, '2017-08-19', 3, 3, '2017-08-30', '2017-08-30'),
(532, 1, 4, 22, '2017-08-19', 3, 3, '2017-08-30', '2017-08-30'),
(533, 2, 4, 25, '2017-08-19', 3, 3, '2017-08-30', '2017-08-30'),
(534, 4, 4, 0, '2017-08-19', 3, 3, '2017-08-30', '2017-08-30'),
(535, 5, 4, 0, '2017-08-19', 3, 3, '2017-08-30', '2017-08-30'),
(536, 6, 4, 0, '2017-08-19', 3, 3, '2017-08-30', '2017-08-30'),
(537, 7, 4, 0, '2017-08-19', 3, 3, '2017-08-30', '2017-08-30'),
(538, 1, 5, 78, '2017-08-19', 3, 3, '2017-08-30', '2017-08-30'),
(539, 2, 5, 34, '2017-08-19', 3, 3, '2017-08-30', '2017-08-30'),
(540, 4, 5, 0, '2017-08-19', 3, 3, '2017-08-30', '2017-08-30'),
(541, 5, 5, 0, '2017-08-19', 3, 3, '2017-08-30', '2017-08-30'),
(542, 6, 5, 0, '2017-08-19', 3, 3, '2017-08-30', '2017-08-30'),
(543, 7, 5, 0, '2017-08-19', 3, 3, '2017-08-30', '2017-08-30'),
(544, 1, 6, 0, '2017-08-19', 3, 3, '2017-08-30', '2017-08-30'),
(545, 2, 6, 7, '2017-08-19', 3, 3, '2017-08-30', '2017-08-30'),
(546, 4, 6, 0, '2017-08-19', 3, 3, '2017-08-30', '2017-08-30'),
(547, 5, 6, 0, '2017-08-19', 3, 3, '2017-08-30', '2017-08-30'),
(548, 6, 6, 0, '2017-08-19', 3, 3, '2017-08-30', '2017-08-30'),
(549, 7, 6, 0, '2017-08-19', 3, 3, '2017-08-30', '2017-08-30'),
(550, 1, 7, 0, '2017-08-19', 3, 3, '2017-08-30', '2017-08-30'),
(551, 2, 7, 10, '2017-08-19', 3, 3, '2017-08-30', '2017-08-30'),
(552, 4, 7, 0, '2017-08-19', 3, 3, '2017-08-30', '2017-08-30'),
(553, 5, 7, 0, '2017-08-19', 3, 3, '2017-08-30', '2017-08-30'),
(554, 6, 7, 0, '2017-08-19', 3, 3, '2017-08-30', '2017-08-30'),
(555, 7, 7, 0, '2017-08-19', 3, 3, '2017-08-30', '2017-08-30'),
(556, 1, 1, 87, '2017-08-20', 3, 3, '2017-08-30', '2017-08-30'),
(557, 2, 1, 65, '2017-08-20', 3, 3, '2017-08-30', '2017-08-30'),
(558, 4, 1, 16, '2017-08-20', 3, 3, '2017-08-30', '2017-08-30'),
(559, 5, 1, 7, '2017-08-20', 3, 3, '2017-08-30', '2017-08-30'),
(560, 6, 1, 0, '2017-08-20', 3, 3, '2017-08-30', '2017-08-30'),
(561, 7, 1, 0, '2017-08-20', 3, 3, '2017-08-30', '2017-08-30'),
(562, 1, 2, 0, '2017-08-20', 3, 3, '2017-08-30', '2017-08-30'),
(563, 2, 2, 16, '2017-08-20', 3, 3, '2017-08-30', '2017-08-30'),
(564, 4, 2, 0, '2017-08-20', 3, 3, '2017-08-30', '2017-08-30'),
(565, 5, 2, 0, '2017-08-20', 3, 3, '2017-08-30', '2017-08-30'),
(566, 6, 2, 0, '2017-08-20', 3, 3, '2017-08-30', '2017-08-30'),
(567, 7, 2, 0, '2017-08-20', 3, 3, '2017-08-30', '2017-08-30'),
(568, 1, 3, 0, '2017-08-20', 3, 3, '2017-08-30', '2017-08-30'),
(569, 2, 3, 14, '2017-08-20', 3, 3, '2017-08-30', '2017-08-30'),
(570, 4, 3, 0, '2017-08-20', 3, 3, '2017-08-30', '2017-08-30'),
(571, 5, 3, 0, '2017-08-20', 3, 3, '2017-08-30', '2017-08-30'),
(572, 6, 3, 0, '2017-08-20', 3, 3, '2017-08-30', '2017-08-30'),
(573, 7, 3, 0, '2017-08-20', 3, 3, '2017-08-30', '2017-08-30'),
(574, 1, 4, 33, '2017-08-20', 3, 3, '2017-08-30', '2017-08-30'),
(575, 2, 4, 27, '2017-08-20', 3, 3, '2017-08-30', '2017-08-30'),
(576, 4, 4, 0, '2017-08-20', 3, 3, '2017-08-30', '2017-08-30'),
(577, 5, 4, 0, '2017-08-20', 3, 3, '2017-08-30', '2017-08-30'),
(578, 6, 4, 0, '2017-08-20', 3, 3, '2017-08-30', '2017-08-30'),
(579, 7, 4, 0, '2017-08-20', 3, 3, '2017-08-30', '2017-08-30'),
(580, 1, 5, 71, '2017-08-20', 3, 3, '2017-08-30', '2017-08-30'),
(581, 2, 5, 13, '2017-08-20', 3, 3, '2017-08-30', '2017-08-30'),
(582, 4, 5, 0, '2017-08-20', 3, 3, '2017-08-30', '2017-08-30'),
(583, 5, 5, 0, '2017-08-20', 3, 3, '2017-08-30', '2017-08-30'),
(584, 6, 5, 0, '2017-08-20', 3, 3, '2017-08-30', '2017-08-30'),
(585, 7, 5, 0, '2017-08-20', 3, 3, '2017-08-30', '2017-08-30'),
(586, 1, 6, 0, '2017-08-20', 3, 3, '2017-08-30', '2017-08-30'),
(587, 2, 6, 10, '2017-08-20', 3, 3, '2017-08-30', '2017-08-30'),
(588, 4, 6, 0, '2017-08-20', 3, 3, '2017-08-30', '2017-08-30'),
(589, 5, 6, 0, '2017-08-20', 3, 3, '2017-08-30', '2017-08-30'),
(590, 6, 6, 0, '2017-08-20', 3, 3, '2017-08-30', '2017-08-30'),
(591, 7, 6, 0, '2017-08-20', 3, 3, '2017-08-30', '2017-08-30'),
(592, 1, 7, 0, '2017-08-20', 3, 3, '2017-08-30', '2017-08-30'),
(593, 2, 7, 9, '2017-08-20', 3, 3, '2017-08-30', '2017-08-30'),
(594, 4, 7, 0, '2017-08-20', 3, 3, '2017-08-30', '2017-08-30'),
(595, 5, 7, 0, '2017-08-20', 3, 3, '2017-08-30', '2017-08-30'),
(596, 6, 7, 0, '2017-08-20', 3, 3, '2017-08-30', '2017-08-30'),
(597, 7, 7, 0, '2017-08-20', 3, 3, '2017-08-30', '2017-08-30'),
(598, 1, 1, 89, '2017-08-21', 3, 3, '2017-08-30', '2017-08-30'),
(599, 2, 1, 54, '2017-08-21', 3, 3, '2017-08-30', '2017-08-30'),
(600, 4, 1, 13, '2017-08-21', 3, 3, '2017-08-30', '2017-08-30'),
(601, 5, 1, 0, '2017-08-21', 3, 3, '2017-08-30', '2017-08-30'),
(602, 6, 1, 0, '2017-08-21', 3, 3, '2017-08-30', '2017-08-30'),
(603, 7, 1, 0, '2017-08-21', 3, 3, '2017-08-30', '2017-08-30'),
(604, 1, 2, 0, '2017-08-21', 3, 3, '2017-08-30', '2017-08-30'),
(605, 2, 2, 19, '2017-08-21', 3, 3, '2017-08-30', '2017-08-30'),
(606, 4, 2, 0, '2017-08-21', 3, 3, '2017-08-30', '2017-08-30'),
(607, 5, 2, 0, '2017-08-21', 3, 3, '2017-08-30', '2017-08-30'),
(608, 6, 2, 0, '2017-08-21', 3, 3, '2017-08-30', '2017-08-30'),
(609, 7, 2, 0, '2017-08-21', 3, 3, '2017-08-30', '2017-08-30'),
(610, 1, 3, 0, '2017-08-21', 3, 3, '2017-08-30', '2017-08-30'),
(611, 2, 3, 5, '2017-08-21', 3, 3, '2017-08-30', '2017-08-30'),
(612, 4, 3, 0, '2017-08-21', 3, 3, '2017-08-30', '2017-08-30'),
(613, 5, 3, 0, '2017-08-21', 3, 3, '2017-08-30', '2017-08-30'),
(614, 6, 3, 0, '2017-08-21', 3, 3, '2017-08-30', '2017-08-30'),
(615, 7, 3, 0, '2017-08-21', 3, 3, '2017-08-30', '2017-08-30'),
(616, 1, 4, 32, '2017-08-21', 3, 3, '2017-08-30', '2017-08-30'),
(617, 2, 4, 65, '2017-08-21', 3, 3, '2017-08-30', '2017-08-30'),
(618, 4, 4, 0, '2017-08-21', 3, 3, '2017-08-30', '2017-08-30'),
(619, 5, 4, 0, '2017-08-21', 3, 3, '2017-08-30', '2017-08-30'),
(620, 6, 4, 0, '2017-08-21', 3, 3, '2017-08-30', '2017-08-30'),
(621, 7, 4, 0, '2017-08-21', 3, 3, '2017-08-30', '2017-08-30'),
(622, 1, 5, 33, '2017-08-21', 3, 3, '2017-08-30', '2017-08-30'),
(623, 2, 5, 19, '2017-08-21', 3, 3, '2017-08-30', '2017-08-30'),
(624, 4, 5, 0, '2017-08-21', 3, 3, '2017-08-30', '2017-08-30'),
(625, 5, 5, 0, '2017-08-21', 3, 3, '2017-08-30', '2017-08-30'),
(626, 6, 5, 0, '2017-08-21', 3, 3, '2017-08-30', '2017-08-30'),
(627, 7, 5, 0, '2017-08-21', 3, 3, '2017-08-30', '2017-08-30'),
(628, 1, 6, 0, '2017-08-21', 3, 3, '2017-08-30', '2017-08-30'),
(629, 2, 6, 21, '2017-08-21', 3, 3, '2017-08-30', '2017-08-30'),
(630, 4, 6, 0, '2017-08-21', 3, 3, '2017-08-30', '2017-08-30'),
(631, 5, 6, 0, '2017-08-21', 3, 3, '2017-08-30', '2017-08-30'),
(632, 6, 6, 0, '2017-08-21', 3, 3, '2017-08-30', '2017-08-30'),
(633, 7, 6, 0, '2017-08-21', 3, 3, '2017-08-30', '2017-08-30'),
(634, 1, 7, 0, '2017-08-21', 3, 3, '2017-08-30', '2017-08-30'),
(635, 2, 7, 13, '2017-08-21', 3, 3, '2017-08-30', '2017-08-30'),
(636, 4, 7, 0, '2017-08-21', 3, 3, '2017-08-30', '2017-08-30'),
(637, 5, 7, 0, '2017-08-21', 3, 3, '2017-08-30', '2017-08-30'),
(638, 6, 7, 0, '2017-08-21', 3, 3, '2017-08-30', '2017-08-30'),
(639, 7, 7, 0, '2017-08-21', 3, 3, '2017-08-30', '2017-08-30'),
(640, 1, 1, 76, '2017-08-22', 3, 3, '2017-08-30', '2017-08-30'),
(641, 2, 1, 51, '2017-08-22', 3, 3, '2017-08-30', '2017-08-30'),
(642, 4, 1, 10, '2017-08-22', 3, 3, '2017-08-30', '2017-08-30'),
(643, 5, 1, 0, '2017-08-22', 3, 3, '2017-08-30', '2017-08-30'),
(644, 6, 1, 0, '2017-08-22', 3, 3, '2017-08-30', '2017-08-30'),
(645, 7, 1, 0, '2017-08-22', 3, 3, '2017-08-30', '2017-08-30'),
(646, 1, 2, 0, '2017-08-22', 3, 3, '2017-08-30', '2017-08-30'),
(647, 2, 2, 24, '2017-08-22', 3, 3, '2017-08-30', '2017-08-30'),
(648, 4, 2, 0, '2017-08-22', 3, 3, '2017-08-30', '2017-08-30'),
(649, 5, 2, 0, '2017-08-22', 3, 3, '2017-08-30', '2017-08-30'),
(650, 6, 2, 0, '2017-08-22', 3, 3, '2017-08-30', '2017-08-30'),
(651, 7, 2, 0, '2017-08-22', 3, 3, '2017-08-30', '2017-08-30'),
(652, 1, 3, 0, '2017-08-22', 3, 3, '2017-08-30', '2017-08-30'),
(653, 2, 3, 17, '2017-08-22', 3, 3, '2017-08-30', '2017-08-30'),
(654, 4, 3, 0, '2017-08-22', 3, 3, '2017-08-30', '2017-08-30'),
(655, 5, 3, 0, '2017-08-22', 3, 3, '2017-08-30', '2017-08-30'),
(656, 6, 3, 0, '2017-08-22', 3, 3, '2017-08-30', '2017-08-30'),
(657, 7, 3, 0, '2017-08-22', 3, 3, '2017-08-30', '2017-08-30'),
(658, 1, 4, 22, '2017-08-22', 3, 3, '2017-08-30', '2017-08-30'),
(659, 2, 4, 35, '2017-08-22', 3, 3, '2017-08-30', '2017-08-30'),
(660, 4, 4, 0, '2017-08-22', 3, 3, '2017-08-30', '2017-08-30'),
(661, 5, 4, 0, '2017-08-22', 3, 3, '2017-08-30', '2017-08-30'),
(662, 6, 4, 0, '2017-08-22', 3, 3, '2017-08-30', '2017-08-30'),
(663, 7, 4, 0, '2017-08-22', 3, 3, '2017-08-30', '2017-08-30'),
(664, 1, 5, 25, '2017-08-22', 3, 3, '2017-08-30', '2017-08-30'),
(665, 2, 5, 6, '2017-08-22', 3, 3, '2017-08-30', '2017-08-30'),
(666, 4, 5, 2, '2017-08-22', 3, 3, '2017-08-30', '2017-08-30'),
(667, 5, 5, 0, '2017-08-22', 3, 3, '2017-08-30', '2017-08-30'),
(668, 6, 5, 0, '2017-08-22', 3, 3, '2017-08-30', '2017-08-30'),
(669, 7, 5, 0, '2017-08-22', 3, 3, '2017-08-30', '2017-08-30'),
(670, 1, 6, 0, '2017-08-22', 3, 3, '2017-08-30', '2017-08-30'),
(671, 2, 6, 11, '2017-08-22', 3, 3, '2017-08-30', '2017-08-30'),
(672, 4, 6, 0, '2017-08-22', 3, 3, '2017-08-30', '2017-08-30'),
(673, 5, 6, 0, '2017-08-22', 3, 3, '2017-08-30', '2017-08-30'),
(674, 6, 6, 0, '2017-08-22', 3, 3, '2017-08-30', '2017-08-30'),
(675, 7, 6, 0, '2017-08-22', 3, 3, '2017-08-30', '2017-08-30'),
(676, 1, 7, 0, '2017-08-22', 3, 3, '2017-08-30', '2017-08-30'),
(677, 2, 7, 11, '2017-08-22', 3, 3, '2017-08-30', '2017-08-30'),
(678, 4, 7, 0, '2017-08-22', 3, 3, '2017-08-30', '2017-08-30'),
(679, 5, 7, 0, '2017-08-22', 3, 3, '2017-08-30', '2017-08-30'),
(680, 6, 7, 0, '2017-08-22', 3, 3, '2017-08-30', '2017-08-30'),
(681, 7, 7, 0, '2017-08-22', 3, 3, '2017-08-30', '2017-08-30'),
(682, 1, 1, 95, '2017-08-23', 3, 3, '2017-08-30', '2017-08-30'),
(683, 2, 1, 88, '2017-08-23', 3, 3, '2017-08-30', '2017-08-30'),
(684, 4, 1, 10, '2017-08-23', 3, 3, '2017-08-30', '2017-08-30'),
(685, 5, 1, 0, '2017-08-23', 3, 3, '2017-08-30', '2017-08-30'),
(686, 6, 1, 0, '2017-08-23', 3, 3, '2017-08-30', '2017-08-30'),
(687, 7, 1, 0, '2017-08-23', 3, 3, '2017-08-30', '2017-08-30'),
(688, 1, 2, 0, '2017-08-23', 3, 3, '2017-08-30', '2017-08-30'),
(689, 2, 2, 16, '2017-08-23', 3, 3, '2017-08-30', '2017-08-30'),
(690, 4, 2, 0, '2017-08-23', 3, 3, '2017-08-30', '2017-08-30'),
(691, 5, 2, 0, '2017-08-23', 3, 3, '2017-08-30', '2017-08-30'),
(692, 6, 2, 0, '2017-08-23', 3, 3, '2017-08-30', '2017-08-30'),
(693, 7, 2, 0, '2017-08-23', 3, 3, '2017-08-30', '2017-08-30'),
(694, 1, 3, 0, '2017-08-23', 3, 3, '2017-08-30', '2017-08-30'),
(695, 2, 3, 25, '2017-08-23', 3, 3, '2017-08-30', '2017-08-30'),
(696, 4, 3, 0, '2017-08-23', 3, 3, '2017-08-30', '2017-08-30'),
(697, 5, 3, 0, '2017-08-23', 3, 3, '2017-08-30', '2017-08-30'),
(698, 6, 3, 0, '2017-08-23', 3, 3, '2017-08-30', '2017-08-30'),
(699, 7, 3, 0, '2017-08-23', 3, 3, '2017-08-30', '2017-08-30'),
(700, 1, 4, 20, '2017-08-23', 3, 3, '2017-08-30', '2017-08-30'),
(701, 2, 4, 32, '2017-08-23', 3, 3, '2017-08-30', '2017-08-30'),
(702, 4, 4, 0, '2017-08-23', 3, 3, '2017-08-30', '2017-08-30'),
(703, 5, 4, 0, '2017-08-23', 3, 3, '2017-08-30', '2017-08-30'),
(704, 6, 4, 0, '2017-08-23', 3, 3, '2017-08-30', '2017-08-30'),
(705, 7, 4, 0, '2017-08-23', 3, 3, '2017-08-30', '2017-08-30'),
(706, 1, 5, 61, '2017-08-23', 3, 3, '2017-08-30', '2017-08-30'),
(707, 2, 5, 15, '2017-08-23', 3, 3, '2017-08-30', '2017-08-30'),
(708, 4, 5, 2, '2017-08-23', 3, 3, '2017-08-30', '2017-08-30'),
(709, 5, 5, 7, '2017-08-23', 3, 3, '2017-08-30', '2017-08-30'),
(710, 6, 5, 0, '2017-08-23', 3, 3, '2017-08-30', '2017-08-30'),
(711, 7, 5, 0, '2017-08-23', 3, 3, '2017-08-30', '2017-08-30'),
(712, 1, 6, 0, '2017-08-23', 3, 3, '2017-08-30', '2017-08-30'),
(713, 2, 6, 11, '2017-08-23', 3, 3, '2017-08-30', '2017-08-30'),
(714, 4, 6, 0, '2017-08-23', 3, 3, '2017-08-30', '2017-08-30'),
(715, 5, 6, 0, '2017-08-23', 3, 3, '2017-08-30', '2017-08-30'),
(716, 6, 6, 0, '2017-08-23', 3, 3, '2017-08-30', '2017-08-30'),
(717, 7, 6, 0, '2017-08-23', 3, 3, '2017-08-30', '2017-08-30'),
(718, 1, 7, 0, '2017-08-23', 3, 3, '2017-08-30', '2017-08-30'),
(719, 2, 7, 10, '2017-08-23', 3, 3, '2017-08-30', '2017-08-30'),
(720, 4, 7, 0, '2017-08-23', 3, 3, '2017-08-30', '2017-08-30'),
(721, 5, 7, 0, '2017-08-23', 3, 3, '2017-08-30', '2017-08-30'),
(722, 6, 7, 0, '2017-08-23', 3, 3, '2017-08-30', '2017-08-30'),
(723, 7, 7, 0, '2017-08-23', 3, 3, '2017-08-30', '2017-08-30'),
(724, 1, 1, 106, '2017-08-24', 3, 3, '2017-08-30', '2017-08-30'),
(725, 2, 1, 41, '2017-08-24', 3, 3, '2017-08-30', '2017-08-30'),
(726, 4, 1, 11, '2017-08-24', 3, 3, '2017-08-30', '2017-08-30'),
(727, 5, 1, 0, '2017-08-24', 3, 3, '2017-08-30', '2017-08-30'),
(728, 6, 1, 0, '2017-08-24', 3, 3, '2017-08-30', '2017-08-30'),
(729, 7, 1, 0, '2017-08-24', 3, 3, '2017-08-30', '2017-08-30'),
(730, 1, 2, 0, '2017-08-24', 3, 3, '2017-08-30', '2017-08-30'),
(731, 2, 2, 19, '2017-08-24', 3, 3, '2017-08-30', '2017-08-30'),
(732, 4, 2, 0, '2017-08-24', 3, 3, '2017-08-30', '2017-08-30'),
(733, 5, 2, 0, '2017-08-24', 3, 3, '2017-08-30', '2017-08-30'),
(734, 6, 2, 0, '2017-08-24', 3, 3, '2017-08-30', '2017-08-30'),
(735, 7, 2, 0, '2017-08-24', 3, 3, '2017-08-30', '2017-08-30'),
(736, 1, 3, 0, '2017-08-24', 3, 3, '2017-08-30', '2017-08-30'),
(737, 2, 3, 8, '2017-08-24', 3, 3, '2017-08-30', '2017-08-30'),
(738, 4, 3, 0, '2017-08-24', 3, 3, '2017-08-30', '2017-08-30'),
(739, 5, 3, 0, '2017-08-24', 3, 3, '2017-08-30', '2017-08-30'),
(740, 6, 3, 0, '2017-08-24', 3, 3, '2017-08-30', '2017-08-30'),
(741, 7, 3, 0, '2017-08-24', 3, 3, '2017-08-30', '2017-08-30'),
(742, 1, 4, 33, '2017-08-24', 3, 3, '2017-08-30', '2017-08-30'),
(743, 2, 4, 48, '2017-08-24', 3, 3, '2017-08-30', '2017-08-30'),
(744, 4, 4, 0, '2017-08-24', 3, 3, '2017-08-30', '2017-08-30'),
(745, 5, 4, 0, '2017-08-24', 3, 3, '2017-08-30', '2017-08-30'),
(746, 6, 4, 0, '2017-08-24', 3, 3, '2017-08-30', '2017-08-30'),
(747, 7, 4, 0, '2017-08-24', 3, 3, '2017-08-30', '2017-08-30'),
(748, 1, 5, 53, '2017-08-24', 3, 3, '2017-08-30', '2017-08-30'),
(749, 2, 5, 20, '2017-08-24', 3, 3, '2017-08-30', '2017-08-30'),
(750, 4, 5, 7, '2017-08-24', 3, 3, '2017-08-30', '2017-08-30'),
(751, 5, 5, 26, '2017-08-24', 3, 3, '2017-08-30', '2017-08-30'),
(752, 6, 5, 0, '2017-08-24', 3, 3, '2017-08-30', '2017-08-30'),
(753, 7, 5, 0, '2017-08-24', 3, 3, '2017-08-30', '2017-08-30'),
(754, 1, 6, 0, '2017-08-24', 3, 3, '2017-08-30', '2017-08-30'),
(755, 2, 6, 12, '2017-08-24', 3, 3, '2017-08-30', '2017-08-30'),
(756, 4, 6, 0, '2017-08-24', 3, 3, '2017-08-30', '2017-08-30'),
(757, 5, 6, 0, '2017-08-24', 3, 3, '2017-08-30', '2017-08-30'),
(758, 6, 6, 0, '2017-08-24', 3, 3, '2017-08-30', '2017-08-30'),
(759, 7, 6, 0, '2017-08-24', 3, 3, '2017-08-30', '2017-08-30'),
(760, 1, 7, 0, '2017-08-24', 3, 3, '2017-08-30', '2017-08-30'),
(761, 2, 7, 19, '2017-08-24', 3, 3, '2017-08-30', '2017-08-30'),
(762, 4, 7, 0, '2017-08-24', 3, 3, '2017-08-30', '2017-08-30'),
(763, 5, 7, 0, '2017-08-24', 3, 3, '2017-08-30', '2017-08-30'),
(764, 6, 7, 0, '2017-08-24', 3, 3, '2017-08-30', '2017-08-30'),
(765, 7, 7, 0, '2017-08-24', 3, 3, '2017-08-30', '2017-08-30'),
(766, 1, 1, 85, '2017-08-25', 3, 3, '2017-08-31', '2017-08-31'),
(767, 2, 1, 31, '2017-08-25', 3, 3, '2017-08-31', '2017-08-31'),
(768, 4, 1, 0, '2017-08-25', 3, 3, '2017-08-31', '2017-08-31'),
(769, 5, 1, 25, '2017-08-25', 3, 3, '2017-08-31', '2017-08-31'),
(770, 6, 1, 0, '2017-08-25', 3, 3, '2017-08-31', '2017-08-31'),
(771, 7, 1, 27, '2017-08-25', 3, 3, '2017-08-31', '2017-08-31'),
(772, 1, 2, 0, '2017-08-25', 3, 3, '2017-08-31', '2017-08-31'),
(773, 2, 2, 12, '2017-08-25', 3, 3, '2017-08-31', '2017-08-31'),
(774, 4, 2, 0, '2017-08-25', 3, 3, '2017-08-31', '2017-08-31'),
(775, 5, 2, 0, '2017-08-25', 3, 3, '2017-08-31', '2017-08-31'),
(776, 6, 2, 0, '2017-08-25', 3, 3, '2017-08-31', '2017-08-31'),
(777, 7, 2, 0, '2017-08-25', 3, 3, '2017-08-31', '2017-08-31'),
(778, 1, 3, 0, '2017-08-25', 3, 3, '2017-08-31', '2017-08-31'),
(779, 2, 3, 56, '2017-08-25', 3, 3, '2017-08-31', '2017-08-31'),
(780, 4, 3, 0, '2017-08-25', 3, 3, '2017-08-31', '2017-08-31'),
(781, 5, 3, 0, '2017-08-25', 3, 3, '2017-08-31', '2017-08-31'),
(782, 6, 3, 0, '2017-08-25', 3, 3, '2017-08-31', '2017-08-31'),
(783, 7, 3, 0, '2017-08-25', 3, 3, '2017-08-31', '2017-08-31'),
(784, 1, 4, 36, '2017-08-25', 3, 3, '2017-08-31', '2017-08-31'),
(785, 2, 4, 0, '2017-08-25', 3, 3, '2017-08-31', '2017-08-31'),
(786, 4, 4, 0, '2017-08-25', 3, 3, '2017-08-31', '2017-08-31'),
(787, 5, 4, 0, '2017-08-25', 3, 3, '2017-08-31', '2017-08-31'),
(788, 6, 4, 0, '2017-08-25', 3, 3, '2017-08-31', '2017-08-31'),
(789, 7, 4, 40, '2017-08-25', 3, 3, '2017-08-31', '2017-08-31'),
(790, 1, 5, 1, '2017-08-25', 3, 3, '2017-08-31', '2017-08-31'),
(791, 2, 5, 39, '2017-08-25', 3, 3, '2017-08-31', '2017-08-31'),
(792, 4, 5, 0, '2017-08-25', 3, 3, '2017-08-31', '2017-08-31'),
(793, 5, 5, 0, '2017-08-25', 3, 3, '2017-08-31', '2017-08-31'),
(794, 6, 5, 0, '2017-08-25', 3, 3, '2017-08-31', '2017-08-31'),
(795, 7, 5, 0, '2017-08-25', 3, 3, '2017-08-31', '2017-08-31'),
(796, 1, 1, 83, '2017-08-26', 3, 3, '2017-08-31', '2017-08-31'),
(797, 2, 1, 43, '2017-08-26', 3, 3, '2017-08-31', '2017-08-31'),
(798, 4, 1, 0, '2017-08-26', 3, 3, '2017-08-31', '2017-08-31'),
(799, 5, 1, 0, '2017-08-26', 3, 3, '2017-08-31', '2017-08-31'),
(800, 6, 1, 0, '2017-08-26', 3, 3, '2017-08-31', '2017-08-31'),
(801, 7, 1, 0, '2017-08-26', 3, 3, '2017-08-31', '2017-08-31'),
(802, 1, 2, 0, '2017-08-26', 3, 3, '2017-08-31', '2017-08-31'),
(803, 2, 2, 36, '2017-08-26', 3, 3, '2017-08-31', '2017-08-31'),
(804, 4, 2, 0, '2017-08-26', 3, 3, '2017-08-31', '2017-08-31'),
(805, 5, 2, 0, '2017-08-26', 3, 3, '2017-08-31', '2017-08-31');
INSERT INTO `ut_mis_hospital_patients` (`hospital_patient_row_id`, `patient_type_row_id`, `hospital_row_id`, `amount`, `report_at`, `created_by`, `updated_by`, `created_at`, `updated_at`) VALUES
(806, 6, 2, 0, '2017-08-26', 3, 3, '2017-08-31', '2017-08-31'),
(807, 7, 2, 0, '2017-08-26', 3, 3, '2017-08-31', '2017-08-31'),
(808, 1, 3, 0, '2017-08-26', 3, 3, '2017-08-31', '2017-08-31'),
(809, 2, 3, 7, '2017-08-26', 3, 3, '2017-08-31', '2017-08-31'),
(810, 4, 3, 0, '2017-08-26', 3, 3, '2017-08-31', '2017-08-31'),
(811, 5, 3, 0, '2017-08-26', 3, 3, '2017-08-31', '2017-08-31'),
(812, 6, 3, 0, '2017-08-26', 3, 3, '2017-08-31', '2017-08-31'),
(813, 7, 3, 0, '2017-08-26', 3, 3, '2017-08-31', '2017-08-31'),
(814, 1, 4, 30, '2017-08-26', 3, 3, '2017-08-31', '2017-08-31'),
(815, 2, 4, 22, '2017-08-26', 3, 3, '2017-08-31', '2017-08-31'),
(816, 4, 4, 0, '2017-08-26', 3, 3, '2017-08-31', '2017-08-31'),
(817, 5, 4, 0, '2017-08-26', 3, 3, '2017-08-31', '2017-08-31'),
(818, 6, 4, 0, '2017-08-26', 3, 3, '2017-08-31', '2017-08-31'),
(819, 7, 4, 0, '2017-08-26', 3, 3, '2017-08-31', '2017-08-31'),
(820, 1, 5, 47, '2017-08-26', 3, 3, '2017-08-31', '2017-08-31'),
(821, 2, 5, 19, '2017-08-26', 3, 3, '2017-08-31', '2017-08-31'),
(822, 4, 5, 0, '2017-08-26', 3, 3, '2017-08-31', '2017-08-31'),
(823, 5, 5, 0, '2017-08-26', 3, 3, '2017-08-31', '2017-08-31'),
(824, 6, 5, 0, '2017-08-26', 3, 3, '2017-08-31', '2017-08-31'),
(825, 7, 5, 0, '2017-08-26', 3, 3, '2017-08-31', '2017-08-31'),
(826, 1, 6, 0, '2017-08-26', 3, 3, '2017-08-31', '2017-08-31'),
(827, 2, 6, 9, '2017-08-26', 3, 3, '2017-08-31', '2017-08-31'),
(828, 4, 6, 0, '2017-08-26', 3, 3, '2017-08-31', '2017-08-31'),
(829, 5, 6, 0, '2017-08-26', 3, 3, '2017-08-31', '2017-08-31'),
(830, 6, 6, 0, '2017-08-26', 3, 3, '2017-08-31', '2017-08-31'),
(831, 7, 6, 0, '2017-08-26', 3, 3, '2017-08-31', '2017-08-31'),
(832, 1, 7, 0, '2017-08-26', 3, 3, '2017-08-31', '2017-08-31'),
(833, 2, 7, 14, '2017-08-26', 3, 3, '2017-08-31', '2017-08-31'),
(834, 4, 7, 0, '2017-08-26', 3, 3, '2017-08-31', '2017-08-31'),
(835, 5, 7, 0, '2017-08-26', 3, 3, '2017-08-31', '2017-08-31'),
(836, 6, 7, 0, '2017-08-26', 3, 3, '2017-08-31', '2017-08-31'),
(837, 7, 7, 0, '2017-08-26', 3, 3, '2017-08-31', '2017-08-31'),
(838, 1, 1, 99, '2017-08-28', 3, 3, '2017-08-31', '2017-08-31'),
(839, 2, 1, 45, '2017-08-28', 3, 3, '2017-08-31', '2017-08-31'),
(840, 4, 1, 10, '2017-08-28', 3, 3, '2017-08-31', '2017-08-31'),
(841, 5, 1, 0, '2017-08-28', 3, 3, '2017-08-31', '2017-08-31'),
(842, 6, 1, 0, '2017-08-28', 3, 3, '2017-08-31', '2017-08-31'),
(843, 7, 1, 0, '2017-08-28', 3, 3, '2017-08-31', '2017-08-31'),
(844, 1, 2, 0, '2017-08-28', 3, 3, '2017-08-31', '2017-08-31'),
(845, 2, 2, 25, '2017-08-28', 3, 3, '2017-08-31', '2017-08-31'),
(846, 4, 2, 0, '2017-08-28', 3, 3, '2017-08-31', '2017-08-31'),
(847, 5, 2, 0, '2017-08-28', 3, 3, '2017-08-31', '2017-08-31'),
(848, 6, 2, 0, '2017-08-28', 3, 3, '2017-08-31', '2017-08-31'),
(849, 7, 2, 0, '2017-08-28', 3, 3, '2017-08-31', '2017-08-31'),
(850, 1, 3, 0, '2017-08-28', 3, 3, '2017-08-31', '2017-08-31'),
(851, 2, 3, 6, '2017-08-28', 3, 3, '2017-08-31', '2017-08-31'),
(852, 4, 3, 0, '2017-08-28', 3, 3, '2017-08-31', '2017-08-31'),
(853, 5, 3, 0, '2017-08-28', 3, 3, '2017-08-31', '2017-08-31'),
(854, 6, 3, 0, '2017-08-28', 3, 3, '2017-08-31', '2017-08-31'),
(855, 7, 3, 0, '2017-08-28', 3, 3, '2017-08-31', '2017-08-31'),
(856, 1, 4, 23, '2017-08-28', 3, 3, '2017-08-31', '2017-08-31'),
(857, 2, 4, 41, '2017-08-28', 3, 3, '2017-08-31', '2017-08-31'),
(858, 4, 4, 0, '2017-08-28', 3, 3, '2017-08-31', '2017-08-31'),
(859, 5, 4, 0, '2017-08-28', 3, 3, '2017-08-31', '2017-08-31'),
(860, 6, 4, 0, '2017-08-28', 3, 3, '2017-08-31', '2017-08-31'),
(861, 7, 4, 0, '2017-08-28', 3, 3, '2017-08-31', '2017-08-31'),
(862, 1, 5, 22, '2017-08-28', 3, 3, '2017-08-31', '2017-08-31'),
(863, 2, 5, 14, '2017-08-28', 3, 3, '2017-08-31', '2017-08-31'),
(864, 4, 5, 0, '2017-08-28', 3, 3, '2017-08-31', '2017-08-31'),
(865, 5, 5, 0, '2017-08-28', 3, 3, '2017-08-31', '2017-08-31'),
(866, 6, 5, 0, '2017-08-28', 3, 3, '2017-08-31', '2017-08-31'),
(867, 7, 5, 0, '2017-08-28', 3, 3, '2017-08-31', '2017-08-31'),
(868, 1, 6, 0, '2017-08-28', 3, 3, '2017-08-31', '2017-08-31'),
(869, 2, 6, 24, '2017-08-28', 3, 3, '2017-08-31', '2017-08-31'),
(870, 4, 6, 0, '2017-08-28', 3, 3, '2017-08-31', '2017-08-31'),
(871, 5, 6, 0, '2017-08-28', 3, 3, '2017-08-31', '2017-08-31'),
(872, 6, 6, 0, '2017-08-28', 3, 3, '2017-08-31', '2017-08-31'),
(873, 7, 6, 0, '2017-08-28', 3, 3, '2017-08-31', '2017-08-31'),
(874, 1, 7, 0, '2017-08-28', 3, 3, '2017-08-31', '2017-08-31'),
(875, 2, 7, 6, '2017-08-28', 3, 3, '2017-08-31', '2017-08-31'),
(876, 4, 7, 0, '2017-08-28', 3, 3, '2017-08-31', '2017-08-31'),
(877, 5, 7, 0, '2017-08-28', 3, 3, '2017-08-31', '2017-08-31'),
(878, 6, 7, 0, '2017-08-28', 3, 3, '2017-08-31', '2017-08-31'),
(879, 7, 7, 0, '2017-08-28', 3, 3, '2017-08-31', '2017-08-31'),
(880, 1, 1, 53, '2017-08-29', 3, 3, '2017-08-31', '2017-08-31'),
(881, 2, 1, 35, '2017-08-29', 3, 3, '2017-08-31', '2017-08-31'),
(882, 4, 1, 7, '2017-08-29', 3, 3, '2017-08-31', '2017-08-31'),
(883, 5, 1, 0, '2017-08-29', 3, 3, '2017-08-31', '2017-08-31'),
(884, 6, 1, 0, '2017-08-29', 3, 3, '2017-08-31', '2017-08-31'),
(885, 7, 1, 0, '2017-08-29', 3, 3, '2017-08-31', '2017-08-31'),
(886, 1, 2, 0, '2017-08-29', 3, 3, '2017-08-31', '2017-08-31'),
(887, 2, 2, 29, '2017-08-29', 3, 3, '2017-08-31', '2017-08-31'),
(888, 4, 2, 0, '2017-08-29', 3, 3, '2017-08-31', '2017-08-31'),
(889, 5, 2, 0, '2017-08-29', 3, 3, '2017-08-31', '2017-08-31'),
(890, 6, 2, 0, '2017-08-29', 3, 3, '2017-08-31', '2017-08-31'),
(891, 7, 2, 0, '2017-08-29', 3, 3, '2017-08-31', '2017-08-31'),
(892, 1, 3, 0, '2017-08-29', 3, 3, '2017-08-31', '2017-08-31'),
(893, 2, 3, 15, '2017-08-29', 3, 3, '2017-08-31', '2017-08-31'),
(894, 4, 3, 0, '2017-08-29', 3, 3, '2017-08-31', '2017-08-31'),
(895, 5, 3, 0, '2017-08-29', 3, 3, '2017-08-31', '2017-08-31'),
(896, 6, 3, 0, '2017-08-29', 3, 3, '2017-08-31', '2017-08-31'),
(897, 7, 3, 0, '2017-08-29', 3, 3, '2017-08-31', '2017-08-31'),
(898, 1, 4, 39, '2017-08-29', 3, 3, '2017-08-31', '2017-08-31'),
(899, 2, 4, 38, '2017-08-29', 3, 3, '2017-08-31', '2017-08-31'),
(900, 4, 4, 0, '2017-08-29', 3, 3, '2017-08-31', '2017-08-31'),
(901, 5, 4, 0, '2017-08-29', 3, 3, '2017-08-31', '2017-08-31'),
(902, 6, 4, 0, '2017-08-29', 3, 3, '2017-08-31', '2017-08-31'),
(903, 7, 4, 0, '2017-08-29', 3, 3, '2017-08-31', '2017-08-31'),
(904, 1, 5, 29, '2017-08-29', 3, 3, '2017-08-31', '2017-08-31'),
(905, 2, 5, 13, '2017-08-29', 3, 3, '2017-08-31', '2017-08-31'),
(906, 4, 5, 0, '2017-08-29', 3, 3, '2017-08-31', '2017-08-31'),
(907, 5, 5, 0, '2017-08-29', 3, 3, '2017-08-31', '2017-08-31'),
(908, 6, 5, 0, '2017-08-29', 3, 3, '2017-08-31', '2017-08-31'),
(909, 7, 5, 0, '2017-08-29', 3, 3, '2017-08-31', '2017-08-31'),
(910, 1, 6, 0, '2017-08-29', 3, 3, '2017-08-31', '2017-08-31'),
(911, 2, 6, 7, '2017-08-29', 3, 3, '2017-08-31', '2017-08-31'),
(912, 4, 6, 0, '2017-08-29', 3, 3, '2017-08-31', '2017-08-31'),
(913, 5, 6, 0, '2017-08-29', 3, 3, '2017-08-31', '2017-08-31'),
(914, 6, 6, 0, '2017-08-29', 3, 3, '2017-08-31', '2017-08-31'),
(915, 7, 6, 0, '2017-08-29', 3, 3, '2017-08-31', '2017-08-31'),
(916, 1, 7, 0, '2017-08-29', 3, 3, '2017-08-31', '2017-08-31'),
(917, 2, 7, 12, '2017-08-29', 3, 3, '2017-08-31', '2017-08-31'),
(918, 4, 7, 0, '2017-08-29', 3, 3, '2017-08-31', '2017-08-31'),
(919, 5, 7, 0, '2017-08-29', 3, 3, '2017-08-31', '2017-08-31'),
(920, 6, 7, 0, '2017-08-29', 3, 3, '2017-08-31', '2017-08-31'),
(921, 7, 7, 0, '2017-08-29', 3, 3, '2017-08-31', '2017-08-31'),
(922, 1, 1, 43, '2017-08-31', 3, 3, '2017-09-05', '2017-09-05'),
(923, 2, 1, 8, '2017-08-31', 3, 3, '2017-09-05', '2017-09-05'),
(924, 4, 1, 7, '2017-08-31', 3, 3, '2017-09-05', '2017-09-05'),
(925, 5, 1, 0, '2017-08-31', 3, 3, '2017-09-05', '2017-09-05'),
(926, 6, 1, 0, '2017-08-31', 3, 3, '2017-09-05', '2017-09-05'),
(927, 7, 1, 0, '2017-08-31', 3, 3, '2017-09-05', '2017-09-05'),
(928, 1, 2, 0, '2017-08-31', 3, 3, '2017-09-05', '2017-09-05'),
(929, 2, 2, 13, '2017-08-31', 3, 3, '2017-09-05', '2017-09-05'),
(930, 4, 2, 0, '2017-08-31', 3, 3, '2017-09-05', '2017-09-05'),
(931, 5, 2, 0, '2017-08-31', 3, 3, '2017-09-05', '2017-09-05'),
(932, 6, 2, 0, '2017-08-31', 3, 3, '2017-09-05', '2017-09-05'),
(933, 7, 2, 0, '2017-08-31', 3, 3, '2017-09-05', '2017-09-05'),
(934, 1, 3, 0, '2017-08-31', 3, 3, '2017-09-05', '2017-09-05'),
(935, 2, 3, 2, '2017-08-31', 3, 3, '2017-09-05', '2017-09-05'),
(936, 4, 3, 0, '2017-08-31', 3, 3, '2017-09-05', '2017-09-05'),
(937, 5, 3, 0, '2017-08-31', 3, 3, '2017-09-05', '2017-09-05'),
(938, 6, 3, 0, '2017-08-31', 3, 3, '2017-09-05', '2017-09-05'),
(939, 7, 3, 0, '2017-08-31', 3, 3, '2017-09-05', '2017-09-05'),
(940, 1, 4, 9, '2017-08-31', 3, 3, '2017-09-05', '2017-09-05'),
(941, 2, 4, 17, '2017-08-31', 3, 3, '2017-09-05', '2017-09-05'),
(942, 4, 4, 0, '2017-08-31', 3, 3, '2017-09-05', '2017-09-05'),
(943, 5, 4, 0, '2017-08-31', 3, 3, '2017-09-05', '2017-09-05'),
(944, 6, 4, 0, '2017-08-31', 3, 3, '2017-09-05', '2017-09-05'),
(945, 7, 4, 0, '2017-08-31', 3, 3, '2017-09-05', '2017-09-05'),
(946, 1, 5, 3, '2017-08-31', 3, 3, '2017-09-05', '2017-09-05'),
(947, 2, 5, 1, '2017-08-31', 3, 3, '2017-09-05', '2017-09-05'),
(948, 4, 5, 0, '2017-08-31', 3, 3, '2017-09-05', '2017-09-05'),
(949, 5, 5, 0, '2017-08-31', 3, 3, '2017-09-05', '2017-09-05'),
(950, 6, 5, 0, '2017-08-31', 3, 3, '2017-09-05', '2017-09-05'),
(951, 7, 5, 0, '2017-08-31', 3, 3, '2017-09-05', '2017-09-05'),
(952, 1, 6, 0, '2017-08-31', 3, 3, '2017-09-05', '2017-09-05'),
(953, 2, 6, 4, '2017-08-31', 3, 3, '2017-09-05', '2017-09-05'),
(954, 4, 6, 0, '2017-08-31', 3, 3, '2017-09-05', '2017-09-05'),
(955, 5, 6, 0, '2017-08-31', 3, 3, '2017-09-05', '2017-09-05'),
(956, 6, 6, 0, '2017-08-31', 3, 3, '2017-09-05', '2017-09-05'),
(957, 7, 6, 0, '2017-08-31', 3, 3, '2017-09-05', '2017-09-05'),
(958, 1, 7, 0, '2017-08-31', 3, 3, '2017-09-05', '2017-09-05'),
(959, 2, 7, 18, '2017-08-31', 3, 3, '2017-09-05', '2017-09-05'),
(960, 4, 7, 0, '2017-08-31', 3, 3, '2017-09-05', '2017-09-05'),
(961, 5, 7, 0, '2017-08-31', 3, 3, '2017-09-05', '2017-09-05'),
(962, 6, 7, 0, '2017-08-31', 3, 3, '2017-09-05', '2017-09-05'),
(963, 7, 7, 0, '2017-08-31', 3, 3, '2017-09-05', '2017-09-05'),
(964, 1, 1, 82, '2017-08-27', 3, 3, '2017-09-07', '2017-09-07'),
(965, 2, 1, 65, '2017-08-27', 3, 3, '2017-09-07', '2017-09-07'),
(966, 4, 1, 5, '2017-08-27', 3, 3, '2017-09-07', '2017-09-07'),
(967, 5, 1, 0, '2017-08-27', 3, 3, '2017-09-07', '2017-09-07'),
(968, 6, 1, 0, '2017-08-27', 3, 3, '2017-09-07', '2017-09-07'),
(969, 7, 1, 0, '2017-08-27', 3, 3, '2017-09-07', '2017-09-07'),
(970, 1, 2, 0, '2017-08-27', 3, 3, '2017-09-07', '2017-09-07'),
(971, 2, 2, 6, '2017-08-27', 3, 3, '2017-09-07', '2017-09-07'),
(972, 4, 2, 0, '2017-08-27', 3, 3, '2017-09-07', '2017-09-07'),
(973, 5, 2, 0, '2017-08-27', 3, 3, '2017-09-07', '2017-09-07'),
(974, 6, 2, 0, '2017-08-27', 3, 3, '2017-09-07', '2017-09-07'),
(975, 7, 2, 0, '2017-08-27', 3, 3, '2017-09-07', '2017-09-07'),
(976, 1, 3, 0, '2017-08-27', 3, 3, '2017-09-07', '2017-09-07'),
(977, 2, 3, 13, '2017-08-27', 3, 3, '2017-09-07', '2017-09-07'),
(978, 4, 3, 0, '2017-08-27', 3, 3, '2017-09-07', '2017-09-07'),
(979, 5, 3, 0, '2017-08-27', 3, 3, '2017-09-07', '2017-09-07'),
(980, 6, 3, 0, '2017-08-27', 3, 3, '2017-09-07', '2017-09-07'),
(981, 7, 3, 0, '2017-08-27', 3, 3, '2017-09-07', '2017-09-07'),
(982, 1, 4, 25, '2017-08-27', 3, 3, '2017-09-07', '2017-09-07'),
(983, 2, 4, 34, '2017-08-27', 3, 3, '2017-09-07', '2017-09-07'),
(984, 4, 4, 0, '2017-08-27', 3, 3, '2017-09-07', '2017-09-07'),
(985, 5, 4, 0, '2017-08-27', 3, 3, '2017-09-07', '2017-09-07'),
(986, 6, 4, 0, '2017-08-27', 3, 3, '2017-09-07', '2017-09-07'),
(987, 7, 4, 0, '2017-08-27', 3, 3, '2017-09-07', '2017-09-07'),
(988, 1, 5, 47, '2017-08-27', 3, 3, '2017-09-07', '2017-09-07'),
(989, 2, 5, 22, '2017-08-27', 3, 3, '2017-09-07', '2017-09-07'),
(990, 4, 5, 0, '2017-08-27', 3, 3, '2017-09-07', '2017-09-07'),
(991, 5, 5, 0, '2017-08-27', 3, 3, '2017-09-07', '2017-09-07'),
(992, 6, 5, 0, '2017-08-27', 3, 3, '2017-09-07', '2017-09-07'),
(993, 7, 5, 0, '2017-08-27', 3, 3, '2017-09-07', '2017-09-07'),
(994, 1, 6, 0, '2017-08-27', 3, 3, '2017-09-07', '2017-09-07'),
(995, 2, 6, 7, '2017-08-27', 3, 3, '2017-09-07', '2017-09-07'),
(996, 4, 6, 0, '2017-08-27', 3, 3, '2017-09-07', '2017-09-07'),
(997, 5, 6, 0, '2017-08-27', 3, 3, '2017-09-07', '2017-09-07'),
(998, 6, 6, 0, '2017-08-27', 3, 3, '2017-09-07', '2017-09-07'),
(999, 7, 6, 0, '2017-08-27', 3, 3, '2017-09-07', '2017-09-07'),
(1000, 1, 7, 0, '2017-08-27', 3, 3, '2017-09-07', '2017-09-07'),
(1001, 2, 7, 12, '2017-08-27', 3, 3, '2017-09-07', '2017-09-07'),
(1002, 4, 7, 0, '2017-08-27', 3, 3, '2017-09-07', '2017-09-07'),
(1003, 5, 7, 0, '2017-08-27', 3, 3, '2017-09-07', '2017-09-07'),
(1004, 6, 7, 0, '2017-08-27', 3, 3, '2017-09-07', '2017-09-07'),
(1005, 7, 7, 0, '2017-08-27', 3, 3, '2017-09-07', '2017-09-07');

-- --------------------------------------------------------

--
-- Table structure for table `ut_mis_income_items`
--

CREATE TABLE `ut_mis_income_items` (
  `income_item_row_id` int(11) NOT NULL,
  `title` varchar(255) NOT NULL,
  `sort_order` int(11) NOT NULL,
  `status` tinyint(1) NOT NULL DEFAULT '1' COMMENT ' 1 ~ means active, 0 ~ means Inactive',
  `created_by` int(11) NOT NULL,
  `updated_by` int(11) NOT NULL,
  `created_at` date NOT NULL,
  `updated_at` date NOT NULL
) ENGINE=InnoDB DEFAULT CHARSET=latin1;

--
-- Dumping data for table `ut_mis_income_items`
--

INSERT INTO `ut_mis_income_items` (`income_item_row_id`, `title`, `sort_order`, `status`, `created_by`, `updated_by`, `created_at`, `updated_at`) VALUES
(1, 'General Kupon', 1, 1, 2, 2, '2017-07-05', '2017-07-05'),
(2, 'Refraction Kupon', 2, 1, 2, 2, '2017-07-05', '2017-07-05'),
(3, 'Patholgy Test', 3, 1, 2, 2, '2017-07-05', '2017-07-05'),
(4, 'ECG Test', 4, 1, 2, 2, '2017-07-05', '2017-07-05'),
(5, 'USG', 5, 1, 2, 2, '2017-07-05', '2017-07-05'),
(6, 'Nibulizer', 6, 1, 2, 2, '2017-07-05', '2017-07-05'),
(7, 'X-RAY', 7, 1, 3, 3, '2017-08-05', '2017-08-05'),
(8, 'OT Admission', 8, 1, 3, 3, '2017-08-05', '2017-08-05'),
(9, 'Package', 9, 1, 3, 3, '2017-08-09', '2017-08-09'),
(10, 'OT Charge', 10, 1, 3, 3, '2017-08-09', '2017-08-09'),
(11, 'oTHERS', 11, 1, 3, 3, '2017-08-20', '2017-08-20');

-- --------------------------------------------------------

--
-- Table structure for table `ut_mis_pathology_items`
--

CREATE TABLE `ut_mis_pathology_items` (
  `pathology_item_row_id` int(11) NOT NULL,
  `title` varchar(255) NOT NULL,
  `sort_order` int(11) NOT NULL,
  `status` tinyint(1) NOT NULL DEFAULT '1' COMMENT ' 1 ~ means active, 0 ~ means Inactive',
  `created_by` int(11) NOT NULL,
  `updated_by` int(11) NOT NULL,
  `created_at` date NOT NULL,
  `updated_at` date NOT NULL
) ENGINE=InnoDB DEFAULT CHARSET=latin1;

--
-- Dumping data for table `ut_mis_pathology_items`
--

INSERT INTO `ut_mis_pathology_items` (`pathology_item_row_id`, `title`, `sort_order`, `status`, `created_by`, `updated_by`, `created_at`, `updated_at`) VALUES
(1, 'Pathology Patient', 1, 1, 2, 2, '2017-07-04', '2017-07-04'),
(2, 'Pathology Test', 2, 1, 2, 2, '2017-07-04', '2017-07-04'),
(3, 'ECG Test 6-1', 3, 1, 2, 2, '2017-07-04', '2017-07-04'),
(4, 'USG Test', 4, 1, 2, 2, '2017-07-04', '2017-07-04'),
(5, 'Nibulizer', 5, 1, 2, 2, '2017-07-04', '2017-07-04'),
(6, 'Others', 8, 1, 2, 3, '2017-07-04', '2017-08-05'),
(7, 'X- RAY Patient', 6, 1, 3, 3, '2017-08-05', '2017-08-05'),
(8, 'X-RAY Test', 7, 1, 3, 3, '2017-08-05', '2017-08-05');

-- --------------------------------------------------------

--
-- Table structure for table `ut_mis_patient_types`
--

CREATE TABLE `ut_mis_patient_types` (
  `patient_type_row_id` int(11) NOT NULL,
  `title` varchar(255) NOT NULL,
  `sort_order` int(11) NOT NULL,
  `status` tinyint(1) NOT NULL DEFAULT '1' COMMENT ' 1 ~ means active, 0 ~ means Inactive',
  `created_by` int(11) NOT NULL,
  `updated_by` int(11) NOT NULL,
  `created_at` date NOT NULL,
  `updated_at` date NOT NULL
) ENGINE=InnoDB DEFAULT CHARSET=latin1;

--
-- Dumping data for table `ut_mis_patient_types`
--

INSERT INTO `ut_mis_patient_types` (`patient_type_row_id`, `title`, `sort_order`, `status`, `created_by`, `updated_by`, `created_at`, `updated_at`) VALUES
(1, 'Eye Patient', 1, 1, 2, 2, '2017-06-19', '2017-07-04'),
(2, 'Medicine Patient', 2, 1, 2, 2, '2017-06-19', '2017-06-19'),
(3, 'Cardiac Patient', 3, 0, 2, 2, '2017-06-19', '2017-06-19'),
(4, 'Gynae Patient', 4, 1, 2, 2, '2017-06-19', '2017-07-04'),
(5, 'OT Admission', 5, 1, 3, 3, '2017-08-05', '2017-08-05'),
(6, 'Refection Kupon', 6, 1, 3, 3, '2017-08-05', '2017-08-05'),
(7, 'ENT Patient', 7, 1, 3, 3, '2017-08-16', '2017-08-16'),
(8, 'ENT Patient', 15, 0, 3, 3, '2017-08-20', '2017-08-20');

-- --------------------------------------------------------

--
-- Table structure for table `ut_mis_reliefs`
--

CREATE TABLE `ut_mis_reliefs` (
  `relief_row_id` int(11) NOT NULL,
  `relief_area_row_id` int(11) NOT NULL,
  `location` text NOT NULL,
  `item_id` int(11) NOT NULL COMMENT 'Item id no of item array',
  `amount` decimal(14,0) NOT NULL COMMENT 'Number Of Donation',
  `date` date NOT NULL,
  `created_by` int(11) NOT NULL,
  `updated_by` int(11) NOT NULL,
  `created_at` date NOT NULL,
  `updated_at` date NOT NULL
) ENGINE=InnoDB DEFAULT CHARSET=latin1;

--
-- Dumping data for table `ut_mis_reliefs`
--

INSERT INTO `ut_mis_reliefs` (`relief_row_id`, `relief_area_row_id`, `location`, `item_id`, `amount`, `date`, `created_by`, `updated_by`, `created_at`, `updated_at`) VALUES
(1, 1, 'Jamalpur Dictrict', 3, '4002', '2017-08-30', 3, 3, '2017-08-30', '2017-08-30');

-- --------------------------------------------------------

--
-- Table structure for table `ut_mis_relief_areas`
--

CREATE TABLE `ut_mis_relief_areas` (
  `relief_area_row_id` int(11) NOT NULL,
  `area_name` varchar(255) NOT NULL,
  `sort_order` int(11) NOT NULL DEFAULT '0',
  `status` int(3) NOT NULL DEFAULT '1',
  `created_by` int(11) NOT NULL,
  `updated_by` int(11) NOT NULL,
  `created_at` datetime NOT NULL DEFAULT CURRENT_TIMESTAMP ON UPDATE CURRENT_TIMESTAMP,
  `updated_at` datetime NOT NULL DEFAULT CURRENT_TIMESTAMP ON UPDATE CURRENT_TIMESTAMP
) ENGINE=InnoDB DEFAULT CHARSET=latin1 ROW_FORMAT=DYNAMIC;

--
-- Dumping data for table `ut_mis_relief_areas`
--

INSERT INTO `ut_mis_relief_areas` (`relief_area_row_id`, `area_name`, `sort_order`, `status`, `created_by`, `updated_by`, `created_at`, `updated_at`) VALUES
(1, 'Jamalpur', 1, 1, 2, 2, '2017-07-20 12:50:35', '2017-07-20 06:50:35'),
(2, 'Kishorgonj', 2, 1, 2, 2, '2017-07-20 13:06:52', '2017-07-20 13:06:52'),
(3, 'Munshigonj', 3, 1, 2, 2, '2017-07-20 12:32:57', '2017-07-20 12:32:57'),
(4, 'Feni', 4, 1, 2, 2, '2017-07-20 12:33:53', '2017-07-20 12:33:53'),
(5, 'Dhaka (Savar  Ashulia)', 5, 1, 2, 2, '2017-07-20 12:59:10', '2017-07-20 06:59:10'),
(6, 'Others', 6, 1, 2, 2, '2017-07-20 12:35:12', '2017-07-20 12:35:12');

-- --------------------------------------------------------

--
-- Table structure for table `ut_mis_tree_plantations`
--

CREATE TABLE `ut_mis_tree_plantations` (
  `tree_plantation_row_id` int(11) NOT NULL,
  `relief_area_row_id` int(11) NOT NULL,
  `location` text NOT NULL,
  `amount` decimal(14,0) NOT NULL COMMENT 'Number Of Donation',
  `date` date NOT NULL,
  `created_by` int(11) NOT NULL,
  `updated_by` int(11) NOT NULL,
  `created_at` date NOT NULL,
  `updated_at` date NOT NULL
) ENGINE=InnoDB DEFAULT CHARSET=latin1;

-- --------------------------------------------------------

--
-- Table structure for table `ut_project_heads`
--

CREATE TABLE `ut_project_heads` (
  `project_head_row_id` int(11) NOT NULL,
  `head_row_id` int(11) NOT NULL,
  `budget_year` year(4) NOT NULL
) ENGINE=InnoDB DEFAULT CHARSET=latin1;

--
-- Dumping data for table `ut_project_heads`
--

INSERT INTO `ut_project_heads` (`project_head_row_id`, `head_row_id`, `budget_year`) VALUES
(1, 47, 2017),
(2, 48, 2017),
(3, 49, 2017),
(4, 50, 2017),
(5, 51, 2017),
(6, 68, 2017),
(7, 69, 2017),
(8, 70, 2017),
(9, 71, 2017),
(10, 72, 2017),
(11, 73, 2017),
(12, 74, 2017),
(13, 75, 2017),
(14, 76, 2017),
(15, 77, 2017),
(16, 89, 2017),
(17, 90, 2017),
(18, 63, 2017),
(19, 64, 2017),
(20, 65, 2017),
(21, 66, 2017),
(22, 67, 2017),
(23, 61, 2017),
(24, 62, 2017),
(25, 57, 2017),
(26, 58, 2017),
(27, 59, 2017),
(28, 60, 2017),
(29, 83, 2017),
(30, 52, 2017),
(31, 53, 2017),
(32, 54, 2017),
(33, 55, 2017),
(34, 56, 2017),
(35, 84, 2017),
(36, 85, 2017),
(37, 86, 2017),
(38, 87, 2017),
(39, 88, 2017);

-- --------------------------------------------------------

--
-- Table structure for table `ut_upazila`
--

CREATE TABLE `ut_upazila` (
  `id` int(11) NOT NULL,
  `full_name` varchar(255) COLLATE utf8_unicode_ci NOT NULL,
  `short_name` varchar(20) COLLATE utf8_unicode_ci NOT NULL,
  `code` int(11) NOT NULL,
  `district_id` int(11) NOT NULL,
  `created_at` datetime NOT NULL,
  `updated_at` datetime NOT NULL
) ENGINE=InnoDB DEFAULT CHARSET=utf8 COLLATE=utf8_unicode_ci;

--
-- Dumping data for table `ut_upazila`
--

INSERT INTO `ut_upazila` (`id`, `full_name`, `short_name`, `code`, `district_id`, `created_at`, `updated_at`) VALUES
(1, 'DCC North', '01', 200, 1, '2014-09-14 19:33:23', '2014-09-14 19:33:23'),
(2, 'DCC South', '02', 200, 1, '2014-09-14 19:33:23', '2014-09-14 19:33:23'),
(3, 'Dhamrai', '03', 200, 1, '2014-09-14 19:33:23', '2014-09-14 19:33:23'),
(4, 'Dohar', '04', 200, 1, '2014-09-14 19:33:23', '2014-09-14 19:33:23'),
(5, 'Keraniganj', '05', 200, 1, '2014-09-14 19:33:23', '2014-09-14 19:33:23'),
(6, 'Nawabganj', '06', 200, 1, '2014-09-14 19:33:23', '2014-09-14 19:33:23'),
(7, 'Savar', '07', 200, 1, '2014-10-17 04:15:47', '2014-10-17 04:15:47'),
(8, 'Gazipur Sadar', '01', 18, 9, '2014-10-17 06:00:43', '2014-10-17 06:00:43'),
(12, 'Kaliakair', '02', 200, 9, '2014-10-27 21:48:37', '2014-10-27 21:48:37'),
(13, 'Kaliganj', '03', 200, 9, '2014-10-27 21:49:39', '2014-10-27 21:49:39'),
(14, 'Kapasia', '04', 200, 9, '2014-10-27 21:50:06', '2014-10-27 21:50:06'),
(15, 'Sreepur', '05', 200, 9, '2014-10-27 21:50:48', '2014-10-27 21:50:48'),
(16, 'Tangail Sadar', '06', 200, 12, '2014-10-27 21:52:01', '2014-10-27 21:52:01'),
(17, 'Gopalpur', '07', 200, 12, '2014-10-27 21:52:30', '2014-10-27 21:52:30'),
(18, 'Basail', '08', 200, 12, '2014-10-27 21:53:02', '2014-10-27 21:53:02'),
(19, 'Basail', '09', 200, 12, '0000-00-00 00:00:00', '0000-00-00 00:00:00'),
(20, 'Bhuapur', '10', 200, 12, '0000-00-00 00:00:00', '0000-00-00 00:00:00'),
(21, 'Delduar', '11', 200, 12, '0000-00-00 00:00:00', '0000-00-00 00:00:00'),
(22, 'Ghatail', '12', 200, 12, '0000-00-00 00:00:00', '0000-00-00 00:00:00'),
(23, 'Kalihati', '13', 200, 12, '0000-00-00 00:00:00', '0000-00-00 00:00:00'),
(24, 'Madhupur', '14', 200, 12, '0000-00-00 00:00:00', '0000-00-00 00:00:00'),
(25, 'Mirzapur', '15', 200, 12, '0000-00-00 00:00:00', '0000-00-00 00:00:00'),
(26, 'Nagarpur', '16', 200, 12, '0000-00-00 00:00:00', '0000-00-00 00:00:00'),
(27, 'Sakhipur', '17', 200, 12, '0000-00-00 00:00:00', '0000-00-00 00:00:00'),
(28, 'Dhanbari', '18', 200, 12, '0000-00-00 00:00:00', '0000-00-00 00:00:00'),
(29, 'Astagram', '25', 200, 18, '0000-00-00 00:00:00', '0000-00-00 00:00:00'),
(30, 'Bajitpur', '26', 200, 18, '0000-00-00 00:00:00', '0000-00-00 00:00:00'),
(31, 'Bhairab', '27', 200, 18, '0000-00-00 00:00:00', '0000-00-00 00:00:00'),
(32, 'Hossainpur', '28', 200, 18, '0000-00-00 00:00:00', '0000-00-00 00:00:00'),
(33, 'Itna', '29', 200, 18, '0000-00-00 00:00:00', '0000-00-00 00:00:00'),
(34, 'Karimganj', '30', 200, 18, '0000-00-00 00:00:00', '0000-00-00 00:00:00'),
(35, 'Katiadi', '31', 200, 18, '0000-00-00 00:00:00', '0000-00-00 00:00:00'),
(36, 'Kishoreganj Sadar', '33', 200, 18, '0000-00-00 00:00:00', '0000-00-00 00:00:00'),
(37, 'Kuliarchar', '34', 200, 18, '0000-00-00 00:00:00', '0000-00-00 00:00:00'),
(38, 'Mithamain', '35', 200, 18, '0000-00-00 00:00:00', '0000-00-00 00:00:00'),
(39, 'Nikli', '36', 200, 18, '0000-00-00 00:00:00', '0000-00-00 00:00:00'),
(40, 'Pakundia', '37', 200, 18, '0000-00-00 00:00:00', '0000-00-00 00:00:00'),
(41, 'Tarail', '38', 200, 18, '0000-00-00 00:00:00', '0000-00-00 00:00:00'),
(42, 'Araihazar', '01', 200, 11, '0000-00-00 00:00:00', '0000-00-00 00:00:00'),
(43, 'Bandar', '02', 200, 11, '0000-00-00 00:00:00', '0000-00-00 00:00:00'),
(44, 'Narayanganj Sadar', '03', 200, 11, '0000-00-00 00:00:00', '0000-00-00 00:00:00'),
(45, 'Rupganj', '04', 200, 11, '0000-00-00 00:00:00', '0000-00-00 00:00:00'),
(46, 'Sonargaon', '05', 200, 11, '0000-00-00 00:00:00', '0000-00-00 00:00:00'),
(47, 'Fatullah', '06', 200, 11, '0000-00-00 00:00:00', '0000-00-00 00:00:00'),
(48, 'Siddhirganj', '07', 200, 11, '0000-00-00 00:00:00', '0000-00-00 00:00:00'),
(49, 'Daulatpur', '14', 200, 8, '0000-00-00 00:00:00', '0000-00-00 00:00:00'),
(50, 'Ghior', '09', 200, 8, '0000-00-00 00:00:00', '0000-00-00 00:00:00'),
(51, 'Harirampur', '10', 200, 8, '0000-00-00 00:00:00', '0000-00-00 00:00:00'),
(52, 'Manikgonj Sadar', '11', 200, 8, '0000-00-00 00:00:00', '0000-00-00 00:00:00'),
(53, 'Saturia', '12', 200, 8, '0000-00-00 00:00:00', '0000-00-00 00:00:00'),
(54, 'Shivalaya', '13', 200, 8, '0000-00-00 00:00:00', '0000-00-00 00:00:00'),
(55, 'Singair', '08', 200, 8, '0000-00-00 00:00:00', '0000-00-00 00:00:00'),
(56, 'Narsingdi Sadar', '15', 200, 19, '0000-00-00 00:00:00', '0000-00-00 00:00:00'),
(57, 'Belabo', '16', 200, 19, '0000-00-00 00:00:00', '0000-00-00 00:00:00'),
(58, 'Monohardi', '17', 200, 19, '0000-00-00 00:00:00', '0000-00-00 00:00:00'),
(59, 'Palash', '18', 200, 19, '0000-00-00 00:00:00', '0000-00-00 00:00:00'),
(60, 'Raipura', '19', 200, 19, '0000-00-00 00:00:00', '0000-00-00 00:00:00'),
(61, 'Shibpur', '20', 200, 19, '0000-00-00 00:00:00', '0000-00-00 00:00:00'),
(62, 'Gazaria', '21', 200, 15, '0000-00-00 00:00:00', '0000-00-00 00:00:00'),
(63, 'Lohajang', '22', 200, 15, '0000-00-00 00:00:00', '0000-00-00 00:00:00'),
(64, 'Munshiganj Sadar', '23', 200, 15, '0000-00-00 00:00:00', '0000-00-00 00:00:00'),
(65, 'Sirajdikhan', '24', 200, 15, '0000-00-00 00:00:00', '0000-00-00 00:00:00'),
(66, 'Sreenagar', '25', 200, 15, '0000-00-00 00:00:00', '0000-00-00 00:00:00'),
(67, 'Tongibari', '26', 200, 15, '0000-00-00 00:00:00', '0000-00-00 00:00:00'),
(68, 'Ajmiriganj', '01', 1, 56, '2014-10-28 15:21:56', '2014-10-28 15:21:56'),
(69, 'Bahubal', '02', 200, 56, '2014-10-28 15:24:32', '2014-10-28 15:24:32'),
(70, 'Baniyachong', '03', 200, 56, '2014-10-28 15:25:21', '2014-10-28 15:25:21'),
(71, 'Chunarughat', '04', 200, 56, '2014-10-28 15:25:58', '2014-10-28 15:25:58'),
(72, 'Habiganj Sadar', '05', 200, 56, '2014-10-28 15:26:31', '2014-10-28 15:26:31'),
(73, 'Lakhai', '06', 200, 56, '2014-10-28 15:27:07', '2014-10-28 15:27:07'),
(74, 'Madhabpur', '07', 200, 56, '2014-10-28 15:27:40', '2014-10-28 15:27:40'),
(75, 'Nabiganj', '08', 200, 56, '2014-10-28 15:28:23', '2014-10-28 15:28:23'),
(76, 'Barlekha', '09', 200, 55, '2014-10-28 15:29:09', '2014-10-28 15:29:09'),
(77, 'Kamalganj', '10', 200, 55, '2014-10-28 15:29:59', '2014-10-28 15:29:59'),
(78, 'Kulaura', '11', 200, 55, '2014-10-28 15:30:30', '2014-10-28 15:30:30'),
(79, 'Moulvibazar Sadar', '12', 200, 55, '2014-10-28 15:31:01', '2014-10-28 15:31:01'),
(80, 'Rajnagar', '13', 200, 55, '2014-10-28 15:31:40', '2014-10-28 15:31:40'),
(81, 'Sreemangal', '14', 200, 55, '2014-10-28 15:35:51', '2014-10-28 15:35:51'),
(82, 'Juri', '15', 200, 55, '2014-10-28 15:36:21', '2014-10-28 15:36:21'),
(83, 'Bishwamvarpur', '16', 200, 57, '2014-10-28 15:38:01', '2014-10-28 15:38:01'),
(84, 'Chhatak', '17', 200, 57, '2014-10-28 15:38:42', '2014-10-28 15:38:42'),
(85, 'Derai', '18', 200, 57, '2014-10-28 15:39:17', '2014-10-28 15:39:17'),
(86, 'Dharampasha', '19', 200, 57, '2014-10-28 15:39:52', '2014-10-28 15:39:52'),
(87, 'Dowarabazar', '20', 200, 57, '2014-10-28 15:40:25', '2014-10-28 15:40:25'),
(88, 'Jagannathpur', '21', 200, 57, '2014-10-28 15:41:07', '2014-10-28 15:41:07'),
(89, 'Jamalganj', '22', 200, 57, '2014-10-28 15:43:05', '2014-10-28 15:43:05'),
(90, 'Sullah', '23', 200, 57, '2014-10-28 15:44:07', '2014-10-28 15:44:07'),
(91, 'Sunamganj	Sadar', '24', 200, 57, '2014-10-28 15:45:59', '2014-10-28 15:45:59'),
(92, 'Tahirpur', '25', 200, 57, '2014-10-28 15:46:38', '2014-10-28 15:46:38'),
(93, 'South Sunamganj', '26', 200, 57, '2014-10-28 15:47:28', '2014-10-28 15:47:28'),
(94, 'Balaganj', '27', 200, 6, '2014-10-28 15:48:54', '2014-10-28 15:48:54'),
(95, 'Beanibazar', '28', 200, 6, '2014-10-28 15:49:42', '2014-10-28 15:49:42'),
(96, 'Bishwanath', '29', 200, 6, '2014-10-28 15:50:10', '2014-10-28 15:50:10'),
(97, 'Companigonj', '30', 200, 6, '2014-10-28 15:50:46', '2014-10-28 15:50:46'),
(98, 'Fenchuganj', '31', 200, 6, '2014-10-28 15:51:11', '2014-10-28 15:51:11'),
(99, 'Golapganj', '32', 200, 6, '2014-10-28 15:51:51', '2014-10-28 15:51:51'),
(100, 'Gowainghat', '33', 200, 6, '2014-10-28 15:52:55', '2014-10-28 15:52:55'),
(101, 'Jaintiapur', '34', 200, 6, '2014-10-28 15:53:31', '2014-10-28 15:53:31'),
(102, 'Kanaighat', '35', 200, 6, '2014-10-28 15:54:04', '2014-10-28 15:54:04'),
(103, 'Sylhet Sadar', '36', 200, 6, '2014-10-28 15:54:48', '2014-10-28 15:54:48'),
(104, 'Zakiganj', '37', 200, 6, '2014-10-28 15:55:15', '2014-10-28 15:55:15'),
(105, 'South Shurma', '38', 200, 6, '2014-10-28 15:55:45', '2014-10-28 15:55:45'),
(106, 'Birampur', '01', 9, 58, '2014-10-28 16:05:32', '2014-10-28 16:05:32'),
(107, 'Birganj', '02', 9, 58, '2014-10-28 16:06:19', '2014-10-28 16:06:19'),
(108, 'Biral', '03', 9, 58, '2014-10-28 16:06:50', '2014-10-28 16:06:50'),
(109, 'Bochaganj', '04', 9, 58, '2014-10-28 16:07:26', '2014-10-28 16:07:26'),
(110, 'Chirirbandar', '05', 9, 58, '2014-10-28 16:08:44', '2014-10-28 16:08:44'),
(111, 'Phulbari', '06', 9, 58, '2014-10-28 16:12:01', '2014-10-28 16:12:01'),
(112, 'Ghoraghat', '07', 9, 58, '2014-10-28 16:12:39', '2014-10-28 16:12:39'),
(113, 'Hakimpur', '08', 900, 58, '2014-10-28 16:13:34', '2014-10-28 16:13:34'),
(114, 'Kaharole', '09', 900, 58, '2014-10-28 16:14:08', '2014-10-28 16:14:08'),
(115, 'Khansama', '10', 900, 58, '2014-10-28 16:14:38', '2014-10-28 16:14:38'),
(116, 'Dinajpur Sadar', '11', 900, 58, '2014-10-28 16:15:11', '2014-10-28 16:15:11'),
(117, 'Nawabganj', '12', 900, 58, '2014-10-28 16:15:43', '2014-10-28 16:15:43'),
(118, 'Parbatipur', '13', 900, 58, '2014-10-28 16:16:10', '2014-10-28 16:16:10'),
(119, 'Phulchhari', '14', 900, 59, '2014-10-28 16:16:53', '2014-10-28 16:16:53'),
(120, 'Gaibandha Sadar', '15', 900, 59, '2014-10-28 16:17:38', '2014-10-28 16:17:38'),
(121, 'Gobindaganj', '16', 900, 59, '2014-10-28 16:18:23', '2014-10-28 16:18:23'),
(122, 'Palashbari', '17', 900, 59, '2014-10-28 16:19:04', '2014-10-28 16:19:04'),
(123, 'Sadullapur', '18', 900, 59, '2014-10-28 16:19:31', '2014-10-28 16:19:31'),
(124, 'Sughatta', '19', 900, 59, '2014-10-28 16:20:03', '2014-10-28 16:20:03'),
(125, 'Sundarganj', '20', 900, 59, '2014-10-28 16:20:43', '2014-10-28 16:20:43'),
(126, 'Badarganj', '21', 900, 7, '2014-10-28 16:21:27', '2014-10-28 16:21:27'),
(127, 'Gangachhara', '22', 900, 7, '2014-10-28 16:21:56', '2014-10-28 16:21:56'),
(128, 'Kaunia', '23', 900, 7, '2014-10-28 16:22:35', '2014-10-28 16:22:35'),
(129, 'Rangpur Sadar', '24', 900, 7, '2014-10-28 16:23:05', '2014-10-28 16:23:05'),
(130, 'Mithapukur', '25', 900, 7, '2014-10-28 16:23:31', '2014-10-28 16:23:31'),
(131, 'Pirgachha', '26', 900, 7, '2014-10-28 16:23:59', '2014-10-28 16:23:59'),
(132, 'Pirganj', '27', 900, 7, '2014-10-28 16:24:27', '2014-10-28 16:24:27'),
(133, 'Taraganj', '28', 900, 7, '2014-10-28 16:24:53', '2014-10-28 16:24:53'),
(134, 'Baliadangi', '29', 900, 64, '2014-10-28 16:25:31', '2014-10-28 16:25:31'),
(135, 'Haripur', '30', 900, 64, '2014-10-28 16:26:00', '2014-10-28 16:26:00'),
(136, 'Pirganj', '31', 900, 64, '2014-10-28 16:26:29', '2014-10-28 16:26:29'),
(137, 'Ranisankail', '32', 900, 64, '2014-10-28 16:27:04', '2014-10-28 16:27:04'),
(138, 'Thakurgaon Sadar', '33', 900, 64, '2014-10-28 16:27:39', '2014-10-28 16:27:39'),
(139, 'Bhurungamari', '01', 100, 60, '2014-10-28 16:40:52', '2014-10-28 16:40:52'),
(140, 'Char	 Rajibpur', '02', 100, 60, '2014-10-28 16:41:57', '2014-10-28 16:41:57'),
(141, 'Chilmari', '03', 100, 60, '2014-10-28 16:42:33', '2014-10-28 16:42:33'),
(142, 'Phulbari', '04', 100, 60, '2014-10-28 16:43:18', '2014-10-28 16:43:18'),
(143, 'Kurigram	Sadar', '05', 100, 60, '2014-10-28 16:44:02', '2014-10-28 16:44:02'),
(144, 'Nageshwari', '06', 100, 60, '2014-10-28 16:44:37', '2014-10-28 16:44:37'),
(145, 'Rajarhat', '07', 100, 60, '2014-10-28 16:45:20', '2014-10-28 16:45:20'),
(146, 'Raomari', '08', 100, 60, '2014-10-28 16:45:51', '2014-10-28 16:45:51'),
(147, 'Ulipur', '09', 100, 60, '2014-10-28 16:46:25', '2014-10-28 16:46:25'),
(148, 'Aditmari', '10', 100, 61, '2014-10-28 16:47:02', '2014-10-28 16:47:02'),
(149, 'Hatibandha', '11', 100, 61, '2014-10-28 16:47:35', '2014-10-28 16:47:35'),
(150, 'Kaliganj', '12', 100, 61, '2014-10-28 16:48:20', '2014-10-28 16:48:20'),
(151, 'Lalmonirhat Sadar', '13', 100, 61, '2014-10-28 16:48:55', '2014-10-28 16:48:55'),
(152, 'Patgram', '14', 100, 61, '2014-10-28 16:49:26', '2014-10-28 16:49:26'),
(153, 'Dimla', '15', 100, 62, '2014-10-28 16:50:37', '2014-10-28 16:50:37'),
(154, 'Domar', '16', 100, 62, '2014-10-28 16:51:13', '2014-10-28 16:51:13'),
(155, 'Jaldhaka', '17', 100, 62, '2014-10-28 16:51:46', '2014-10-28 16:51:46'),
(156, 'Kishoreganj', '18', 100, 62, '2014-10-28 16:52:31', '2014-10-28 16:52:31'),
(157, 'Nilphamari Sadar', '19', 100, 62, '2014-10-28 16:53:07', '2014-10-28 16:53:07'),
(158, 'Saidpur', '20', 100, 62, '2014-10-28 16:53:36', '2014-10-28 16:53:36'),
(159, 'Atwari', '21', 100, 63, '2014-10-28 16:54:21', '2014-10-28 16:54:21'),
(160, 'Boda', '22', 100, 63, '2014-10-28 16:54:47', '2014-10-28 16:54:47'),
(161, 'Debiganj', '23', 100, 63, '2014-10-28 16:55:28', '2014-10-28 16:55:28'),
(162, 'Panchagarh Sadar', '24', 100, 63, '2014-10-28 16:56:12', '2014-10-28 16:56:12'),
(163, 'Tetulia', '25', 100, 63, '2014-10-28 16:56:40', '2014-10-28 16:56:40'),
(164, 'Bagha', '01', 700, 2, '2014-10-28 17:26:42', '2014-10-28 17:26:42'),
(165, 'Bagmara', '02', 700, 2, '2014-10-28 17:27:18', '2014-10-28 17:27:18'),
(166, 'Charghat', '03', 700, 2, '2014-10-28 17:28:01', '2014-10-28 17:28:01'),
(167, 'Durgapur', '04', 700, 2, '2014-10-28 17:28:31', '2014-10-28 17:28:31'),
(168, 'Godagari', '05', 700, 2, '2014-10-28 17:28:57', '2014-10-28 17:28:57'),
(169, 'Mohanpur', '06', 700, 2, '2014-10-28 17:29:23', '2014-10-28 17:29:23'),
(170, 'Paba', '07', 700, 2, '2014-10-28 17:29:52', '2014-10-28 17:29:52'),
(171, 'Puthia', '08', 700, 2, '2014-10-28 17:30:23', '2014-10-28 17:30:23'),
(172, 'Tanore', '09', 700, 2, '2014-10-28 17:30:50', '2014-10-28 17:30:50'),
(173, 'Boalia', '10', 700, 2, '2014-10-28 17:33:10', '2014-10-28 17:33:10'),
(174, 'Matihar', '11', 700, 2, '2014-10-28 17:33:34', '2014-10-28 17:33:34'),
(175, 'Rajpara', '12', 700, 2, '2014-10-28 17:34:05', '2014-10-28 17:34:05'),
(176, 'Shah Mokdum', '13', 700, 2, '2014-10-28 17:35:00', '2014-10-28 17:35:00'),
(177, 'Akkelpur', '14', 700, 25, '2014-10-28 17:35:41', '2014-10-28 17:35:41'),
(178, 'Joypurhat	Sadar', '15', 700, 25, '2014-10-28 17:36:49', '2014-10-28 17:36:49'),
(179, 'Kalai', '16', 700, 25, '2014-10-28 17:37:43', '2014-10-28 17:37:43'),
(180, 'Khetlal', '17', 200, 25, '2014-10-28 17:38:23', '2014-10-28 17:38:23'),
(181, 'Baksiganj', '01', 200, 14, '2014-10-28 17:38:37', '2014-10-28 17:38:37'),
(182, 'Panchbibi', '18', 700, 25, '2014-10-28 17:39:01', '2014-10-28 17:39:01'),
(183, 'Dewanganj', '02', 200, 14, '2014-10-28 17:39:08', '2014-10-28 17:39:08'),
(184, 'Islampur', '03', 200, 14, '2014-10-28 17:39:50', '2014-10-28 17:39:50'),
(185, 'Atrai', '19', 700, 26, '2014-10-28 17:40:26', '2014-10-28 17:40:26'),
(186, 'Badalgachhi', '20', 700, 26, '2014-10-28 17:41:00', '2014-10-28 17:41:00'),
(187, 'Manda', '21', 700, 26, '2014-10-28 17:41:30', '2014-10-28 17:41:30'),
(188, 'Dhamoirhat', '22', 700, 26, '2014-10-28 17:42:04', '2014-10-28 17:42:04'),
(189, 'Mohadevpur', '23', 700, 26, '2014-10-28 17:42:34', '2014-10-28 17:42:34'),
(190, 'Naogaon	Sadar', '24', 700, 26, '2014-10-28 17:43:04', '2014-10-28 17:43:04'),
(191, 'Niamatpur', '25', 700, 26, '2014-10-28 17:43:37', '2014-10-28 17:43:37'),
(192, 'Patnitala', '26', 700, 26, '2014-10-28 17:44:19', '2014-10-28 17:44:19'),
(193, 'Jamalpur Sadar', '05', 200, 14, '2014-10-28 17:44:27', '2014-10-28 17:44:27'),
(194, 'Porsha', '27', 700, 26, '2014-10-28 17:44:59', '2014-10-28 17:44:59'),
(195, 'Madarganj', '04', 200, 14, '2014-10-28 17:45:17', '2014-10-28 17:45:17'),
(196, 'Raninagar', '28', 700, 26, '2014-10-28 17:45:55', '2014-10-28 17:45:55'),
(197, 'Melandaha', '06', 200, 14, '2014-10-28 17:47:09', '2014-10-28 17:47:09'),
(198, 'Sapahar', '29', 700, 26, '2014-10-28 17:47:17', '2014-10-28 17:47:17'),
(199, 'Sarishabari', '07', 200, 14, '2014-10-28 17:47:36', '2014-10-28 17:47:36'),
(200, 'Bholahat', '30', 700, 28, '2014-10-28 17:48:46', '2014-10-28 17:48:46'),
(201, 'Gomastapur', '31', 700, 28, '2014-10-28 17:49:15', '2014-10-28 17:49:15'),
(202, 'Nachole', '32', 700, 28, '2014-10-28 17:49:43', '2014-10-28 17:49:43'),
(203, 'Nawabganj', '33', 700, 28, '2014-10-28 17:50:10', '2014-10-28 17:50:10'),
(204, 'Shibganj', '34', 700, 28, '2014-10-28 17:50:43', '2014-10-28 17:50:43'),
(205, 'Bhaluka', '08', 200, 10, '2014-10-28 17:50:47', '2014-10-28 17:50:47'),
(206, 'Dhobaura', '09', 200, 10, '2014-10-28 17:51:43', '2014-10-28 17:51:43'),
(207, 'Fulbaria', '10', 200, 10, '2014-10-28 17:52:12', '2014-10-28 17:52:12'),
(208, 'Gaffargaon', '11', 200, 10, '2014-10-28 17:53:14', '2014-10-28 17:53:14'),
(209, 'Gauripur', '12', 200, 10, '2014-10-28 17:54:53', '2014-10-28 17:54:53'),
(210, 'Haluaghat', '13', 200, 10, '2014-10-28 17:55:37', '2014-10-28 17:55:37'),
(211, 'Ishwarganj', '14', 200, 10, '2014-10-28 17:55:59', '2014-10-28 17:55:59'),
(212, 'Mymensingh Sadar', '15', 200, 10, '2014-10-28 17:56:34', '2014-10-28 17:56:34'),
(213, 'Muktagachha', '16', 200, 10, '2014-10-28 17:56:53', '2014-10-28 17:56:53'),
(214, 'Nandail', '17', 200, 10, '2014-10-28 17:57:13', '2014-10-28 17:57:13'),
(215, 'Adamdighi', '01', 800, 24, '2014-10-28 17:58:52', '2014-10-28 17:58:52'),
(216, 'Bogra Sadar', '02', 800, 24, '2014-10-28 17:59:37', '2014-10-28 17:59:37'),
(217, 'Dhunat', '03', 800, 24, '2014-10-28 18:00:06', '2014-10-28 18:00:06'),
(218, 'Phulpur', '18', 200, 10, '2014-10-28 18:00:11', '2014-10-28 18:00:11'),
(219, 'Dhupchanchia', '04', 800, 24, '2014-10-28 18:00:41', '2014-10-28 18:00:41'),
(220, 'Gabtali', '05', 800, 24, '2014-10-28 18:01:10', '2014-10-28 18:01:10'),
(221, 'Trishal', '19', 200, 10, '2014-10-28 18:01:31', '2014-10-28 18:01:31'),
(222, 'Kahaloo', '06', 800, 24, '2014-10-28 18:01:38', '2014-10-28 18:01:38'),
(223, 'Nandigram', '07', 800, 24, '2014-10-28 18:02:04', '2014-10-28 18:02:04'),
(224, 'Tara Khanda', '20', 200, 10, '2014-10-28 18:02:11', '2014-10-28 18:02:11'),
(225, 'Sariakandi', '08', 800, 24, '2014-10-28 18:02:32', '2014-10-28 18:02:32'),
(226, 'Shajahanpur', '09', 800, 24, '2014-10-28 18:03:13', '2014-10-28 18:03:13'),
(227, 'Sherpur', '10', 800, 24, '2014-10-28 18:03:44', '2014-10-28 18:03:44'),
(228, 'Shibganj', '11', 800, 24, '2014-10-28 18:04:19', '2014-10-28 18:04:19'),
(229, 'Sonatola', '12', 800, 24, '2014-10-28 18:04:47', '2014-10-28 18:04:47'),
(230, 'Bagatipara', '13', 800, 27, '2014-10-28 18:05:31', '2014-10-28 18:05:31'),
(231, 'Baraigram', '14', 800, 27, '2014-10-28 18:06:01', '2014-10-28 18:06:01'),
(232, 'Gurudaspur', '15', 800, 27, '2014-10-28 18:06:32', '2014-10-28 18:06:32'),
(233, 'Lalpur', '16', 800, 27, '2014-10-28 18:06:56', '2014-10-28 18:06:56'),
(234, 'Natore Sadar', '17', 800, 27, '2014-10-28 18:07:32', '2014-10-28 18:07:32'),
(235, 'Atpara', '21', 200, 21, '2014-10-28 18:07:40', '2014-10-28 18:07:40'),
(236, 'Singra', '18', 800, 27, '2014-10-28 18:08:04', '2014-10-28 18:08:04'),
(237, 'Naldanga', '19', 800, 27, '2014-10-28 18:08:28', '2014-10-28 18:08:28'),
(238, 'Ataikula', '20', 800, 29, '2014-10-28 18:09:40', '2014-10-28 18:09:40'),
(239, 'Atgharia', '21', 800, 29, '2014-10-28 18:10:06', '2014-10-28 18:10:06'),
(240, 'Bera', '22', 800, 29, '2014-10-28 18:10:36', '2014-10-28 18:10:36'),
(241, 'Bhangura', '23', 800, 29, '2014-10-28 18:11:02', '2014-10-28 18:11:02'),
(242, 'Barhatta', '22', 200, 21, '2014-10-28 18:11:06', '2014-10-28 18:11:06'),
(243, 'Chatmohar', '24', 800, 29, '2014-10-28 18:11:25', '2014-10-28 18:11:25'),
(244, 'Faridpur', '25', 700, 29, '2014-10-28 18:11:51', '2014-10-28 18:11:51'),
(245, 'Ishwardi', '26', 800, 29, '2014-10-28 18:13:00', '2014-10-28 18:13:00'),
(246, 'Pabna Sadar', '27', 800, 29, '2014-10-28 18:13:38', '2014-10-28 18:13:38'),
(247, 'Santhia', '28', 800, 29, '2014-10-28 18:14:07', '2014-10-28 18:14:07'),
(248, 'Sujanagar', '29', 800, 29, '2014-10-28 18:14:34', '2014-10-28 18:14:34'),
(249, 'Durgapur', '23', 200, 21, '2014-10-28 18:14:50', '2014-10-28 18:14:50'),
(250, 'Khaliajuri', '24', 200, 21, '2014-10-28 18:15:28', '2014-10-28 18:15:28'),
(251, 'Belkuchi', '30', 800, 30, '2014-10-28 18:15:45', '2014-10-28 18:15:45'),
(252, 'Kalmakanda', '25', 200, 21, '2014-10-28 18:15:59', '2014-10-28 18:15:59'),
(253, 'Chauhali', '31', 800, 30, '2014-10-28 18:16:24', '2014-10-28 18:16:24'),
(254, 'Kendua', '26', 200, 21, '2014-10-28 18:16:56', '2014-10-28 18:16:56'),
(255, 'Kamarkhanda', '32', 800, 30, '2014-10-28 18:17:08', '2014-10-28 18:17:08'),
(256, 'Madan', '27', 200, 21, '2014-10-28 18:17:34', '2014-10-28 18:17:34'),
(257, 'Kazipur', '33', 800, 30, '2014-10-28 18:17:39', '2014-10-28 18:17:39'),
(258, 'Raiganj', '34', 800, 30, '2014-10-28 18:18:09', '2014-10-28 18:18:09'),
(259, 'Mohanganj', '28', 200, 21, '2014-10-28 18:18:20', '2014-10-28 18:18:20'),
(260, 'Netrokona Sadar', '29', 200, 21, '2014-10-28 18:18:40', '2014-10-28 18:18:40'),
(261, 'Shahjadpur', '35', 800, 30, '2014-10-28 18:18:44', '2014-10-28 18:18:44'),
(262, 'Sirajganj	Sadar', '36', 800, 30, '2014-10-28 18:19:17', '2014-10-28 18:19:17'),
(263, 'Tarash', '37', 800, 30, '2014-10-28 18:20:04', '2014-10-28 18:20:04'),
(264, 'Ullahpara', '38', 800, 30, '2014-10-28 18:20:42', '2014-10-28 18:20:42'),
(265, 'Purbadhala', '30', 200, 21, '2014-10-28 18:21:13', '2014-10-28 18:21:13'),
(266, 'Bagerhat	Sadar', '01', 110, 32, '2014-10-28 18:25:27', '2014-10-28 18:25:27'),
(267, 'Chitalmari', '02', 110, 32, '2014-10-28 18:26:07', '2014-10-28 18:26:07'),
(268, 'Fakirhat', '03', 110, 32, '2014-10-28 18:26:59', '2014-10-28 18:26:59'),
(269, 'Kachua', '04', 110, 32, '2014-10-28 18:27:28', '2014-10-28 18:27:28'),
(270, 'Mollahat', '05', 110, 32, '2014-10-28 18:28:04', '2014-10-28 18:28:04'),
(271, 'Mongla', '06', 110, 32, '2014-10-28 18:28:31', '2014-10-28 18:28:31'),
(272, 'Morrelganj', '07', 110, 32, '2014-10-28 18:29:00', '2014-10-28 18:29:00'),
(273, 'Rampal', '08', 110, 32, '2014-10-28 18:29:34', '2014-10-28 18:29:34'),
(274, 'Sarankhola', '09', 110, 32, '2014-10-28 18:29:57', '2014-10-28 18:29:57'),
(275, 'Batiaghata', '10', 110, 3, '2014-10-28 18:30:33', '2014-10-28 18:30:33'),
(276, 'Dacope', '11', 110, 3, '2014-10-28 18:31:05', '2014-10-28 18:31:05'),
(277, 'Dumuria', '12', 110, 3, '2014-10-28 18:31:49', '2014-10-28 18:31:49'),
(278, 'Dighalia', '13', 110, 3, '2014-10-28 18:32:17', '2014-10-28 18:32:17'),
(279, 'Koyra', '14', 110, 3, '2014-10-28 18:32:42', '2014-10-28 18:32:42'),
(280, 'Paikgachha', '15', 110, 3, '2014-10-28 18:33:06', '2014-10-28 18:33:06'),
(281, 'Phultala', '16', 110, 3, '2014-10-28 18:33:43', '2014-10-28 18:33:43'),
(282, 'Rupsha', '17', 110, 3, '2014-10-28 18:34:07', '2014-10-28 18:34:07'),
(283, 'Terokhada', '18', 110, 3, '2014-10-28 18:34:31', '2014-10-28 18:34:31'),
(284, 'Daulatpur', '19', 110, 3, '2014-10-28 18:34:58', '2014-10-28 18:34:58'),
(285, 'Khalishpur', '20', 110, 3, '2014-10-28 18:35:21', '2014-10-28 18:35:21'),
(286, 'Khan Jahan Ali', '21', 110, 3, '2014-10-28 18:36:00', '2014-10-28 18:36:00'),
(287, 'Kotwali', '22', 110, 3, '2014-10-28 18:36:16', '2014-10-28 18:36:16'),
(288, 'Sonadanga', '23', 110, 3, '2014-10-28 18:36:38', '2014-10-28 18:36:38'),
(289, 'Harintana', '24', 110, 6, '2014-10-28 18:37:05', '2014-10-28 18:37:05'),
(290, 'Assasuni', '25', 110, 31, '2014-10-28 18:38:07', '2014-10-28 18:38:07'),
(291, 'Kalaroa', '27', 110, 3, '2014-10-28 18:38:30', '2014-10-28 18:38:30'),
(292, 'Kaliganj', '28', 110, 31, '2014-10-28 18:39:11', '2014-10-28 18:39:11'),
(293, 'Satkhira sadar', '29', 110, 31, '2014-10-28 18:39:49', '2014-10-28 18:39:49'),
(294, 'Shyamnagar', '30', 110, 31, '2014-10-28 18:41:03', '2014-10-28 18:41:03'),
(295, 'Tala', '31', 110, 31, '2014-10-28 18:41:38', '2014-10-28 18:41:38'),
(296, 'Kalia', '01', 120, 34, '2014-10-28 18:42:41', '2014-10-28 18:42:41'),
(297, 'Lohagara', '02', 120, 34, '2014-10-28 18:43:36', '2014-10-28 18:43:36'),
(298, 'Narail	Sadar', '03', 120, 34, '2014-10-28 18:44:23', '2014-10-28 18:44:23'),
(299, 'Naragati', '04', 120, 34, '2014-10-28 18:45:01', '2014-10-28 18:45:01'),
(300, 'Abhaynagar', '05', 120, 33, '2014-10-28 18:45:46', '2014-10-28 18:45:46'),
(301, 'Bagherpara', '06', 120, 33, '2014-10-28 18:46:51', '2014-10-28 18:46:51'),
(302, 'Chaugachha', '07', 120, 33, '2014-10-28 18:47:25', '2014-10-28 18:47:25'),
(303, 'Jhikargachha', '08', 120, 33, '2014-10-28 18:47:55', '2014-10-28 18:47:55'),
(304, 'Keshabpur', '09', 120, 33, '2014-10-28 18:48:29', '2014-10-28 18:48:29'),
(305, 'Jessore	Sadar', '10', 120, 33, '2014-10-28 18:49:15', '2014-10-28 18:49:15'),
(306, 'Manirampur', '11', 120, 33, '2014-10-28 18:50:23', '2014-10-28 18:50:23'),
(307, 'Sharsha', '12', 120, 33, '2014-10-28 18:51:04', '2014-10-28 18:51:04'),
(308, 'Magura Sadar', '13', 21, 35, '2014-10-28 18:51:52', '2014-10-28 18:51:52'),
(309, 'Mohammadpur', '14', 120, 35, '2014-10-28 18:53:24', '2014-10-28 18:53:24'),
(310, 'Shalikha', '15', 120, 35, '2014-10-28 18:53:48', '2014-10-28 18:53:48'),
(311, 'Sreepur', '16', 120, 35, '2014-10-28 18:54:27', '2014-10-28 18:54:27'),
(312, 'Alamdanga', '01', 130, 37, '2014-10-28 18:55:17', '2014-10-28 18:55:17'),
(313, 'Chuadanga Sadar', '02', 120, 37, '2014-10-28 18:55:59', '2014-10-28 18:55:59'),
(314, 'Damurhuda', '03', 120, 37, '2014-10-28 18:56:53', '2014-10-28 18:56:53'),
(315, 'Jibannagar', '04', 120, 37, '2014-10-28 18:57:20', '2014-10-28 18:57:20'),
(316, 'Harinakunda', '05', 120, 36, '2014-10-28 18:57:58', '2014-10-28 18:57:58'),
(317, 'Jhenaidah Sadar', '06', 120, 36, '2014-10-28 18:58:55', '2014-10-28 18:58:55'),
(318, 'Kaliganj', '07', 120, 36, '2014-10-28 19:00:11', '2014-10-28 19:00:11'),
(319, 'Kotchandpur', '08', 120, 36, '2014-10-28 19:00:55', '2014-10-28 19:00:55'),
(320, 'Maheshpur', '09', 120, 36, '2014-10-28 19:01:21', '2014-10-28 19:01:21'),
(321, 'Shailkupa', '10', 120, 36, '2014-10-28 19:01:49', '2014-10-28 19:01:49'),
(322, 'Bheramara', '11', 130, 38, '2014-10-28 19:03:45', '2014-10-28 19:03:45'),
(323, 'Daulatpur', '12', 130, 38, '2014-10-28 19:04:20', '2014-10-28 19:04:20'),
(324, 'Khoksa', '13', 130, 38, '2014-10-28 19:04:45', '2014-10-28 19:04:45'),
(325, 'Kumarkhali', '14', 130, 38, '2014-10-28 19:05:08', '2014-10-28 19:05:08'),
(326, 'Kushtia Sadar', '15', 130, 38, '2014-10-28 19:05:50', '2014-10-28 19:05:50'),
(327, 'Mirpur', '16', 130, 38, '2014-10-28 19:06:19', '2014-10-28 19:06:19'),
(328, 'Shekhpara', '17', 130, 38, '2014-10-28 19:07:08', '2014-10-28 19:07:08'),
(329, 'Gangni', '18', 130, 39, '2014-10-28 19:08:13', '2014-10-28 19:08:13'),
(330, 'Meherpur Sadar', '19', 130, 39, '2014-10-28 19:09:14', '2014-10-28 19:09:14'),
(331, 'Mujibnagar', '20', 130, 39, '2014-10-28 19:09:41', '2014-10-28 19:09:41'),
(332, 'Ali Kadam', '01', 140, 40, '2014-10-28 19:23:22', '2014-10-28 19:23:22'),
(333, 'Bandarban Sadar', '02', 140, 40, '2014-10-28 19:24:28', '2014-10-28 19:24:28'),
(334, 'Lama', '03', 140, 40, '2014-10-28 19:26:00', '2014-10-28 19:26:00'),
(335, 'Naikhongchhari', '04', 140, 40, '2014-10-28 19:26:30', '2014-10-28 19:26:30'),
(336, 'Rowangchhari', '05', 140, 40, '2014-10-28 19:27:10', '2014-10-28 19:27:10'),
(337, 'Ruma', '06', 140, 40, '2014-10-28 19:27:52', '2014-10-28 19:27:52'),
(338, 'Thanchi', '07', 140, 40, '2014-10-28 19:28:27', '2014-10-28 19:28:27'),
(339, 'Chakaria', '08', 140, 43, '2014-10-28 19:38:47', '2014-10-28 19:38:47'),
(340, 'Cox''s Bazar Sadar', '09', 140, 43, '2014-10-28 19:39:28', '2014-10-28 19:39:28'),
(341, 'Kutubdia', '10', 140, 43, '2014-10-28 19:39:56', '2014-10-28 19:39:56'),
(342, 'Maheshkhali', '11', 140, 43, '2014-10-28 19:40:26', '2014-10-28 19:40:26'),
(343, 'Ramu', '12', 140, 43, '2014-10-28 19:40:59', '2014-10-28 19:40:59'),
(344, 'Teknaf', '13', 140, 43, '2014-10-28 19:41:27', '2014-10-28 19:41:27'),
(345, 'Ukhia', '14', 140, 43, '2014-10-28 19:41:53', '2014-10-28 19:41:53'),
(346, 'Pekua', '15', 140, 43, '2014-10-28 19:42:16', '2014-10-28 19:42:16'),
(347, 'Chhagalnaiya', '16', 140, 44, '2014-10-28 19:42:43', '2014-10-28 19:42:43'),
(348, 'Daganbhuiyan', '17', 140, 44, '2014-10-28 19:43:08', '2014-10-28 19:43:08'),
(349, 'Feni	Sadar', '18', 140, 44, '2014-10-28 19:43:39', '2014-10-28 19:43:39'),
(350, 'Parshuram', '19', 140, 44, '2014-10-28 19:44:02', '2014-10-28 19:44:02'),
(351, 'Sonagazi', '20', 140, 44, '2014-10-28 19:44:25', '2014-10-28 19:44:25'),
(352, 'Fulgazi', '21', 140, 44, '2014-10-28 19:44:47', '2014-10-28 19:44:47'),
(353, 'Anwara', '22', 140, 4, '2014-10-28 19:45:15', '2014-10-28 19:45:15'),
(354, 'Banshkhali', '23', 140, 4, '2014-10-28 19:45:46', '2014-10-28 19:45:46'),
(355, 'Boalkhali', '24', 140, 4, '2014-10-28 19:46:10', '2014-10-28 19:46:10'),
(356, 'Chandanaish', '25', 140, 4, '2014-10-28 19:46:46', '2014-10-28 19:46:46'),
(357, 'Fatikchhari', '26', 140, 4, '2014-10-28 19:47:12', '2014-10-28 19:47:12'),
(358, 'Hathazari', '27', 140, 4, '2014-10-28 19:47:36', '2014-10-28 19:47:36'),
(359, 'Lohagara', '28', 140, 4, '2014-10-28 19:48:07', '2014-10-28 19:48:07'),
(360, 'Mirsharai', '29', 140, 4, '2014-10-28 19:48:30', '2014-10-28 19:48:30'),
(361, 'Jhenaigati', '31', 200, 17, '2014-10-28 19:48:45', '2014-10-28 19:48:45'),
(362, 'Patiya', '30', 140, 4, '2014-10-28 19:48:59', '2014-10-28 19:48:59'),
(363, 'Nakla', '32', 200, 17, '2014-10-28 19:49:15', '2014-10-28 19:49:15'),
(364, 'Rangunia', '31', 140, 4, '2014-10-28 19:49:24', '2014-10-28 19:49:24'),
(365, 'Raozan', '32', 140, 4, '2014-10-28 19:49:46', '2014-10-28 19:49:46'),
(366, 'Sandwip', '33', 140, 4, '2014-10-28 19:50:08', '2014-10-28 19:50:08'),
(367, 'Nalitabari', '33', 200, 17, '2014-10-28 19:50:24', '2014-10-28 19:50:24'),
(368, 'Satkania', '34', 140, 4, '2014-10-28 19:50:42', '2014-10-28 19:50:42'),
(369, 'Sitakunda', '35', 140, 4, '2014-10-28 19:51:03', '2014-10-28 19:51:03'),
(370, 'Sherpur Sadar', '34', 200, 17, '2014-10-28 19:51:03', '2014-10-28 19:51:03'),
(371, 'Bandor-Chittagong	Port', '36', 140, 4, '2014-10-28 19:51:59', '2014-10-28 19:51:59'),
(372, 'Chandgaon', '37', 140, 4, '2014-10-28 19:52:28', '2014-10-28 19:52:28'),
(373, 'Sreebardi', '35', 200, 17, '2014-10-28 19:52:29', '2014-10-28 19:52:29'),
(374, 'Double	Mooring', '38', 140, 4, '2014-10-28 19:52:57', '2014-10-28 19:52:57'),
(375, 'Kotwali', '39', 140, 4, '2014-10-28 19:53:26', '2014-10-28 19:53:26'),
(376, 'Pahartali', '40', 140, 4, '2014-10-28 19:53:50', '2014-10-28 19:53:50'),
(377, 'Panchlaish', '41', 140, 4, '2014-10-28 19:54:16', '2014-10-28 19:54:16'),
(378, 'Dighinala', '42', 140, 42, '2014-10-28 19:54:54', '2014-10-28 19:54:54'),
(379, 'Alfadanga', '01', 200, 23, '2014-10-28 19:55:09', '2014-10-28 19:55:09'),
(380, 'Khagrachhari sadar', '43', 140, 42, '2014-10-28 19:56:37', '2014-10-28 19:56:37'),
(381, 'Bhanga', '02', 200, 23, '2014-10-28 19:56:59', '2014-10-28 19:56:59'),
(382, 'Lakshmichhari', '44', 140, 42, '2014-10-28 19:57:04', '2014-10-28 19:57:04'),
(383, 'Mahalchhari', '45', 140, 42, '2014-10-28 19:57:31', '2014-10-28 19:57:31'),
(384, 'Manikchhari', '46', 140, 42, '2014-10-28 19:58:00', '2014-10-28 19:58:00'),
(385, 'Matiranga', '47', 140, 42, '2014-10-28 19:58:45', '2014-10-28 19:58:45'),
(386, 'Panchhari', '48', 140, 42, '2014-10-28 20:01:12', '2014-10-28 20:01:12'),
(387, 'Ramgarh', '49', 140, 42, '2014-10-28 20:01:39', '2014-10-28 20:01:39'),
(388, 'Bagaichhari', '50', 140, 41, '2014-10-28 20:02:18', '2014-10-28 20:02:18'),
(389, 'Barkal', '51', 140, 41, '2014-10-28 20:02:58', '2014-10-28 20:02:58'),
(390, 'Kawkhali-Betbunia', '52', 140, 41, '2014-10-28 20:04:02', '2014-10-28 20:04:02'),
(391, 'Belaichhari', '53', 140, 41, '2014-10-28 20:04:32', '2014-10-28 20:04:32'),
(392, 'Kaptai', '54', 140, 41, '2014-10-28 20:04:59', '2014-10-28 20:04:59'),
(393, 'Juraichhari', '55', 140, 41, '2014-10-28 20:05:27', '2014-10-28 20:05:27'),
(394, 'Langadu', '56', 140, 41, '2014-10-28 20:05:53', '2014-10-28 20:05:53'),
(395, 'Naniyachar', '57', 140, 41, '2014-10-28 20:06:20', '2014-10-28 20:06:20'),
(396, 'Rajasthali', '58', 140, 41, '2014-10-28 20:06:46', '2014-10-28 20:06:46'),
(397, 'Rangamati', '59', 140, 41, '2014-10-28 20:07:09', '2014-10-28 20:07:09'),
(398, 'Amtali', '01', 160, 50, '2014-10-28 20:13:24', '2014-10-28 20:13:24'),
(399, 'Bamna', '02', 160, 50, '2014-10-28 20:13:54', '2014-10-28 20:13:54'),
(400, 'Barguna Sadar', '03', 160, 50, '2014-10-28 20:14:27', '2014-10-28 20:14:27'),
(401, 'Betagi', '04', 160, 50, '2014-10-28 20:14:52', '2014-10-28 20:14:52'),
(402, 'Patharghata', '05', 160, 50, '2014-10-28 20:15:22', '2014-10-28 20:15:22'),
(403, 'Taltoli', '06', 160, 50, '2014-10-28 20:15:57', '2014-10-28 20:15:57'),
(404, 'Agailjhara', '07', 160, 5, '2014-10-28 20:16:34', '2014-10-28 20:16:34'),
(405, 'Babuganj', '08', 160, 5, '2014-10-28 20:16:59', '2014-10-28 20:16:59'),
(406, 'Bakerganj', '09', 160, 5, '2014-10-28 20:17:26', '2014-10-28 20:17:26'),
(407, 'Boalmari', '03', 200, 23, '2014-10-28 20:17:30', '2014-10-28 20:17:30'),
(408, 'Banaripara', '10', 160, 5, '2014-10-28 20:17:50', '2014-10-28 20:17:50'),
(409, 'Charbhadrasan', '04', 200, 23, '2014-10-28 20:18:04', '2014-10-28 20:18:04'),
(410, 'Gaurnadi', '11', 160, 5, '2014-10-28 20:18:24', '2014-10-28 20:18:24'),
(411, 'Hizla', '12', 160, 5, '2014-10-28 20:18:44', '2014-10-28 20:18:44'),
(412, 'Faridpur Sadar', '05', 200, 23, '2014-10-28 20:19:12', '2014-10-28 20:19:12'),
(413, 'Barisal Sadar', '13', 160, 5, '2014-10-28 20:19:17', '2014-10-28 20:19:17'),
(414, 'Madhukhali', '06', 200, 23, '2014-10-28 20:19:42', '2014-10-28 20:19:42'),
(415, 'Mehendiganj', '14', 160, 5, '2014-10-28 20:19:52', '2014-10-28 20:19:52'),
(416, 'Nagarkanda', '07', 200, 23, '2014-10-28 20:20:08', '2014-10-28 20:20:08'),
(417, 'Muladi', '15', 160, 5, '2014-10-28 20:20:18', '2014-10-28 20:20:18'),
(418, 'Wazirpur', '16', 160, 5, '2014-10-28 20:20:41', '2014-10-28 20:20:41'),
(419, 'Sadarpur', '08', 200, 23, '2014-10-28 20:20:48', '2014-10-28 20:20:48'),
(420, 'Bhola Sadar', '17', 160, 51, '2014-10-28 20:21:13', '2014-10-28 20:21:13'),
(421, 'Burhanuddin', '18', 160, 51, '2014-10-28 20:21:50', '2014-10-28 20:21:50'),
(422, 'Char	Fasson', '19', 160, 51, '2014-10-28 20:22:27', '2014-10-28 20:22:27'),
(423, 'Gopalganj Sadar', '09', 200, 16, '2014-10-28 20:22:54', '2014-10-28 20:22:54'),
(424, 'Daulatkhan', '20', 160, 51, '2014-10-28 20:23:10', '2014-10-28 20:23:10'),
(425, 'Lalmohan', '21', 160, 51, '2014-10-28 20:23:43', '2014-10-28 20:23:43'),
(426, 'Manpura', '22', 160, 51, '2014-10-28 20:24:07', '2014-10-28 20:24:07'),
(427, 'Kashiani', '10', 200, 16, '2014-10-28 20:24:09', '2014-10-28 20:24:09'),
(428, 'Tazumuddin', '23', 160, 51, '2014-10-28 20:24:51', '2014-10-28 20:24:51'),
(429, 'Jhalokati	Sadar', '24', 160, 52, '2014-10-28 20:25:42', '2014-10-28 20:25:42'),
(430, 'Kathalia', '25', 160, 52, '2014-10-28 20:26:17', '2014-10-28 20:26:17'),
(431, 'Kotalipara', '11', 200, 16, '2014-10-28 20:26:21', '2014-10-28 20:26:21'),
(432, 'Nalchity', '26', 160, 52, '2014-10-28 20:26:46', '2014-10-28 20:26:46'),
(433, 'Muksudpur', '12', 200, 16, '2014-10-28 20:26:57', '2014-10-28 20:26:57'),
(434, 'Rajapur', '27', 160, 52, '2014-10-28 20:27:16', '2014-10-28 20:27:16'),
(435, 'Bauphal', '28', 160, 53, '2014-10-28 20:27:55', '2014-10-28 20:27:55'),
(436, 'Dashmina', '29', 160, 53, '2014-10-28 20:28:29', '2014-10-28 20:28:29'),
(437, 'Galachipa', '30', 160, 53, '2014-10-28 20:28:53', '2014-10-28 20:28:53'),
(438, 'Kalapara', '31', 160, 53, '2014-10-28 20:29:18', '2014-10-28 20:29:18'),
(439, 'Mirzaganj', '32', 160, 53, '2014-10-28 20:29:47', '2014-10-28 20:29:47'),
(440, 'Patuakhali Sadar', '33', 160, 53, '2014-10-28 20:30:23', '2014-10-28 20:30:23'),
(441, 'Rangabali', '34', 140, 53, '2014-10-28 20:30:55', '2014-10-28 20:30:55'),
(442, 'Dumki', '35', 160, 53, '2014-10-28 20:31:32', '2014-10-28 20:31:32'),
(443, 'Bhandaria', '36', 160, 54, '2014-10-28 20:32:09', '2014-10-28 20:32:09'),
(444, 'Kawkhali', '37', 160, 54, '2014-10-28 20:32:39', '2014-10-28 20:32:39'),
(445, 'Mathbaria', '38', 160, 54, '2014-10-28 20:33:06', '2014-10-28 20:33:06'),
(446, 'Nazirpur', '39', 160, 54, '2014-10-28 20:33:33', '2014-10-28 20:33:33'),
(447, 'Pirojpur Sadar', '40', 160, 54, '2014-10-28 20:34:14', '2014-10-28 20:34:14'),
(448, 'Tungipara', '13', 200, 16, '2014-10-28 20:34:14', '2014-10-28 20:34:14'),
(449, 'Nesarabad-Swarupkati', '41', 160, 54, '2014-10-28 20:35:16', '2014-10-28 20:35:16'),
(450, 'Zianagor', '42', 160, 54, '2014-10-28 20:35:43', '2014-10-28 20:35:43'),
(451, 'Rajoir', '14', 200, 8, '2014-10-28 20:36:02', '2014-10-28 20:36:02'),
(452, 'Akhaura', '01', 170, 48, '2014-10-28 20:41:40', '2014-10-28 20:41:40'),
(453, 'Bancharampur', '02', 170, 48, '2014-10-28 20:42:29', '2014-10-28 20:42:29'),
(454, 'Madaripur Sadar', '15', 200, 13, '2014-10-28 20:45:46', '2014-10-28 20:45:46'),
(455, 'Kalkini', '16', 200, 13, '2014-10-28 20:46:40', '2014-10-28 20:46:40'),
(456, 'Brahmanbaria sadar', '03', 170, 48, '2014-10-28 20:46:53', '2014-10-28 20:46:53'),
(457, 'Kasba', '04', 170, 48, '2014-10-28 20:47:34', '2014-10-28 20:47:34'),
(458, 'Shibchar', '17', 200, 13, '2014-10-28 20:47:47', '2014-10-28 20:47:47'),
(459, 'Nabinagar', '05', 170, 48, '2014-10-28 20:48:08', '2014-10-28 20:48:08'),
(460, 'Nasirnagar', '06', 170, 48, '2014-10-28 20:48:32', '2014-10-28 20:48:32'),
(461, 'Sarail', '07', 170, 48, '2014-10-28 20:49:01', '2014-10-28 20:49:01'),
(462, 'Ashuganj', '08', 170, 48, '2014-10-28 20:49:29', '2014-10-28 20:49:29'),
(463, 'Bijoynagar', '09', 170, 48, '2014-10-28 20:49:57', '2014-10-28 20:49:57'),
(464, 'Chandpur sadar', '10', 170, 49, '2014-10-28 20:51:04', '2014-10-28 20:51:04'),
(465, 'Faridganj', '11', 170, 49, '2014-10-28 20:51:33', '2014-10-28 20:51:33'),
(466, 'Haimchar', '12', 170, 49, '2014-10-28 20:52:07', '2014-10-28 20:52:07'),
(467, 'Haziganj', '13', 170, 49, '2014-10-28 20:52:44', '2014-10-28 20:52:44'),
(468, 'Kachua', '14', 170, 49, '2014-10-28 20:53:10', '2014-10-28 20:53:10'),
(469, 'Matlab Dakshin', '15', 170, 49, '2014-10-28 20:53:50', '2014-10-28 20:53:50'),
(470, 'Matlab Uttar', '16', 170, 49, '2014-10-28 20:54:25', '2014-10-28 20:54:25'),
(471, 'Shahrasti', '17', 170, 49, '2014-10-28 20:54:56', '2014-10-28 20:54:56'),
(472, 'Barura', '18', 170, 47, '2014-10-28 20:55:55', '2014-10-28 20:55:55'),
(473, 'Brahmanpara', '19', 170, 47, '2014-10-28 20:56:20', '2014-10-28 20:56:20'),
(474, 'Burichang', '20', 170, 47, '2014-10-28 20:56:52', '2014-10-28 20:56:52'),
(475, 'Chandina', '21', 170, 47, '2014-10-28 20:57:17', '2014-10-28 20:57:17'),
(476, 'Chauddagram', '22', 170, 47, '2014-10-28 20:57:40', '2014-10-28 20:57:40'),
(477, 'Daudkandi', '23', 170, 47, '2014-10-28 20:58:15', '2014-10-28 20:58:15'),
(478, 'Debidwar', '24', 170, 47, '2014-10-28 20:58:39', '2014-10-28 20:58:39'),
(479, 'Homna', '25', 170, 47, '2014-10-28 20:59:04', '2014-10-28 20:59:04'),
(480, 'Laksam', '26', 170, 47, '2014-10-28 20:59:31', '2014-10-28 20:59:31'),
(481, 'Muradnagar', '27', 170, 47, '2014-10-28 20:59:56', '2014-10-28 20:59:56'),
(482, 'Nangalkot', '28', 170, 47, '2014-10-28 21:00:20', '2014-10-28 21:00:20'),
(483, 'Comilla Sadar', '29', 170, 47, '2014-10-28 21:00:51', '2014-10-28 21:00:51'),
(484, 'Meghna', '30', 170, 47, '2014-10-28 21:01:17', '2014-10-28 21:01:17'),
(485, 'Titas', '31', 170, 47, '2014-10-28 21:01:48', '2014-10-28 21:01:48'),
(486, 'Monohargonj', '32', 170, 47, '2014-10-28 21:02:11', '2014-10-28 21:02:11'),
(487, 'Sadar South Upazila', '33', 170, 47, '2014-10-28 21:03:08', '2014-10-28 21:03:08'),
(488, 'Lakshmipur Sadar', '34', 170, 46, '2014-10-28 21:03:38', '2014-10-28 21:03:38'),
(489, 'Raipur', '35', 170, 46, '2014-10-28 21:04:02', '2014-10-28 21:04:02'),
(490, 'Ramganj', '36', 170, 46, '2014-10-28 21:04:25', '2014-10-28 21:04:25'),
(491, 'Ramgati', '37', 170, 46, '2014-10-28 21:04:49', '2014-10-28 21:04:49'),
(492, 'Komolnagar', '38', 170, 46, '2014-10-28 21:05:15', '2014-10-28 21:05:15'),
(493, 'Begumganj', '39', 170, 45, '2014-10-28 21:05:53', '2014-10-28 21:05:53'),
(494, 'Noakhali	Sadar', '40', 170, 45, '2014-10-28 21:06:35', '2014-10-28 21:06:35'),
(495, 'Chatkhil', '41', 170, 45, '2014-10-28 21:07:10', '2014-10-28 21:07:10'),
(496, 'Companiganj', '42', 170, 45, '2014-10-28 21:07:43', '2014-10-28 21:07:43'),
(497, 'Hatiya', '43', 170, 45, '2014-10-28 21:08:13', '2014-10-28 21:08:13'),
(498, 'Senbagh', '44', 170, 45, '2014-10-28 21:08:47', '2014-10-28 21:08:47'),
(499, 'Sonaimuri', '45', 170, 45, '2014-10-28 21:09:17', '2014-10-28 21:09:17'),
(500, 'Subarnachar', '46', 170, 45, '2014-10-28 21:09:43', '2014-10-28 21:09:43'),
(501, 'Kabirhat', '47', 170, 45, '2014-10-28 21:10:11', '2014-10-28 21:10:11'),
(502, 'Baliakandi', '18', 600, 22, '2014-10-28 21:11:05', '2014-10-28 21:11:05'),
(503, 'Goalandaghat', '19', 170, 22, '2014-10-28 21:11:31', '2014-10-28 21:11:31'),
(504, 'Pangsha', '20', 170, 22, '2014-10-28 21:11:58', '2014-10-28 21:11:58'),
(505, 'Rajbari Sadar', '21', 600, 22, '2014-10-28 21:12:47', '2014-10-28 21:12:47'),
(506, 'Kalukhali', '22', 170, 22, '2014-10-28 21:13:12', '2014-10-28 21:13:12'),
(507, 'Bhedarganj', '23', 600, 20, '2014-10-28 21:13:47', '2014-10-28 21:13:47'),
(508, 'Damudya', '24', 600, 20, '2014-10-28 21:14:20', '2014-10-28 21:14:20'),
(509, 'Gosairhat', '25', 170, 20, '2014-10-28 21:14:45', '2014-10-28 21:14:45'),
(510, 'Naria', '26', 170, 20, '2014-10-28 21:15:20', '2014-10-28 21:15:20'),
(511, 'Shariatpur Sadar', '27', 600, 20, '2014-10-28 21:16:01', '2014-10-28 21:16:01'),
(512, 'Zanjira', '28', 170, 20, '2014-10-28 21:16:31', '2014-10-28 21:16:31'),
(513, 'Shakhipur', '29', 600, 20, '2014-10-28 21:17:07', '2014-10-28 21:17:07');

-- --------------------------------------------------------

--
-- Table structure for table `ut_users`
--

CREATE TABLE `ut_users` (
  `id` int(10) UNSIGNED NOT NULL,
  `name` varchar(191) COLLATE utf8mb4_unicode_ci NOT NULL,
  `email` varchar(191) COLLATE utf8mb4_unicode_ci NOT NULL,
  `password` varchar(191) COLLATE utf8mb4_unicode_ci NOT NULL,
  `remember_token` varchar(100) COLLATE utf8mb4_unicode_ci DEFAULT NULL,
  `created_at` timestamp NULL DEFAULT NULL,
  `updated_at` timestamp NULL DEFAULT NULL
) ENGINE=InnoDB DEFAULT CHARSET=utf8mb4 COLLATE=utf8mb4_unicode_ci ROW_FORMAT=DYNAMIC;

--
-- Dumping data for table `ut_users`
--

INSERT INTO `ut_users` (`id`, `name`, `email`, `password`, `remember_token`, `created_at`, `updated_at`) VALUES
(1, 'Admin', 'info@unitedtrust.org', '$2y$10$suoJtg/1Mo0JzPFSyzFfAub2aJHqLW0bvutU9iVV/L4CP8RIE/LG2', 'w84j5AovyTwlXfu6XwiYLxQyZgOA7WrZRuPeZFlgKtApcSyZIZxT3Ob46ZyT', '2017-02-13 03:31:59', '2017-02-13 03:31:59'),
(2, 'Md.Sakoat Hossen', 'sakoatcse@gmail.com', '$2y$10$YEM6BvfpKfZdYT/kQ2djPujxzCePLGNrDTyBK/CCV7t13dP7DRSI.', '49Vu6oHctT7UG2iALxVJLGY86fcybPlxyWXW5GabL61bWFneS9psdFaiW6zx', '2017-02-14 00:05:08', '2017-02-14 00:05:08'),
(3, 'Samira', 'samira@united.com.bd', '$2y$10$suoJtg/1Mo0JzPFSyzFfAub2aJHqLW0bvutU9iVV/L4CP8RIE/LG2', 'byy7enrv48h382iEtazKEyYNyMfoA0xWABaWQqM4PM3BC918b31fceqpok0p', '2017-03-05 01:14:55', '2017-03-05 01:14:55'),
(4, 'Aminur Islam', 'aminur@united.com.bd', '$2y$10$suoJtg/1Mo0JzPFSyzFfAub2aJHqLW0bvutU9iVV/L4CP8RIE/LG2', 'v1EILovh9GPPGcU5uihxn4zVUuJPXjh2xdk2ybhxxQvF15ptAk8p5eYPSELI', '2017-03-05 01:14:55', '2017-03-05 01:14:55'),
(5, 'Major Junayed Ahmed(Retd)', 'junayed2616@united.com.bd', '$2y$10$suoJtg/1Mo0JzPFSyzFfAub2aJHqLW0bvutU9iVV/L4CP8RIE/LG2', '3nqkt2WBSPNNF4ucsJ27Qjj0k4N0rsmV48g0ZMMcLz3IeAKSLNvf8nOtigdQ', '2017-03-05 01:14:55', '2017-03-05 01:14:55'),
(6, 'Brig Gen A J M Fazlur Rahman(Retd)', 'ajmfr1904@united.com.bd', '$2y$10$suoJtg/1Mo0JzPFSyzFfAub2aJHqLW0bvutU9iVV/L4CP8RIE/LG2', 'Y6mzvV9SxcJ4EHbTxHcmOKCiJdRqfeCgAPuYi7VpYGA9jZPrsZ0wiiYW13ec', '2017-03-05 01:14:55', '2017-03-05 01:14:55');

--
-- Indexes for dumped tables
--

--
-- Indexes for table `migrations`
--
ALTER TABLE `migrations`
  ADD PRIMARY KEY (`id`);

--
-- Indexes for table `password_resets`
--
ALTER TABLE `password_resets`
  ADD KEY `password_resets_email_index` (`email`),
  ADD KEY `password_resets_token_index` (`token`);

--
-- Indexes for table `ut_allocations`
--
ALTER TABLE `ut_allocations`
  ADD PRIMARY KEY (`allocation_row_id`);

--
-- Indexes for table `ut_areas`
--
ALTER TABLE `ut_areas`
  ADD PRIMARY KEY (`area_row_id`);

--
-- Indexes for table `ut_categories`
--
ALTER TABLE `ut_categories`
  ADD PRIMARY KEY (`category_row_id`);

--
-- Indexes for table `ut_districts`
--
ALTER TABLE `ut_districts`
  ADD PRIMARY KEY (`id`);

--
-- Indexes for table `ut_expenses`
--
ALTER TABLE `ut_expenses`
  ADD PRIMARY KEY (`expense_row_id`);

--
-- Indexes for table `ut_heads`
--
ALTER TABLE `ut_heads`
  ADD PRIMARY KEY (`head_row_id`);

--
-- Indexes for table `ut_jakat_allocations`
--
ALTER TABLE `ut_jakat_allocations`
  ADD PRIMARY KEY (`jakat_allocation_row_id`);

--
-- Indexes for table `ut_jakat_donations`
--
ALTER TABLE `ut_jakat_donations`
  ADD PRIMARY KEY (`jakat_donation_row_id`);

--
-- Indexes for table `ut_jakat_recipients`
--
ALTER TABLE `ut_jakat_recipients`
  ADD PRIMARY KEY (`jakat_recipient_row_id`);

--
-- Indexes for table `ut_mis_applicants`
--
ALTER TABLE `ut_mis_applicants`
  ADD PRIMARY KEY (`applicant_row_id`);

--
-- Indexes for table `ut_mis_donations`
--
ALTER TABLE `ut_mis_donations`
  ADD PRIMARY KEY (`donation_row_id`);

--
-- Indexes for table `ut_mis_education_areas`
--
ALTER TABLE `ut_mis_education_areas`
  ADD PRIMARY KEY (`education_area_row_id`);

--
-- Indexes for table `ut_mis_education_exams`
--
ALTER TABLE `ut_mis_education_exams`
  ADD PRIMARY KEY (`education_exam_row_id`);

--
-- Indexes for table `ut_mis_education_grades`
--
ALTER TABLE `ut_mis_education_grades`
  ADD PRIMARY KEY (`education_grade_row_id`);

--
-- Indexes for table `ut_mis_education_institutes`
--
ALTER TABLE `ut_mis_education_institutes`
  ADD PRIMARY KEY (`education_institute_row_id`);

--
-- Indexes for table `ut_mis_education_results`
--
ALTER TABLE `ut_mis_education_results`
  ADD PRIMARY KEY (`education_result_row_id`);

--
-- Indexes for table `ut_mis_expense_items`
--
ALTER TABLE `ut_mis_expense_items`
  ADD PRIMARY KEY (`expense_item_row_id`);

--
-- Indexes for table `ut_mis_free_medicine_items`
--
ALTER TABLE `ut_mis_free_medicine_items`
  ADD PRIMARY KEY (`free_medicine_item_row_id`);

--
-- Indexes for table `ut_mis_hospitals`
--
ALTER TABLE `ut_mis_hospitals`
  ADD PRIMARY KEY (`hospital_row_id`);

--
-- Indexes for table `ut_mis_hospital_expenses`
--
ALTER TABLE `ut_mis_hospital_expenses`
  ADD PRIMARY KEY (`hospital_expense_row_id`);

--
-- Indexes for table `ut_mis_hospital_free_medicines`
--
ALTER TABLE `ut_mis_hospital_free_medicines`
  ADD PRIMARY KEY (`hospital_free_medicine_row_id`);

--
-- Indexes for table `ut_mis_hospital_incomes`
--
ALTER TABLE `ut_mis_hospital_incomes`
  ADD PRIMARY KEY (`hospital_income_row_id`);

--
-- Indexes for table `ut_mis_hospital_pathologies`
--
ALTER TABLE `ut_mis_hospital_pathologies`
  ADD PRIMARY KEY (`hospital_pathology_row_id`);

--
-- Indexes for table `ut_mis_hospital_patients`
--
ALTER TABLE `ut_mis_hospital_patients`
  ADD PRIMARY KEY (`hospital_patient_row_id`);

--
-- Indexes for table `ut_mis_income_items`
--
ALTER TABLE `ut_mis_income_items`
  ADD PRIMARY KEY (`income_item_row_id`);

--
-- Indexes for table `ut_mis_pathology_items`
--
ALTER TABLE `ut_mis_pathology_items`
  ADD PRIMARY KEY (`pathology_item_row_id`);

--
-- Indexes for table `ut_mis_patient_types`
--
ALTER TABLE `ut_mis_patient_types`
  ADD PRIMARY KEY (`patient_type_row_id`);

--
-- Indexes for table `ut_mis_reliefs`
--
ALTER TABLE `ut_mis_reliefs`
  ADD PRIMARY KEY (`relief_row_id`);

--
-- Indexes for table `ut_mis_relief_areas`
--
ALTER TABLE `ut_mis_relief_areas`
  ADD PRIMARY KEY (`relief_area_row_id`);

--
-- Indexes for table `ut_mis_tree_plantations`
--
ALTER TABLE `ut_mis_tree_plantations`
  ADD PRIMARY KEY (`tree_plantation_row_id`);

--
-- Indexes for table `ut_project_heads`
--
ALTER TABLE `ut_project_heads`
  ADD PRIMARY KEY (`project_head_row_id`);

--
-- Indexes for table `ut_upazila`
--
ALTER TABLE `ut_upazila`
  ADD PRIMARY KEY (`id`),
  ADD KEY `IDX_B6E1F1E0B08FA272` (`district_id`);

--
-- Indexes for table `ut_users`
--
ALTER TABLE `ut_users`
  ADD PRIMARY KEY (`id`),
  ADD UNIQUE KEY `users_email_unique` (`email`);

--
-- AUTO_INCREMENT for dumped tables
--

--
-- AUTO_INCREMENT for table `migrations`
--
ALTER TABLE `migrations`
  MODIFY `id` int(10) UNSIGNED NOT NULL AUTO_INCREMENT, AUTO_INCREMENT=3;
--
-- AUTO_INCREMENT for table `ut_allocations`
--
ALTER TABLE `ut_allocations`
  MODIFY `allocation_row_id` int(11) NOT NULL AUTO_INCREMENT, AUTO_INCREMENT=192;
--
-- AUTO_INCREMENT for table `ut_areas`
--
ALTER TABLE `ut_areas`
  MODIFY `area_row_id` int(11) NOT NULL AUTO_INCREMENT, AUTO_INCREMENT=9;
--
-- AUTO_INCREMENT for table `ut_categories`
--
ALTER TABLE `ut_categories`
  MODIFY `category_row_id` int(11) NOT NULL AUTO_INCREMENT, AUTO_INCREMENT=15;
--
-- AUTO_INCREMENT for table `ut_districts`
--
ALTER TABLE `ut_districts`
  MODIFY `id` int(11) NOT NULL AUTO_INCREMENT, AUTO_INCREMENT=65;
--
-- AUTO_INCREMENT for table `ut_expenses`
--
ALTER TABLE `ut_expenses`
  MODIFY `expense_row_id` int(11) NOT NULL AUTO_INCREMENT, AUTO_INCREMENT=366;
--
-- AUTO_INCREMENT for table `ut_heads`
--
ALTER TABLE `ut_heads`
  MODIFY `head_row_id` int(11) NOT NULL AUTO_INCREMENT, AUTO_INCREMENT=91;
--
-- AUTO_INCREMENT for table `ut_jakat_allocations`
--
ALTER TABLE `ut_jakat_allocations`
  MODIFY `jakat_allocation_row_id` int(11) NOT NULL AUTO_INCREMENT;
--
-- AUTO_INCREMENT for table `ut_jakat_donations`
--
ALTER TABLE `ut_jakat_donations`
  MODIFY `jakat_donation_row_id` int(11) NOT NULL AUTO_INCREMENT;
--
-- AUTO_INCREMENT for table `ut_jakat_recipients`
--
ALTER TABLE `ut_jakat_recipients`
  MODIFY `jakat_recipient_row_id` int(11) NOT NULL AUTO_INCREMENT;
--
-- AUTO_INCREMENT for table `ut_mis_applicants`
--
ALTER TABLE `ut_mis_applicants`
  MODIFY `applicant_row_id` int(11) NOT NULL AUTO_INCREMENT, AUTO_INCREMENT=416;
--
-- AUTO_INCREMENT for table `ut_mis_donations`
--
ALTER TABLE `ut_mis_donations`
  MODIFY `donation_row_id` int(11) NOT NULL AUTO_INCREMENT, AUTO_INCREMENT=417;
--
-- AUTO_INCREMENT for table `ut_mis_education_areas`
--
ALTER TABLE `ut_mis_education_areas`
  MODIFY `education_area_row_id` int(11) NOT NULL AUTO_INCREMENT, AUTO_INCREMENT=4;
--
-- AUTO_INCREMENT for table `ut_mis_education_exams`
--
ALTER TABLE `ut_mis_education_exams`
  MODIFY `education_exam_row_id` int(11) NOT NULL AUTO_INCREMENT, AUTO_INCREMENT=5;
--
-- AUTO_INCREMENT for table `ut_mis_education_grades`
--
ALTER TABLE `ut_mis_education_grades`
  MODIFY `education_grade_row_id` int(11) NOT NULL AUTO_INCREMENT, AUTO_INCREMENT=9;
--
-- AUTO_INCREMENT for table `ut_mis_education_institutes`
--
ALTER TABLE `ut_mis_education_institutes`
  MODIFY `education_institute_row_id` int(11) NOT NULL AUTO_INCREMENT, AUTO_INCREMENT=14;
--
-- AUTO_INCREMENT for table `ut_mis_education_results`
--
ALTER TABLE `ut_mis_education_results`
  MODIFY `education_result_row_id` int(11) NOT NULL AUTO_INCREMENT, AUTO_INCREMENT=1081;
--
-- AUTO_INCREMENT for table `ut_mis_expense_items`
--
ALTER TABLE `ut_mis_expense_items`
  MODIFY `expense_item_row_id` int(11) NOT NULL AUTO_INCREMENT, AUTO_INCREMENT=12;
--
-- AUTO_INCREMENT for table `ut_mis_free_medicine_items`
--
ALTER TABLE `ut_mis_free_medicine_items`
  MODIFY `free_medicine_item_row_id` int(11) NOT NULL AUTO_INCREMENT, AUTO_INCREMENT=3;
--
-- AUTO_INCREMENT for table `ut_mis_hospitals`
--
ALTER TABLE `ut_mis_hospitals`
  MODIFY `hospital_row_id` int(11) NOT NULL AUTO_INCREMENT, AUTO_INCREMENT=8;
--
-- AUTO_INCREMENT for table `ut_mis_hospital_expenses`
--
ALTER TABLE `ut_mis_hospital_expenses`
  MODIFY `hospital_expense_row_id` int(11) NOT NULL AUTO_INCREMENT, AUTO_INCREMENT=946;
--
-- AUTO_INCREMENT for table `ut_mis_hospital_free_medicines`
--
ALTER TABLE `ut_mis_hospital_free_medicines`
  MODIFY `hospital_free_medicine_row_id` int(11) NOT NULL AUTO_INCREMENT, AUTO_INCREMENT=57;
--
-- AUTO_INCREMENT for table `ut_mis_hospital_incomes`
--
ALTER TABLE `ut_mis_hospital_incomes`
  MODIFY `hospital_income_row_id` int(11) NOT NULL AUTO_INCREMENT, AUTO_INCREMENT=1709;
--
-- AUTO_INCREMENT for table `ut_mis_hospital_pathologies`
--
ALTER TABLE `ut_mis_hospital_pathologies`
  MODIFY `hospital_pathology_row_id` int(11) NOT NULL AUTO_INCREMENT, AUTO_INCREMENT=615;
--
-- AUTO_INCREMENT for table `ut_mis_hospital_patients`
--
ALTER TABLE `ut_mis_hospital_patients`
  MODIFY `hospital_patient_row_id` int(11) NOT NULL AUTO_INCREMENT, AUTO_INCREMENT=1006;
--
-- AUTO_INCREMENT for table `ut_mis_income_items`
--
ALTER TABLE `ut_mis_income_items`
  MODIFY `income_item_row_id` int(11) NOT NULL AUTO_INCREMENT, AUTO_INCREMENT=12;
--
-- AUTO_INCREMENT for table `ut_mis_pathology_items`
--
ALTER TABLE `ut_mis_pathology_items`
  MODIFY `pathology_item_row_id` int(11) NOT NULL AUTO_INCREMENT, AUTO_INCREMENT=9;
--
-- AUTO_INCREMENT for table `ut_mis_patient_types`
--
ALTER TABLE `ut_mis_patient_types`
  MODIFY `patient_type_row_id` int(11) NOT NULL AUTO_INCREMENT, AUTO_INCREMENT=9;
--
-- AUTO_INCREMENT for table `ut_mis_reliefs`
--
ALTER TABLE `ut_mis_reliefs`
  MODIFY `relief_row_id` int(11) NOT NULL AUTO_INCREMENT, AUTO_INCREMENT=2;
--
-- AUTO_INCREMENT for table `ut_mis_relief_areas`
--
ALTER TABLE `ut_mis_relief_areas`
  MODIFY `relief_area_row_id` int(11) NOT NULL AUTO_INCREMENT, AUTO_INCREMENT=7;
--
-- AUTO_INCREMENT for table `ut_mis_tree_plantations`
--
ALTER TABLE `ut_mis_tree_plantations`
  MODIFY `tree_plantation_row_id` int(11) NOT NULL AUTO_INCREMENT;
--
-- AUTO_INCREMENT for table `ut_project_heads`
--
ALTER TABLE `ut_project_heads`
  MODIFY `project_head_row_id` int(11) NOT NULL AUTO_INCREMENT, AUTO_INCREMENT=40;
--
-- AUTO_INCREMENT for table `ut_upazila`
--
ALTER TABLE `ut_upazila`
  MODIFY `id` int(11) NOT NULL AUTO_INCREMENT, AUTO_INCREMENT=514;
--
-- AUTO_INCREMENT for table `ut_users`
--
ALTER TABLE `ut_users`
  MODIFY `id` int(10) UNSIGNED NOT NULL AUTO_INCREMENT, AUTO_INCREMENT=7;
/*!40101 SET CHARACTER_SET_CLIENT=@OLD_CHARACTER_SET_CLIENT */;
/*!40101 SET CHARACTER_SET_RESULTS=@OLD_CHARACTER_SET_RESULTS */;
/*!40101 SET COLLATION_CONNECTION=@OLD_COLLATION_CONNECTION */;
